# https://github.com/mikedh/trimesh
v -0.00558184 -0.04641319 -0.09151363
v -0.00575650 -0.04668638 -0.09140719
v -0.00296063 -0.04682319 -0.09122288
v -0.00340400 -0.04569000 -0.09147300
v -0.00394941 -0.04731884 -0.09081556
v -0.00226563 -0.04737813 -0.09075862
v -0.00220875 -0.04753412 -0.09042400
v -0.00218450 -0.04663075 -0.09129869
v -0.00501800 -0.04515200 -0.09158300
v -0.00301450 -0.04568200 -0.09145800
v -0.00236700 -0.04576350 -0.09143050
v -0.00185625 -0.04580600 -0.09141725
v -0.00285644 -0.04204528 -0.09160888
v -0.00051838 -0.04746538 -0.09066787
v 0.00110225 -0.04745200 -0.09074700
v 0.00151700 -0.04617000 -0.09129850
v 0.00107225 -0.04681031 -0.09118450
v 0.00066750 -0.04761488 -0.09045625
v 0.00080275 -0.04777062 -0.08955200
v -0.00134625 -0.04584900 -0.09140725
v -0.00084937 -0.04585125 -0.09139500
v 0.00033200 -0.04577700 -0.09136100
v 0.00136500 -0.04623100 -0.09129800
v 0.00249350 -0.04616450 -0.09126050
v 0.00278300 -0.04624300 -0.09124400
v -0.00066600 -0.03773900 -0.09179200
v 0.00360050 -0.04095150 -0.09152450
v 0.00690486 -0.04730727 -0.09076072
v 0.00590300 -0.04766875 -0.09045675
v 0.00466153 -0.04692069 -0.09102441
v 0.00326275 -0.04715638 -0.09094844
v 0.00467950 -0.04627300 -0.09115800
v 0.00457475 -0.04624950 -0.09116575
v 0.00825847 -0.04704156 -0.09085162
v 0.00214200 -0.04753462 -0.09070312
v 0.00255062 -0.04770637 -0.09034619
v 0.00410244 -0.04808375 -0.08846011
v 0.00394341 -0.04787163 -0.08933634
v 0.00540050 -0.04783975 -0.09012350
v 0.00421812 -0.04767787 -0.09044450
v 0.00768750 -0.04796900 -0.08982250
v 0.00784450 -0.04781925 -0.09023837
v 0.00997797 -0.04795669 -0.09011669
v 0.00889500 -0.04801900 -0.08988775
v 0.00788984 -0.04802681 -0.08911366
v 0.00739248 -0.04830602 -0.08752795
v 0.00986291 -0.04828494 -0.08817378
v 0.00659800 -0.04649200 -0.09105000
v 0.00733800 -0.04631775 -0.09103800
v 0.00690200 -0.04384000 -0.09123200
v 0.00795175 -0.04637200 -0.09100325
v 0.00916800 -0.04622300 -0.09094600
v 0.01048863 -0.04738175 -0.09060616
v 0.01079700 -0.04674900 -0.09078900
v 0.01051500 -0.04660450 -0.09082500
v 0.01550891 -0.04734306 -0.09046237
v 0.01365100 -0.04758625 -0.09041900
v 0.01466533 -0.04810675 -0.08999111
v 0.01554469 -0.04835469 -0.08964325
v 0.01692113 -0.04771759 -0.09027544
v 0.01693975 -0.04851975 -0.08952800
v 0.01728587 -0.04837563 -0.08977650
v 0.01791900 -0.04847800 -0.08912900
v 0.01426400 -0.04684000 -0.09061200
v 0.01654200 -0.04657300 -0.09054500
v 0.01856391 -0.04290391 -0.09067922
v 0.01911675 -0.04709075 -0.09047525
v 0.01879400 -0.04761956 -0.09032437
v 0.01738650 -0.04673800 -0.09051800
v 0.01899850 -0.04704650 -0.09047750
v 0.01088091 -0.04815081 -0.08902125
v 0.01194337 -0.04815825 -0.08972725
v 0.01188431 -0.04837731 -0.08780656
v 0.00914900 -0.04840425 -0.08679300
v 0.01613100 -0.04838600 -0.08846900
v 0.01307600 -0.04841750 -0.08557025
v 0.01167137 -0.04783688 -0.09025113
v 0.01208000 -0.04712863 -0.09065625
v 0.01189800 -0.04653000 -0.09075900
v 0.01278319 -0.04812612 -0.08991562
v 0.01488912 -0.04834562 -0.08940613
v 0.01252900 -0.04666500 -0.09071800
v 0.01299950 -0.04664100 -0.09069950
v 0.01414931 -0.04830337 -0.08876763
v 0.01231737 -0.04315581 -0.09097912
v 0.01347000 -0.04661700 -0.09068100
v 0.01749975 -0.04834300 -0.08686350
v 0.01742412 -0.04832356 -0.08500119
v 0.00688463 -0.03799600 -0.09155563
v 0.01004056 -0.04004221 -0.09129421
v 0.00781162 -0.03273121 -0.09176702
v 0.01034673 -0.03513822 -0.09153418
v 0.01429061 -0.03594247 -0.09128277
v 0.01981900 -0.04366050 -0.09062600
v 0.01983400 -0.04444350 -0.09060250
v 0.01576442 -0.04090474 -0.09093762
v 0.01790846 -0.03919468 -0.09092541
v 0.02003450 -0.04092050 -0.09069050
v 0.01970900 -0.04160000 -0.09068700
v 0.01876550 -0.03708744 -0.09097725
v 0.02002550 -0.03979600 -0.09073300
v 0.02001875 -0.03976875 -0.09073750
v 0.02063475 -0.04002859 -0.09060150
v 0.01989500 -0.03837225 -0.09079900
v 0.01988100 -0.03800700 -0.09081000
v 0.01401475 -0.03188713 -0.09154487
v 0.01734300 -0.03435700 -0.09122000
v 0.02018300 -0.03720500 -0.09078900
v 0.02087575 -0.03767281 -0.09058837
v 0.02003800 -0.03546950 -0.09088700
v 0.02095400 -0.03514050 -0.09064075
v 0.02118977 -0.03628633 -0.09043462
v 0.02028138 -0.03383138 -0.09089575
v 0.01837425 -0.03425631 -0.09113813
v 0.02025250 -0.03398050 -0.09089600
v 0.01749538 -0.02854075 -0.09150181
v 0.01906248 -0.02942168 -0.09124707
v 0.02031425 -0.03285625 -0.09091750
v 0.02149475 -0.03365063 -0.09030831
v 0.02127013 -0.03381225 -0.09051262
v 0.02107262 -0.03198687 -0.09070263
v 0.02013350 -0.03204100 -0.09097350
v 0.02042400 -0.03110900 -0.09094150
v 0.02172594 -0.03219050 -0.09007544
v 0.02143653 -0.03009563 -0.09053453
v 0.02200264 -0.03181158 -0.08949177
v 0.02191141 -0.02850337 -0.09001825
v -0.01631850 -0.04677066 -0.07137203
v -0.01590169 -0.04696881 -0.07404294
v -0.01583756 -0.04693675 -0.07103687
v -0.01537363 -0.04705050 -0.07256812
v -0.01668750 -0.04648594 -0.07157194
v -0.01419000 -0.04712000 -0.06995500
v -0.01414063 -0.04706362 -0.07093088
v -0.01700850 -0.04610175 -0.07098950
v -0.01730100 -0.04568281 -0.06898994
v -0.01709681 -0.04613825 -0.06877044
v -0.01665681 -0.04663069 -0.06676694
v -0.01620762 -0.04680856 -0.06742506
v -0.01542719 -0.04697381 -0.06946031
v -0.01372650 -0.04703900 -0.06689125
v -0.01313675 -0.04710325 -0.06936500
v -0.01254950 -0.04717050 -0.06775150
v -0.01145906 -0.04725616 -0.06776147
v -0.01695097 -0.04635444 -0.06727066
v -0.01730469 -0.04583931 -0.06711050
v -0.01566525 -0.04691500 -0.06686925
v -0.01745209 -0.04555300 -0.06545116
v -0.01747469 -0.04500725 -0.06767175
v -0.01760769 -0.04517516 -0.06362856
v -0.01645794 -0.04673631 -0.06526237
v -0.01576075 -0.04691125 -0.06431238
v -0.01729931 -0.04597897 -0.06377284
v -0.01695297 -0.04642253 -0.06318631
v -0.01650769 -0.04671477 -0.06313173
v -0.01710203 -0.04632875 -0.06011053
v -0.01755919 -0.04571544 -0.06156006
v -0.01744194 -0.04600613 -0.05971031
v -0.01780400 -0.04356900 -0.06356900
v -0.01775743 -0.04535198 -0.05959979
v -0.01213325 -0.04721300 -0.06528425
v -0.01300534 -0.04707755 -0.06284917
v -0.01477672 -0.04694287 -0.06369422
v -0.01427300 -0.04701500 -0.06169400
v -0.00749275 -0.04757025 -0.06481450
v -0.01084328 -0.04725903 -0.06278103
v -0.00775705 -0.04752327 -0.06327024
v -0.01622975 -0.04678644 -0.06158363
v -0.01688616 -0.04652450 -0.05815794
v -0.01474625 -0.04684216 -0.05785894
v -0.01583150 -0.04682875 -0.05996800
v -0.01425400 -0.04695175 -0.05960225
v -0.01366272 -0.04694406 -0.05833722
v -0.01090704 -0.04722809 -0.05981052
v -0.00825025 -0.04748150 -0.06095900
v -0.01249900 -0.04710788 -0.05968425
v -0.00794012 -0.04746712 -0.05704500
v -0.00432925 -0.04778125 -0.06096375
v -0.00499112 -0.04769934 -0.05892753
v -0.00619566 -0.04760797 -0.05790713
v -0.00174100 -0.04789750 -0.05812425
v -0.01672300 -0.04632600 -0.09143500
v -0.01681100 -0.04655450 -0.09092000
v -0.01710200 -0.04590275 -0.09114650
v -0.01711287 -0.04594587 -0.09072000
v -0.01688162 -0.04566387 -0.09146025
v -0.01714250 -0.04494450 -0.09129725
v -0.01729150 -0.04414544 -0.09095200
v -0.01629775 -0.04634675 -0.09153750
v -0.01655600 -0.04664800 -0.09129000
v -0.01584237 -0.04688038 -0.09126988
v -0.01510575 -0.04688150 -0.09137300
v -0.01573862 -0.04701950 -0.09032750
v -0.01428425 -0.04704100 -0.09108050
v -0.01637800 -0.04593500 -0.09159100
v -0.01514650 -0.04643750 -0.09159512
v -0.01522000 -0.04592275 -0.09165900
v -0.01529675 -0.04597275 -0.09165400
v -0.01366300 -0.04619000 -0.09182000
v -0.01636713 -0.04690037 -0.09034181
v -0.01690075 -0.04330525 -0.09148800
v -0.01718600 -0.04367463 -0.09129087
v -0.01626144 -0.04232594 -0.09160744
v -0.01376750 -0.04557375 -0.09192325
v -0.01402100 -0.04568350 -0.09188950
v -0.01447150 -0.04455825 -0.09186150
v -0.01497800 -0.04259431 -0.09171762
v -0.01534261 -0.04270825 -0.09165881
v -0.01606584 -0.04684356 -0.08823384
v -0.01640875 -0.04646306 -0.08684838
v -0.01671828 -0.04603187 -0.08501169
v -0.01692613 -0.04537250 -0.08950375
v -0.01733400 -0.04350675 -0.09010862
v -0.01637463 -0.04664925 -0.08915256
v -0.01675775 -0.04584750 -0.08883750
v -0.01562050 -0.04706675 -0.08925600
v -0.01662325 -0.04612000 -0.08803075
v -0.01718531 -0.04331781 -0.08912481
v -0.01731975 -0.04262050 -0.09116225
v -0.01705319 -0.04166538 -0.09140006
v -0.01751781 -0.04179569 -0.09057494
v -0.01754612 -0.04172012 -0.09008575
v -0.01685688 -0.04529869 -0.08691378
v -0.01713863 -0.04321038 -0.08781256
v -0.01733181 -0.04239297 -0.08477619
v -0.01744425 -0.04112013 -0.08872600
v -0.01431384 -0.04095912 -0.09194073
v -0.01351400 -0.04546400 -0.09195700
v -0.01375534 -0.03935472 -0.09206778
v -0.01214396 -0.03700608 -0.09215654
v -0.01303500 -0.03617763 -0.09216191
v -0.01753750 -0.04021637 -0.09084287
v -0.01740687 -0.03849791 -0.09106809
v -0.01713863 -0.03752888 -0.09129900
v -0.01767688 -0.03980087 -0.09041300
v -0.01761825 -0.03811788 -0.09067472
v -0.01775425 -0.03864294 -0.08920144
v -0.01668675 -0.04079737 -0.09155663
v -0.01729694 -0.04100581 -0.09118838
v -0.01627322 -0.03888744 -0.09163262
v -0.01474788 -0.03895925 -0.09179512
v -0.01517019 -0.03665453 -0.09171250
v -0.01681900 -0.03772594 -0.09149769
v -0.01606872 -0.03394819 -0.09164550
v -0.01757462 -0.03636794 -0.09070512
v -0.01778869 -0.03526384 -0.08996191
v -0.01690856 -0.03450306 -0.09137163
v -0.01734062 -0.03474147 -0.09096769
v -0.01653331 -0.03406488 -0.09154794
v -0.01464150 -0.03542844 -0.09179181
v -0.01603175 -0.03649175 -0.09168175
v -0.01401800 -0.03699475 -0.09203769
v -0.01350000 -0.03505325 -0.09213313
v -0.01689600 -0.04559100 -0.08399238
v -0.01726950 -0.04350788 -0.08254950
v -0.01736597 -0.04261563 -0.08155400
v -0.01759487 -0.04107275 -0.08158100
v -0.01770300 -0.03937112 -0.08370725
v -0.01781812 -0.03975400 -0.07996781
v -0.01778625 -0.04015125 -0.07870325
v -0.01771347 -0.03891244 -0.08772119
v -0.01791100 -0.03781200 -0.08567800
v -0.01803800 -0.03637700 -0.08592850
v -0.01802137 -0.03374650 -0.08816000
v -0.01810019 -0.03451912 -0.08714612
v -0.01747491 -0.03201366 -0.09067666
v -0.01799864 -0.03110595 -0.08842366
v -0.01826650 -0.03348250 -0.08510850
v -0.01790450 -0.03821700 -0.08267900
v -0.01785200 -0.03761300 -0.08372500
v -0.01808437 -0.03526250 -0.08365475
v -0.01788463 -0.03876672 -0.08079800
v -0.01798700 -0.03803350 -0.08059150
v -0.01824563 -0.03452375 -0.08240500
v -0.01829513 -0.03249887 -0.08384675
v -0.01851775 -0.03076925 -0.08247875
v -0.01721912 -0.03173619 -0.09101466
v -0.01655987 -0.03061769 -0.09148219
v -0.01680412 -0.02999400 -0.09131291
v -0.01606125 -0.03043500 -0.09162587
v -0.01493416 -0.03174947 -0.09171256
v -0.01400837 -0.03379612 -0.09202575
v -0.01349688 -0.03134750 -0.09214725
v -0.01273500 -0.03048400 -0.09224500
v -0.01182219 -0.03017787 -0.09225919
v -0.01439675 -0.03048700 -0.09180362
v -0.01382231 -0.03020459 -0.09206250
v -0.01522412 -0.02792788 -0.09169045
v -0.01423600 -0.02822550 -0.09183550
v -0.01337941 -0.02713847 -0.09216369
v -0.01274994 -0.02497350 -0.09225875
v -0.01371687 -0.02539850 -0.09204800
v -0.01195813 -0.02518800 -0.09230188
v -0.01103750 -0.02376175 -0.09232950
v -0.01772141 -0.03263047 -0.09003891
v -0.01747550 -0.02981500 -0.09057450
v -0.01764581 -0.02947925 -0.09001800
v -0.01835375 -0.03024475 -0.08583488
v -0.01794263 -0.02809556 -0.08848913
v -0.01645012 -0.02788550 -0.09146262
v -0.01722706 -0.02789619 -0.09083069
v -0.01623600 -0.02657100 -0.09154200
v -0.01673672 -0.02532831 -0.09120869
v -0.01417588 -0.02549650 -0.09181312
v -0.01748000 -0.02597931 -0.09018300
v -0.01730481 -0.02594531 -0.09059212
v -0.01763366 -0.02534244 -0.08958453
v -0.01840413 -0.02999238 -0.08414400
v -0.01840575 -0.02985625 -0.08512200
v -0.01838025 -0.02415650 -0.08581125
v -0.01802700 -0.02294500 -0.08761400
v -0.01843350 -0.02590275 -0.08539425
v -0.01847350 -0.02691900 -0.08424828
v -0.01719325 -0.02283106 -0.09059522
v -0.01696872 -0.02309859 -0.09093906
v -0.01657731 -0.01845353 -0.09114648
v -0.01639913 -0.02004306 -0.09134994
v -0.01601450 -0.01900669 -0.09153137
v -0.01740112 -0.02116925 -0.08992175
v -0.01758275 -0.01845288 -0.08895187
v -0.01716025 -0.01838881 -0.09028359
v -0.01691466 -0.01831569 -0.09074734
v -0.01831800 -0.01870500 -0.08570900
v -0.01749913 -0.01520512 -0.08888350
v -0.01790447 -0.01699144 -0.08724019
v -0.01574350 -0.02507806 -0.09162972
v -0.01613169 -0.02261188 -0.09152825
v -0.01468578 -0.02282623 -0.09172048
v -0.01555575 -0.02189291 -0.09165403
v -0.01318794 -0.02197687 -0.09218416
v -0.01413528 -0.02263863 -0.09181538
v -0.01644056 -0.02215575 -0.09135688
v -0.01335644 -0.02024994 -0.09212406
v -0.01192600 -0.02015700 -0.09233400
v -0.01421611 -0.01834975 -0.09178127
v -0.01378969 -0.01952856 -0.09190394
v -0.01532669 -0.01848088 -0.09168469
v -0.01561450 -0.01656525 -0.09162803
v -0.00409200 -0.01873800 -0.09236700
v -0.01837325 -0.02136663 -0.08565694
v -0.01796925 -0.03884950 -0.07666963
v -0.01807369 -0.03783412 -0.07722131
v -0.01840550 -0.03385081 -0.08024012
v -0.01838750 -0.03428941 -0.07853392
v -0.01819275 -0.03694550 -0.07495194
v -0.01851075 -0.03358025 -0.07689450
v -0.01857400 -0.03158400 -0.08062100
v -0.01861250 -0.03316850 -0.07413800
v -0.01867100 -0.03163200 -0.07719900
v -0.01884256 -0.02987172 -0.07509041
v -0.01886975 -0.02850300 -0.07734900
v -0.01827169 -0.03700819 -0.07150156
v -0.01868188 -0.03264863 -0.07263100
v -0.01866050 -0.03356350 -0.07064150
v -0.01891325 -0.02969281 -0.07279275
v -0.01895950 -0.02996850 -0.07125725
v -0.01920250 -0.02730300 -0.06949850
v -0.01905231 -0.02980153 -0.06834062
v -0.01904644 -0.03021750 -0.06692719
v -0.01935725 -0.02577175 -0.06713363
v -0.01858600 -0.02862550 -0.08280150
v -0.01889200 -0.02605550 -0.08010300
v -0.01849728 -0.02461456 -0.08417194
v -0.01881300 -0.02541050 -0.08136200
v -0.01871600 -0.02188425 -0.08276375
v -0.01886425 -0.02176175 -0.08148350
v -0.01894550 -0.02612200 -0.07832800
v -0.01901553 -0.02612300 -0.07660341
v -0.01896227 -0.02310963 -0.08002306
v -0.01908137 -0.02328384 -0.07782631
v -0.01841762 -0.01765469 -0.08428875
v -0.01816575 -0.01428225 -0.08581550
v -0.01833394 -0.01443312 -0.08436013
v -0.01864625 -0.01841838 -0.08304438
v -0.01877308 -0.01436039 -0.08175702
v -0.01856625 -0.01264250 -0.08294962
v -0.01895325 -0.01533925 -0.08037100
v -0.01849788 -0.02140975 -0.08405700
v -0.01901526 -0.01929414 -0.07972179
v -0.01910375 -0.02612878 -0.07448328
v -0.01914391 -0.02669700 -0.07193834
v -0.01926900 -0.02290287 -0.07314400
v -0.01920700 -0.02284650 -0.07530500
v -0.01919075 -0.01887975 -0.07739550
v -0.01932000 -0.02017800 -0.07453600
v -0.01935000 -0.02513600 -0.06908600
v -0.01946137 -0.01916094 -0.07180250
v -0.01941300 -0.02174275 -0.07059600
v -0.01951555 -0.02186956 -0.06818122
v -0.01897262 -0.01361475 -0.07971063
v -0.01914063 -0.01505737 -0.07806306
v -0.01937125 -0.01572775 -0.07465750
v -0.01926750 -0.01479350 -0.07598400
v -0.01913463 -0.01072000 -0.07767450
v -0.01940562 -0.01782587 -0.07316863
v -0.01942278 -0.01353437 -0.07328853
v -0.01951875 -0.01461762 -0.07182587
v -0.01935625 -0.01044600 -0.07454175
v -0.01146113 -0.04652872 -0.09170947
v -0.01320359 -0.04692300 -0.09130303
v -0.01123856 -0.04700831 -0.09133281
v -0.01270700 -0.04714238 -0.09085925
v -0.01015303 -0.04716834 -0.09110131
v -0.01278000 -0.04570500 -0.09193900
v -0.01151150 -0.04555850 -0.09193975
v -0.01001400 -0.04540850 -0.09187300
v -0.00958800 -0.04594000 -0.09188000
v -0.01026300 -0.04555875 -0.09188900
v -0.01051200 -0.04570900 -0.09190500
v -0.01448500 -0.04728000 -0.08931900
v -0.01239500 -0.04745700 -0.08939900
v -0.01108673 -0.04746317 -0.08939978
v -0.01324131 -0.04732644 -0.08768700
v -0.01273677 -0.04289605 -0.09203762
v -0.00894350 -0.04698925 -0.09142425
v -0.00766637 -0.04718519 -0.09105200
v -0.00835453 -0.04660122 -0.09164791
v -0.00833863 -0.04630112 -0.09174650
v -0.00839112 -0.04730963 -0.09067700
v -0.00867000 -0.04735900 -0.09014525
v -0.00607600 -0.04724850 -0.09098200
v -0.00580063 -0.04739475 -0.09067981
v -0.00843138 -0.04758287 -0.08922425
v -0.00865058 -0.04765503 -0.08814923
v -0.01576806 -0.04693075 -0.08691925
v -0.01489481 -0.04714156 -0.08743894
v -0.01447438 -0.04718187 -0.08602450
v -0.01608437 -0.04677094 -0.08553263
v -0.01239888 -0.04734475 -0.08540363
v -0.01356450 -0.04721500 -0.08408300
v -0.01014469 -0.04753809 -0.08388633
v -0.00962262 -0.04759563 -0.08577287
v -0.00932206 -0.04757203 -0.08481478
v -0.00582575 -0.04747925 -0.08999313
v -0.00437850 -0.04750350 -0.09027425
v -0.00423916 -0.04783886 -0.08845916
v -0.00217850 -0.04766050 -0.08962250
v -0.00715200 -0.04780100 -0.08587500
v -0.00389763 -0.04796406 -0.08642331
v -0.00125959 -0.04787835 -0.08887027
v 0.00070381 -0.04808456 -0.08785994
v 0.00134900 -0.04820500 -0.08660700
v -0.00076813 -0.04814725 -0.08566113
v -0.00571378 -0.04782488 -0.08469744
v -0.00597688 -0.04786175 -0.08345200
v -0.00897300 -0.04763100 -0.08253925
v -0.00256556 -0.04803278 -0.08475116
v -0.00383700 -0.04800550 -0.08335750
v 0.00087900 -0.04820700 -0.08446600
v -0.00099569 -0.04816270 -0.08198761
v -0.01046975 -0.04209748 -0.09194671
v -0.00847800 -0.04525550 -0.09177600
v -0.00875700 -0.04534200 -0.09179400
v -0.00681500 -0.04503500 -0.09167900
v -0.00704500 -0.04367375 -0.09170625
v -0.00711800 -0.04518300 -0.09169400
v -0.00535600 -0.04527500 -0.09160100
v -0.00528900 -0.04519075 -0.09159775
v -0.00850072 -0.04081816 -0.09186148
v -0.00643919 -0.04034181 -0.09178237
v -0.01027575 -0.03747248 -0.09208177
v -0.00586937 -0.03731537 -0.09188238
v -0.01646625 -0.04641441 -0.08367897
v -0.01584463 -0.04690612 -0.08459894
v -0.01555537 -0.04704450 -0.08174687
v -0.01613800 -0.04673937 -0.08313113
v -0.01583881 -0.04690863 -0.08238506
v -0.01260231 -0.04732562 -0.08354234
v -0.01378269 -0.04722425 -0.08183737
v -0.01683023 -0.04589756 -0.08149273
v -0.01625463 -0.04668294 -0.08049809
v -0.01518300 -0.04713600 -0.08163200
v -0.01150434 -0.04742716 -0.07997528
v -0.01300369 -0.04725262 -0.08074175
v -0.01058100 -0.04749800 -0.07966400
v -0.01593950 -0.04690900 -0.07945512
v -0.01671863 -0.04619112 -0.07970875
v -0.01623856 -0.04675178 -0.07863150
v -0.01554278 -0.04702452 -0.07779658
v -0.01519619 -0.04708594 -0.07717269
v -0.01697701 -0.04567379 -0.07930825
v -0.01729962 -0.04372444 -0.07997775
v -0.01666369 -0.04637719 -0.07758619
v -0.01601625 -0.04690581 -0.07625337
v -0.01403141 -0.04713813 -0.07744181
v -0.01229933 -0.04730659 -0.07602923
v -0.01092322 -0.04742145 -0.07631970
v -0.01747709 -0.04282025 -0.07635356
v -0.00764234 -0.04770875 -0.07807161
v -0.00597050 -0.04786475 -0.07951350
v -0.00292872 -0.04804241 -0.07873264
v -0.00881331 -0.04758047 -0.07547793
v -0.00615600 -0.04778300 -0.07491800
v -0.00459050 -0.04790906 -0.07639219
v -0.00271712 -0.04797925 -0.07460037
v 0.00329500 -0.04830175 -0.08545550
v 0.00434550 -0.04829675 -0.08425937
v 0.00205900 -0.04828150 -0.08216750
v 0.00369400 -0.04830900 -0.07952000
v 0.00567300 -0.04836800 -0.08115700
v 0.00485781 -0.04830119 -0.08657613
v 0.00899544 -0.04841375 -0.08472375
v 0.00876725 -0.04838125 -0.08397388
v 0.01140767 -0.04837530 -0.08366169
v 0.01398513 -0.04835337 -0.08406413
v 0.01619825 -0.04827231 -0.08224406
v 0.01404097 -0.04828623 -0.08035389
v 0.00857800 -0.04838187 -0.08080700
v 0.01079537 -0.04837450 -0.08074075
v 0.00774175 -0.04834112 -0.07858356
v 0.01549749 -0.04825401 -0.07946997
v 0.01180352 -0.04829873 -0.07813926
v 0.01466734 -0.04822094 -0.07775416
v -0.00084720 -0.04812886 -0.07753241
v 0.00397875 -0.04824525 -0.07564125
v 0.00236536 -0.04814623 -0.07335484
v 0.00691800 -0.04825694 -0.07535744
v -0.00088250 -0.04804800 -0.07417050
v 0.00539800 -0.04818962 -0.07316612
v -0.00077837 -0.04797350 -0.06892012
v 0.00970875 -0.04825163 -0.07613856
v 0.00859738 -0.04817375 -0.07343912
v 0.01140587 -0.04821825 -0.07499525
v 0.01348700 -0.04809600 -0.07173100
v 0.01117016 -0.04809120 -0.07055386
v 0.01346025 -0.04820400 -0.07552200
v -0.00722466 -0.03602347 -0.09199438
v -0.00866850 -0.03417625 -0.09212575
v -0.00510953 -0.03466756 -0.09199409
v -0.00383662 -0.03151763 -0.09211838
v -0.00593900 -0.03022175 -0.09220675
v 0.00326038 -0.03514994 -0.09180769
v 0.00138287 -0.03202813 -0.09198837
v -0.00577213 -0.02624125 -0.09229262
v -0.00055750 -0.02804100 -0.09218600
v -0.00345800 -0.02414800 -0.09232000
v -0.00031925 -0.02563275 -0.09224975
v 0.00266600 -0.02706663 -0.09215838
v 0.00479650 -0.02999138 -0.09197687
v 0.00369900 -0.02928100 -0.09206100
v 0.00595850 -0.02907450 -0.09191750
v 0.00737766 -0.02891916 -0.09191259
v 0.00614250 -0.02749619 -0.09199662
v 0.00563200 -0.02611450 -0.09212600
v 0.00323100 -0.02549400 -0.09213900
v 0.00096200 -0.02543500 -0.09219100
v 0.00107275 -0.02304775 -0.09228125
v 0.01015384 -0.03054498 -0.09177134
v 0.00979112 -0.02958231 -0.09178541
v 0.00920575 -0.02826756 -0.09192500
v 0.01169550 -0.02796500 -0.09185600
v 0.00820650 -0.02754300 -0.09198450
v 0.01197613 -0.02630181 -0.09185244
v 0.01267500 -0.03018500 -0.09163700
v 0.01538363 -0.02832300 -0.09168650
v 0.01342600 -0.02732250 -0.09175800
v -0.01638353 -0.04670328 -0.07493569
v -0.01697362 -0.04593219 -0.07678350
v -0.01718266 -0.04542506 -0.07448666
v -0.01694616 -0.04607322 -0.07433784
v -0.01718200 -0.04507700 -0.07664300
v -0.01747775 -0.04363991 -0.07276438
v -0.01465438 -0.04709025 -0.07416544
v -0.01321975 -0.04714250 -0.07222975
v -0.01773188 -0.04107150 -0.07646850
v -0.01713763 -0.04581788 -0.07230800
v -0.01730637 -0.04517388 -0.07116141
v -0.01764075 -0.04240475 -0.07110587
v -0.01759450 -0.04361516 -0.06940453
v -0.01773800 -0.04118900 -0.07377725
v -0.01787986 -0.04082256 -0.07053902
v -0.01803052 -0.03899055 -0.07302756
v -0.01821214 -0.03794214 -0.07087246
v -0.01083675 -0.04737275 -0.07380200
v -0.00874100 -0.04752925 -0.07179675
v -0.01207575 -0.04726025 -0.07164975
v -0.01078200 -0.04730800 -0.06954300
v -0.00515655 -0.04778725 -0.07238808
v -0.00750838 -0.04759137 -0.07032950
v -0.00681647 -0.04762363 -0.06808147
v -0.00689744 -0.04759138 -0.06648462
v -0.01783538 -0.04192925 -0.06775050
v -0.01807744 -0.03962316 -0.06936775
v -0.01810981 -0.04048156 -0.06573238
v -0.01820984 -0.03859941 -0.06835628
v -0.01840025 -0.03704925 -0.06721625
v -0.01802272 -0.04191228 -0.06289694
v -0.01835511 -0.03894416 -0.06398753
v -0.01832637 -0.03829791 -0.06657127
v -0.01869512 -0.03411719 -0.06724963
v -0.01849898 -0.03750519 -0.06385030
v -0.01881850 -0.03365000 -0.06567875
v -0.01888988 -0.03350881 -0.06363600
v -0.01865100 -0.03442300 -0.06872900
v -0.00141650 -0.04799063 -0.07145100
v -0.00355712 -0.04784744 -0.06894163
v 0.00200300 -0.04807300 -0.06982500
v -0.00358403 -0.04782617 -0.06456658
v 0.00157675 -0.04804438 -0.06530025
v 0.00015950 -0.04801300 -0.06241300
v 0.00725533 -0.04811080 -0.06915936
v 0.00417050 -0.04811425 -0.06695075
v 0.01271788 -0.04805019 -0.06763331
v 0.01020445 -0.04810220 -0.06736777
v 0.00963113 -0.04808894 -0.06487975
v 0.00275906 -0.04808575 -0.06194031
v 0.00451800 -0.04810400 -0.06274600
v 0.00748287 -0.04811838 -0.06261825
v -0.00272025 -0.04786300 -0.06274306
v 0.00294138 -0.04806031 -0.05840219
v 0.00503744 -0.04812687 -0.05987119
v 0.00726381 -0.04812450 -0.05983988
v 0.00979674 -0.04805907 -0.05886167
v 0.00376850 -0.04808350 -0.05710850
v 0.00240400 -0.04802750 -0.05534800
v 0.00986600 -0.04804550 -0.05578825
v 0.00730000 -0.04802700 -0.05258775
v -0.01807387 -0.04354437 -0.05775363
v -0.01776081 -0.04568334 -0.05638125
v -0.01787688 -0.04530331 -0.05697656
v -0.01818534 -0.04193234 -0.05888016
v -0.01825875 -0.04284275 -0.05489500
v -0.01848838 -0.04085142 -0.05486850
v -0.01733397 -0.04621369 -0.05719047
v -0.01647200 -0.04666500 -0.05767825
v -0.01686636 -0.04651911 -0.05459097
v -0.01607006 -0.04670702 -0.05548433
v -0.01361838 -0.04693488 -0.05648675
v -0.01246000 -0.04710900 -0.05768800
v -0.01150275 -0.04713000 -0.05585637
v -0.00905959 -0.04732994 -0.05522700
v -0.00956509 -0.04726963 -0.05274203
v -0.01725605 -0.04631663 -0.05446016
v -0.01754956 -0.04606541 -0.05388109
v -0.01531080 -0.04672891 -0.05360263
v -0.01793006 -0.04559753 -0.05270322
v -0.01615850 -0.04664872 -0.05237641
v -0.01738162 -0.04625003 -0.05161875
v -0.01437087 -0.04684012 -0.05343937
v -0.01365663 -0.04685388 -0.05319187
v -0.01458697 -0.04678228 -0.05093463
v -0.01260725 -0.04698475 -0.05188025
v -0.01803500 -0.04502900 -0.05459100
v -0.01811831 -0.04510506 -0.05184434
v -0.01858372 -0.04104466 -0.05199125
v -0.01696669 -0.04647284 -0.05060681
v -0.01775231 -0.04593887 -0.05026325
v -0.01807894 -0.04542681 -0.05013863
v -0.01821813 -0.04522963 -0.04871637
v -0.01749369 -0.04622163 -0.04872406
v -0.01695800 -0.04649200 -0.04874500
v -0.01807925 -0.04561478 -0.04786275
v -0.01622200 -0.04659553 -0.04856412
v -0.01282355 -0.04692798 -0.04843943
v -0.01361606 -0.04680975 -0.04808344
v -0.01550612 -0.04659287 -0.04639169
v -0.01438252 -0.04669883 -0.04468694
v -0.01842680 -0.04294180 -0.05063516
v -0.01865887 -0.04109075 -0.04939813
v -0.01781119 -0.04600125 -0.04664162
v -0.01825825 -0.04533400 -0.04653588
v -0.01839519 -0.04502019 -0.04543988
v -0.01856112 -0.04340950 -0.04638575
v -0.01823156 -0.04554244 -0.04462209
v -0.01863378 -0.04317297 -0.04435095
v -0.01741613 -0.04629262 -0.04614575
v -0.01686344 -0.04645731 -0.04423972
v -0.01342384 -0.04677769 -0.04447706
v -0.01799866 -0.04591244 -0.04339650
v -0.01754250 -0.04623836 -0.04236159
v -0.01600419 -0.04651575 -0.04218005
v -0.01548475 -0.04653438 -0.04316075
v -0.01878238 -0.04126312 -0.04594347
v -0.01882278 -0.03958856 -0.04990872
v -0.01901069 -0.03918494 -0.04556200
v -0.00340650 -0.04779600 -0.05639600
v -0.00554278 -0.04760441 -0.05353731
v -0.00186963 -0.04785100 -0.05405625
v -0.00750300 -0.04742300 -0.05129900
v -0.00883050 -0.04730475 -0.04944575
v -0.00242756 -0.04776919 -0.05013119
v -0.00581575 -0.04753206 -0.04942675
v 0.00031619 -0.04791725 -0.05179131
v -0.00092150 -0.04782725 -0.04818425
v -0.00408125 -0.04763625 -0.04776563
v 0.00440700 -0.04800800 -0.05088575
v 0.00327250 -0.04794650 -0.04694350
v -0.01171725 -0.04697975 -0.04706925
v -0.00803787 -0.04725669 -0.04292631
v -0.00628450 -0.04744981 -0.04661362
v -0.00430419 -0.04756300 -0.04484319
v -0.01176725 -0.04692763 -0.04434931
v -0.00463250 -0.04737500 -0.03716700
v -0.00146600 -0.04775900 -0.04491000
v -0.00067700 -0.04772487 -0.04271316
v 0.00125400 -0.04785900 -0.04495800
v -0.00453744 -0.04745825 -0.04084841
v -0.00281288 -0.04758153 -0.04120475
v 0.00009925 -0.04767675 -0.03806585
v -0.01792478 -0.04601356 -0.04047675
v -0.01745000 -0.04624763 -0.03902431
v -0.01664288 -0.04642781 -0.03970375
v -0.01807944 -0.04594831 -0.03703419
v -0.01839013 -0.04558475 -0.03841922
v -0.01765294 -0.04619844 -0.03712756
v -0.01691837 -0.04635594 -0.03608462
v -0.01857375 -0.04549438 -0.03549288
v -0.01779488 -0.04614156 -0.03483175
v -0.01851494 -0.04509150 -0.04237937
v -0.01893109 -0.04159487 -0.04071123
v -0.01885255 -0.04342855 -0.03856311
v -0.01704987 -0.04640025 -0.04216888
v -0.01834050 -0.04557025 -0.04234762
v -0.01842041 -0.04549363 -0.04039466
v -0.01568145 -0.04646814 -0.03890514
v -0.01898075 -0.04066775 -0.04301575
v -0.01907941 -0.03783281 -0.04707031
v -0.01920972 -0.03885698 -0.04086442
v -0.01920718 -0.03818241 -0.04304030
v -0.01860887 -0.04506456 -0.03964675
v -0.01876013 -0.04492063 -0.03665325
v -0.01902250 -0.04191469 -0.03746694
v -0.01914719 -0.04035113 -0.03926759
v -0.01937783 -0.03699345 -0.04098553
v -0.01934386 -0.03876672 -0.03795917
v -0.01814525 -0.04596703 -0.03405234
v -0.01765488 -0.04619263 -0.03240419
v -0.01870669 -0.04534000 -0.03399169
v -0.01844387 -0.04572681 -0.03286248
v -0.01889775 -0.04490281 -0.03300313
v -0.01889487 -0.04516006 -0.03076803
v -0.01923266 -0.04272884 -0.03037577
v -0.01907041 -0.04473813 -0.02902053
v -0.01867400 -0.04556169 -0.03017469
v -0.01937875 -0.04296222 -0.02693031
v -0.01904375 -0.04317319 -0.03433744
v -0.01922900 -0.04183500 -0.03224700
v -0.01926900 -0.04027500 -0.03583000
v -0.01936575 -0.04052175 -0.03300300
v -0.01944250 -0.03789050 -0.03631750
v -0.01950217 -0.03688194 -0.03771912
v -0.01965025 -0.03659741 -0.03373500
v -0.01952100 -0.03945213 -0.03138263
v -0.01948298 -0.04077499 -0.02921304
v -0.01957221 -0.03807916 -0.03302910
v -0.01963500 -0.03799825 -0.03082400
v -0.01976284 -0.03679672 -0.03075828
v -0.01999788 -0.03362400 -0.03145063
v -0.01993131 -0.03346738 -0.03333513
v -0.01534513 -0.04649038 -0.03643475
v -0.01590894 -0.04639944 -0.03494013
v -0.01416069 -0.04656269 -0.03618437
v -0.01348725 -0.04664288 -0.03540463
v -0.01472750 -0.04659477 -0.04056703
v -0.01339084 -0.04672900 -0.04061350
v -0.01194275 -0.04680825 -0.03916650
v -0.00898112 -0.04705413 -0.03758569
v -0.01200225 -0.04670538 -0.03337350
v -0.01008525 -0.04682000 -0.03003025
v -0.00685225 -0.04718200 -0.03546000
v -0.00316425 -0.04745138 -0.03747438
v -0.00164119 -0.04753459 -0.03597456
v -0.00414809 -0.04735947 -0.03545637
v -0.00770450 -0.04704500 -0.03178550
v -0.00288000 -0.04736500 -0.03167600
v -0.00120950 -0.04747200 -0.03367450
v -0.00022750 -0.04757350 -0.03492413
v -0.01599406 -0.04636984 -0.03234725
v -0.01500212 -0.04647925 -0.03310362
v -0.01470169 -0.04643169 -0.03056719
v -0.01711341 -0.04628800 -0.03063075
v -0.01812466 -0.04602269 -0.03109650
v -0.01635331 -0.04633587 -0.03016406
v -0.01556300 -0.04644150 -0.03059000
v -0.01396675 -0.04648862 -0.02911962
v -0.01778162 -0.04617919 -0.02836200
v -0.01852894 -0.04576781 -0.02759100
v -0.01821300 -0.04600113 -0.02785737
v -0.01888500 -0.04526800 -0.02889300
v -0.01749481 -0.04620628 -0.02660231
v -0.01634937 -0.04629275 -0.02673562
v -0.01580275 -0.04636800 -0.02734600
v -0.01190381 -0.04661834 -0.02668266
v -0.01545712 -0.04632725 -0.02577975
v -0.01462212 -0.04637112 -0.02574050
v -0.01383363 -0.04646994 -0.02600188
v -0.00652275 -0.04706800 -0.02987175
v -0.00905200 -0.04681450 -0.02648750
v -0.00736950 -0.04696300 -0.02687400
v -0.01012494 -0.04670619 -0.02436725
v -0.00395562 -0.04714375 -0.02559613
v -0.00634569 -0.04696350 -0.02280663
v -0.00090450 -0.04747325 -0.03179812
v -0.00163425 -0.04732825 -0.02840025
v -0.01921550 -0.02883603 -0.06558775
v -0.01941525 -0.02619500 -0.06401694
v -0.01953375 -0.02348200 -0.06580600
v -0.01960342 -0.02256203 -0.06427178
v -0.01960944 -0.01846527 -0.06831580
v -0.01972238 -0.01782925 -0.06603112
v -0.01942166 -0.02733697 -0.06239828
v -0.01979200 -0.02296700 -0.05968700
v -0.01971284 -0.02220784 -0.06231303
v -0.01971800 -0.01950700 -0.06418250
v -0.01980947 -0.01917497 -0.06269700
v -0.01977911 -0.01619202 -0.06468752
v -0.01963675 -0.01522600 -0.06904900
v -0.01967225 -0.01462425 -0.06765788
v -0.01956263 -0.01232356 -0.07062412
v -0.01948900 -0.01066573 -0.07227817
v -0.01964200 -0.01038900 -0.06931000
v -0.01978059 -0.01222894 -0.06596791
v -0.01991602 -0.01589364 -0.06175730
v -0.01985887 -0.01279231 -0.06372087
v -0.01966188 -0.00846538 -0.06780594
v -0.01994494 -0.01927803 -0.05883765
v -0.01990575 -0.02084138 -0.05783450
v -0.01992869 -0.01781562 -0.06047338
v -0.02009350 -0.01755300 -0.05608850
v -0.02007574 -0.01366487 -0.05771201
v -0.02013344 -0.01635725 -0.05459872
v -0.01996008 -0.01212648 -0.06166331
v -0.02004500 -0.01448400 -0.05956400
v -0.01981700 -0.00945450 -0.06444950
v -0.01990025 -0.00888087 -0.06283325
v -0.02022134 -0.01236800 -0.05437841
v -0.02004400 -0.00803875 -0.05962075
v -0.02007931 -0.01001988 -0.05833769
v -0.02016918 -0.00955318 -0.05552970
v -0.02022963 -0.01594225 -0.05267050
v -0.02030441 -0.01120875 -0.05165820
v -0.02024700 -0.00889734 -0.05330991
v -0.02010000 -0.00628250 -0.05662400
v -0.02011667 -0.00601094 -0.05511423
v -0.02038276 -0.01277497 -0.04973259
v -0.02041098 -0.01190580 -0.04812533
v -0.02033288 -0.00719200 -0.05042200
v -0.02040103 -0.00770256 -0.04775769
v -0.02033525 -0.00572950 -0.04914963
v -0.02049616 -0.01095303 -0.04563213
v -0.02044500 -0.00690250 -0.04634050
v -0.02044931 -0.00659262 -0.04511662
v -0.01824863 -0.04066398 -0.06140257
v -0.01850194 -0.03861781 -0.06110769
v -0.01839700 -0.04061800 -0.05854500
v -0.01860775 -0.03837675 -0.05817722
v -0.01881152 -0.03615102 -0.05865252
v -0.01860559 -0.03922356 -0.05655791
v -0.01870800 -0.03746900 -0.05882700
v -0.01878002 -0.03813930 -0.05446523
v -0.01923859 -0.03164086 -0.05889300
v -0.01926225 -0.03174919 -0.05722406
v -0.01890239 -0.03665897 -0.05470086
v -0.01910375 -0.03088888 -0.06379525
v -0.01956500 -0.02725700 -0.05943000
v -0.01881063 -0.03898519 -0.05200744
v -0.01894237 -0.03782444 -0.05132253
v -0.01913231 -0.03534719 -0.05253494
v -0.01914475 -0.03395150 -0.05558688
v -0.01945150 -0.03144850 -0.05310700
v -0.01922602 -0.03662841 -0.04576605
v -0.01940800 -0.03368800 -0.04942900
v -0.01947815 -0.03330338 -0.04722025
v -0.01962556 -0.03097406 -0.04928350
v -0.01957150 -0.02867500 -0.05589500
v -0.01958019 -0.02770203 -0.05749744
v -0.01952970 -0.02963714 -0.05452823
v -0.01992900 -0.02252500 -0.05606200
v -0.01978250 -0.02550375 -0.05614550
v -0.01971125 -0.02820175 -0.05262425
v -0.01991931 -0.02336233 -0.05415528
v -0.01997278 -0.02458397 -0.05142609
v -0.02018025 -0.01847074 -0.05224351
v -0.01954239 -0.03411309 -0.04352488
v -0.01972250 -0.03150269 -0.04466325
v -0.01981363 -0.02941625 -0.04654081
v -0.02001769 -0.02984281 -0.03983581
v -0.02005800 -0.02750900 -0.04314025
v -0.02016475 -0.02666100 -0.04119875
v -0.01965237 -0.03372119 -0.04126650
v -0.01964906 -0.03431033 -0.03966464
v -0.01992225 -0.02679850 -0.04934700
v -0.02006409 -0.02588001 -0.04589639
v -0.02030400 -0.01872500 -0.04923700
v -0.02014300 -0.02347700 -0.04749000
v -0.02019987 -0.02151062 -0.04924663
v -0.02024950 -0.02385775 -0.04378634
v -0.02026706 -0.02039613 -0.04768975
v -0.02029963 -0.02147737 -0.04577563
v -0.02017050 -0.02769475 -0.03989800
v -0.02025195 -0.02692120 -0.03815002
v -0.01989219 -0.03209723 -0.03827469
v -0.02002800 -0.03201025 -0.03466175
v -0.01994969 -0.03200625 -0.03621394
v -0.02014316 -0.02932688 -0.03668638
v -0.02026836 -0.02877795 -0.03327461
v -0.02022350 -0.02922500 -0.03464300
v -0.02031750 -0.02339700 -0.04182700
v -0.02037538 -0.02388400 -0.03909588
v -0.02040950 -0.02035200 -0.04339500
v -0.02041750 -0.02249350 -0.04048200
v -0.02048475 -0.01844113 -0.04195625
v -0.02042989 -0.02511303 -0.03552664
v -0.02047750 -0.02302750 -0.03766700
v -0.02050912 -0.02005163 -0.03920800
v -0.02056050 -0.02131750 -0.03630000
v -0.02064612 -0.01815262 -0.03669087
v -0.02040025 -0.01812825 -0.04627475
v -0.02042447 -0.01521913 -0.04718959
v -0.02045662 -0.01637200 -0.04490313
v -0.02055000 -0.01554750 -0.04346250
v -0.02057350 -0.01193450 -0.04361650
v -0.02061603 -0.01674581 -0.03925500
v -0.02056569 -0.01355538 -0.04229719
v -0.02064700 -0.01260500 -0.04083100
v -0.02064825 -0.01283675 -0.03936050
v -0.02058966 -0.00934197 -0.04196784
v -0.02054500 -0.00807700 -0.04367900
v -0.02046713 -0.00525500 -0.04312513
v -0.02058700 -0.00671000 -0.04037150
v -0.01946081 -0.04260200 -0.02504700
v -0.01957064 -0.04098411 -0.02612477
v -0.01966269 -0.03921702 -0.02808998
v -0.01980000 -0.03908519 -0.02518606
v -0.01982806 -0.03791466 -0.02617450
v -0.01988175 -0.03671025 -0.02785225
v -0.01977550 -0.04046350 -0.02309125
v -0.01990503 -0.03861437 -0.02354213
v -0.01994397 -0.03899187 -0.02163309
v -0.02000175 -0.03777150 -0.02186088
v -0.01995706 -0.03708212 -0.02528866
v -0.02021163 -0.03351738 -0.02598313
v -0.02025450 -0.03110700 -0.02936100
v -0.02004675 -0.03626325 -0.02411875
v -0.02012594 -0.03708463 -0.02040969
v -0.02032175 -0.03462237 -0.01974488
v -0.02050050 -0.03128925 -0.02193225
v -0.02058484 -0.03190237 -0.01688781
v -0.02073484 -0.02913773 -0.01781008
v -0.01894437 -0.04529037 -0.02675687
v -0.01925050 -0.04420338 -0.02635400
v -0.01920625 -0.04479703 -0.02505494
v -0.01881987 -0.04552138 -0.02497706
v -0.01827722 -0.04595031 -0.02506172
v -0.01611081 -0.04626250 -0.02400019
v -0.01914256 -0.04509450 -0.02359331
v -0.01639475 -0.04625000 -0.02273350
v -0.01833569 -0.04591272 -0.02302159
v -0.01775600 -0.04607225 -0.02255088
v -0.01159900 -0.04659506 -0.02374106
v -0.01451575 -0.04635675 -0.02290775
v -0.01321644 -0.04644400 -0.02305050
v -0.01886844 -0.04554606 -0.02237906
v -0.01868050 -0.04578750 -0.02071538
v -0.01825831 -0.04594597 -0.02008200
v -0.01918166 -0.04525609 -0.02095197
v -0.01892716 -0.04563400 -0.01899666
v -0.01941122 -0.04479441 -0.02036781
v -0.01638913 -0.04620512 -0.02061781
v -0.01786850 -0.04600519 -0.01813513
v -0.01506700 -0.04625775 -0.02115400
v -0.01463625 -0.04625756 -0.01702900
v -0.01301306 -0.04642906 -0.01945122
v -0.01936300 -0.04440513 -0.02287156
v -0.01965781 -0.04158956 -0.02231600
v -0.01969803 -0.04252486 -0.01935688
v -0.01995238 -0.04021481 -0.01867359
v -0.01187425 -0.04657575 -0.02222250
v -0.01046500 -0.04669300 -0.02283000
v -0.00819225 -0.04682150 -0.02212775
v -0.01051375 -0.04666475 -0.02127850
v -0.00499950 -0.04705500 -0.02219375
v -0.00698991 -0.04689673 -0.02044041
v -0.00461869 -0.04705531 -0.02077503
v -0.01193550 -0.04647863 -0.01707050
v -0.00780959 -0.04680797 -0.01837228
v -0.00838194 -0.04671469 -0.01472747
v -0.01849431 -0.04588206 -0.01846288
v -0.01923213 -0.04536272 -0.01782009
v -0.01949447 -0.04491331 -0.01768713
v -0.01961619 -0.04443256 -0.01712569
v -0.01960578 -0.04488441 -0.01469088
v -0.01628100 -0.04617125 -0.01695163
v -0.01889675 -0.04569381 -0.01641222
v -0.01584363 -0.04612891 -0.01549453
v -0.01851119 -0.04583194 -0.01521109
v -0.01933284 -0.04532122 -0.01492825
v -0.01776681 -0.04594737 -0.01407350
v -0.01659862 -0.04608150 -0.01386850
v -0.01990975 -0.04284313 -0.01357863
v -0.01974763 -0.04462050 -0.01349538
v -0.01903831 -0.04561016 -0.01356150
v -0.01948600 -0.04523200 -0.01261000
v -0.01881022 -0.04570966 -0.01126428
v -0.01973350 -0.04478438 -0.01151225
v -0.01923325 -0.04547519 -0.01093350
v -0.01722431 -0.04596144 -0.01004222
v -0.01593200 -0.04605787 -0.01074806
v -0.01983438 -0.04432450 -0.01167713
v -0.01993113 -0.04165188 -0.01467113
v -0.01999894 -0.04034963 -0.01632531
v -0.02011888 -0.04134925 -0.01048612
v -0.02024041 -0.04016116 -0.01049894
v -0.02020200 -0.03755300 -0.01552450
v -0.01381936 -0.04626875 -0.01372577
v -0.01154047 -0.04646359 -0.01431838
v -0.00970491 -0.04653775 -0.01032681
v -0.00992347 -0.04645894 -0.00719691
v -0.01998450 -0.03897781 -0.01989406
v -0.02014550 -0.03764425 -0.01785225
v -0.02030541 -0.03659342 -0.01553041
v -0.02032500 -0.03811800 -0.01221600
v -0.02051929 -0.03413043 -0.01418073
v -0.01939369 -0.04545562 -0.00551694
v -0.01897600 -0.04564175 -0.00664706
v -0.01973834 -0.04522597 -0.00417397
v -0.02005456 -0.04469513 -0.00467850
v -0.02015425 -0.04463975 -0.00332550
v -0.02000575 -0.04495200 -0.00241262
v -0.01865925 -0.04572125 -0.00442775
v -0.01926331 -0.04555294 -0.00366781
v -0.01710000 -0.04591950 -0.00415700
v -0.01737363 -0.04584150 -0.00230212
v -0.01912956 -0.04558691 -0.00147216
v -0.01618119 -0.04590894 -0.00465644
v -0.01682631 -0.04580637 -0.00079400
v -0.01321475 -0.04607431 -0.00082175
v -0.02020362 -0.04450588 -0.00166625
v -0.02028744 -0.04414516 -0.00134678
v -0.01966766 -0.04530103 -0.00192612
v -0.01867488 -0.04567988 -0.00069986
v -0.01960884 -0.04535972 -0.00019491
v -0.01739100 -0.04586000 -0.00027700
v -0.02003081 -0.04497712 0.00012956
v -0.02029519 -0.04452767 0.00076923
v -0.02047603 -0.04262322 0.00162256
v -0.01811862 -0.04570775 0.00267762
v -0.01352953 -0.04602066 0.00165756
v -0.01976797 -0.04527859 0.00185103
v -0.01922700 -0.04555100 0.00267000
v -0.01975806 -0.04533556 0.00347637
v -0.01753950 -0.04577475 0.00554550
v -0.02026287 -0.04477750 0.00267375
v -0.02039550 -0.04422244 0.00189981
v -0.01686400 -0.04577300 0.00397400
v -0.02021987 -0.04489381 0.00447738
v -0.02043956 -0.04449213 0.00512881
v -0.01940331 -0.04548700 0.00507481
v -0.01987778 -0.04523250 0.00524947
v -0.01887243 -0.04559041 0.00694556
v -0.02061750 -0.04262356 0.00576734
v -0.02052669 -0.04406281 0.00513894
v -0.01445944 -0.04591488 0.00460056
v -0.01511922 -0.04583251 0.00780371
v -0.02080675 -0.02904187 -0.01487775
v -0.02073373 -0.03139273 -0.01266180
v -0.02088377 -0.02923578 -0.01119930
v -0.01977131 -0.04487969 -0.00958963
v -0.01955981 -0.04521662 -0.00847544
v -0.01994094 -0.04454000 -0.00865328
v -0.01852194 -0.04577006 -0.00856331
v -0.01993813 -0.04393875 -0.01050597
v -0.02021225 -0.04267850 -0.00563500
v -0.01916187 -0.04553875 -0.00813544
v -0.01986425 -0.04486487 -0.00678744
v -0.02033538 -0.03883344 -0.00972387
v -0.02033788 -0.03767250 -0.01144525
v -0.02013400 -0.04411113 -0.00565838
v -0.02028028 -0.04118941 -0.00622222
v -0.02036731 -0.04222031 -0.00151431
v -0.02036631 -0.04016825 -0.00664759
v -0.02051781 -0.03676069 -0.00860775
v -0.02052823 -0.03709511 -0.00657066
v -0.02050641 -0.03792319 -0.00472791
v -0.01668619 -0.04593831 -0.00651572
v -0.01548213 -0.04602088 -0.00758087
v -0.01329000 -0.04614400 -0.00417500
v -0.01071290 -0.04635162 -0.00488329
v -0.01124500 -0.04627375 -0.00276675
v -0.02041556 -0.03691544 -0.01178862
v -0.02082412 -0.03183675 -0.00797137
v -0.02073148 -0.03400400 -0.00576908
v -0.02036175 -0.04273794 -0.00182775
v -0.02046900 -0.03999250 -0.00334500
v -0.02045420 -0.04087388 -0.00116480
v -0.02060070 -0.03854119 -0.00059747
v -0.02059587 -0.03720944 -0.00380925
v -0.02065741 -0.03730150 -0.00121892
v -0.02078560 -0.03377787 -0.00263278
v -0.02061128 -0.04083250 0.00346588
v -0.02062256 -0.04006181 0.00145484
v -0.02083982 -0.03516438 0.00233500
v -0.02077959 -0.03675009 0.00237997
v -0.02076200 -0.03725737 0.00325863
v -0.02090381 -0.03137131 -0.00458338
v -0.02098633 -0.02853069 -0.00620952
v -0.02096063 -0.02928125 -0.00764056
v -0.02110700 -0.02621800 -0.00445400
v -0.02100253 -0.02895481 -0.00275647
v -0.02086300 -0.03335750 0.00013987
v -0.02100812 -0.02982994 -0.00141263
v -0.02097000 -0.03082275 0.00047175
v -0.02115312 -0.02587300 -0.00137350
v -0.02035306 -0.02932263 -0.03103544
v -0.02046581 -0.02784562 -0.02968200
v -0.02055161 -0.02581718 -0.03122317
v -0.02044850 -0.03023600 -0.02605700
v -0.02070003 -0.02377362 -0.02892388
v -0.02061752 -0.02669862 -0.02705340
v -0.02061287 -0.02148888 -0.03488975
v -0.02051050 -0.02464700 -0.03322563
v -0.02069350 -0.01935800 -0.03366850
v -0.02075250 -0.02090675 -0.03139275
v -0.02071400 -0.01821600 -0.03515600
v -0.02085284 -0.01814600 -0.02977713
v -0.02084600 -0.01635375 -0.03152800
v -0.02078079 -0.02361163 -0.02619024
v -0.02085100 -0.02080000 -0.02805600
v -0.02079838 -0.02495638 -0.02401475
v -0.02078548 -0.02714361 -0.02017506
v -0.02093425 -0.02212612 -0.02213419
v -0.02087859 -0.02511916 -0.01938041
v -0.02093250 -0.01740200 -0.02791000
v -0.02091963 -0.02166375 -0.02414787
v -0.02091006 -0.01923631 -0.02605119
v -0.02095256 -0.01525962 -0.02652225
v -0.02098356 -0.01927300 -0.02282794
v -0.02098150 -0.01907650 -0.02424075
v -0.02103600 -0.01917600 -0.02135500
v -0.02105450 -0.01832037 -0.01943938
v -0.02101450 -0.01582050 -0.02472700
v -0.02106213 -0.01338000 -0.02143356
v -0.02069575 -0.01461575 -0.03778600
v -0.02073053 -0.01521194 -0.03584138
v -0.02078650 -0.01362852 -0.03349142
v -0.02071200 -0.01140800 -0.03813300
v -0.02075287 -0.01121625 -0.03588313
v -0.02088191 -0.01275388 -0.03114791
v -0.02074728 -0.00889078 -0.03539141
v -0.02078400 -0.00956116 -0.03312203
v -0.02062750 -0.00957200 -0.03969300
v -0.02066675 -0.00842750 -0.03797300
v -0.02065600 -0.00661050 -0.03740200
v -0.02047938 -0.00388375 -0.04127425
v -0.02044312 -0.00220441 -0.03939244
v -0.02072816 -0.00637334 -0.03367181
v -0.02052000 -0.00289825 -0.03668050
v -0.02042550 -0.00075050 -0.03808100
v -0.02059925 -0.00348075 -0.03519625
v -0.02057575 -0.00275094 -0.03373956
v -0.02088141 -0.01367625 -0.02948466
v -0.02094900 -0.01245300 -0.02782950
v -0.02084600 -0.00853700 -0.03151600
v -0.02083232 -0.00838777 -0.02970859
v -0.02092622 -0.01090106 -0.02679906
v -0.02099575 -0.01135425 -0.02506325
v -0.02102713 -0.01326887 -0.02342375
v -0.02084738 -0.00669375 -0.02643437
v -0.02094356 -0.00811669 -0.02432253
v -0.02063187 -0.00304112 -0.03212225
v -0.02074113 -0.00424838 -0.02842590
v -0.02045700 0.00162200 -0.03112200
v -0.02078738 -0.00399462 -0.02526187
v -0.02054587 0.00095700 -0.02636162
v -0.02097697 -0.02447312 -0.01589238
v -0.02101803 -0.02476516 -0.01321772
v -0.02102788 -0.02138642 -0.01779998
v -0.02110944 -0.01993766 -0.01493772
v -0.02100937 -0.02682237 -0.01025538
v -0.02112050 -0.02304400 -0.01113250
v -0.02114800 -0.01615200 -0.01747300
v -0.02107687 -0.01567250 -0.01947500
v -0.02113042 -0.01594572 -0.01593858
v -0.02116050 -0.01834350 -0.01286650
v -0.02113925 -0.01315000 -0.01769000
v -0.02116713 -0.01405563 -0.01451075
v -0.02117400 -0.01492956 -0.01314931
v -0.02117963 -0.02014775 -0.00970025
v -0.02114050 -0.02330150 -0.00706769
v -0.02120862 -0.01935500 -0.00749387
v -0.02122813 -0.02053719 -0.00432341
v -0.02119862 -0.01892075 -0.01125337
v -0.02122100 -0.01609707 -0.00995215
v -0.02118647 -0.01247681 -0.01208502
v -0.02118533 -0.01210106 -0.00988322
v -0.02114747 -0.00915144 -0.01033264
v -0.02126600 -0.01494500 -0.00445750
v -0.02122203 -0.01364622 -0.00860049
v -0.02124900 -0.01859991 -0.00345434
v -0.02122589 -0.01213477 -0.00520202
v -0.02115638 -0.00973108 -0.00709174
v -0.02111597 -0.02544803 -0.00301659
v -0.02120009 -0.02284266 -0.00212528
v -0.02096381 -0.00891345 -0.02304010
v -0.02098300 -0.00788200 -0.02154950
v -0.02098162 -0.00811300 -0.01990619
v -0.02106737 -0.01244975 -0.01943175
v -0.02110791 -0.01102633 -0.01605902
v -0.02108050 -0.00881350 -0.01730400
v -0.02095419 -0.00542825 -0.01799922
v -0.02094595 -0.00453830 -0.01567584
v -0.02084125 -0.00445639 -0.02184777
v -0.02064046 0.00029561 -0.02200668
v -0.02078063 -0.00180850 -0.01888550
v -0.02049800 0.00362675 -0.02076200
v -0.02111688 -0.00854652 -0.01274683
v -0.02103900 -0.00743800 -0.01551500
v -0.02110550 -0.00704850 -0.01171750
v -0.02111861 -0.00749005 -0.00786553
v -0.02079684 0.00060837 -0.01168728
v -0.02092847 -0.00233921 -0.01052915
v -0.02107159 -0.00578478 -0.00939455
v -0.02074669 0.00030469 -0.01556481
v -0.02064677 0.00228280 -0.01608308
v -0.02048964 0.00639396 -0.01139369
v 0.01940906 -0.04813950 -0.08847844
v 0.01956988 -0.04776600 -0.09019250
v 0.01896450 -0.04803250 -0.08978212
v 0.02026050 -0.04789550 -0.08965600
v 0.02010700 -0.04749575 -0.09035625
v 0.01999125 -0.04622750 -0.09053900
v 0.02038800 -0.04757300 -0.09027800
v 0.02038000 -0.04683100 -0.09046200
v 0.02073063 -0.04718262 -0.09022637
v 0.02090125 -0.04746350 -0.08966050
v 0.02052600 -0.04786800 -0.08938250
v 0.02086831 -0.04750506 -0.08872113
v 0.02121025 -0.04694275 -0.08926275
v 0.01804600 -0.04837850 -0.08847400
v 0.01882669 -0.04823213 -0.08664256
v 0.01984694 -0.04802769 -0.08636437
v 0.02021675 -0.04785988 -0.08646413
v 0.02100411 -0.04693631 -0.08631669
v 0.02077831 -0.04726506 -0.08560575
v 0.02115903 -0.04661769 -0.08758191
v 0.02051819 -0.04761638 -0.08607737
v 0.01771350 -0.04828438 -0.08249038
v 0.01924117 -0.04810178 -0.08323542
v 0.01985100 -0.04787328 -0.08251156
v 0.02106387 -0.04641413 -0.08418375
v 0.02045459 -0.04745506 -0.08319603
v 0.01997500 -0.04644400 -0.09052100
v 0.02080862 -0.04476719 -0.09035738
v 0.02105400 -0.04685500 -0.09000300
v 0.02110800 -0.04566200 -0.09007300
v 0.02135625 -0.04544625 -0.08801250
v 0.02140350 -0.04446050 -0.08945200
v 0.02060850 -0.04370537 -0.09049628
v 0.02105088 -0.04359412 -0.09017375
v 0.01980500 -0.04326050 -0.09063525
v 0.02033225 -0.04293319 -0.09060513
v 0.02137353 -0.04253037 -0.08965756
v 0.02100750 -0.04145413 -0.09034713
v 0.02158634 -0.04342450 -0.08850513
v 0.02141956 -0.04433766 -0.08620072
v 0.02181731 -0.04102750 -0.08660387
v 0.02132891 -0.04475404 -0.08375342
v 0.02150787 -0.04373738 -0.08457762
v 0.02133062 -0.04068925 -0.08998562
v 0.02171712 -0.04022325 -0.08901116
v 0.02190856 -0.03838225 -0.08851844
v 0.02114400 -0.03914037 -0.09035125
v 0.02161025 -0.03841875 -0.08967700
v 0.02205228 -0.03785673 -0.08730837
v 0.02160541 -0.03608481 -0.08991833
v 0.02195523 -0.03515908 -0.08914067
v 0.02226650 -0.03208600 -0.08837550
v 0.02224022 -0.03056966 -0.08879591
v 0.01751000 -0.04825700 -0.07918100
v 0.01684075 -0.04821450 -0.07873778
v 0.01874875 -0.04812513 -0.07929956
v 0.02091656 -0.04657225 -0.08176938
v 0.02034187 -0.04743712 -0.08029800
v 0.02056600 -0.04720319 -0.08095919
v 0.01923050 -0.04800812 -0.07848125
v 0.01984028 -0.04770375 -0.07813341
v 0.02069631 -0.04688613 -0.07992494
v 0.01634550 -0.04814037 -0.07535600
v 0.01777766 -0.04814866 -0.07544728
v 0.01884025 -0.04801219 -0.07574047
v 0.01939172 -0.04786481 -0.07624666
v 0.02077406 -0.04652963 -0.07881281
v 0.02029094 -0.04725784 -0.07723025
v 0.02066675 -0.04634075 -0.07569325
v 0.02128700 -0.04438100 -0.08005050
v 0.02109663 -0.04433737 -0.07504325
v 0.01389113 -0.04801931 -0.06909319
v 0.01409013 -0.04809294 -0.07316650
v 0.01559381 -0.04810100 -0.07251462
v 0.01823859 -0.04802628 -0.07269131
v 0.01984316 -0.04750884 -0.07419284
v 0.01917813 -0.04781287 -0.07328256
v 0.01697984 -0.04804953 -0.06949362
v 0.02019809 -0.04707242 -0.07218773
v 0.01905869 -0.04778050 -0.07032513
v 0.01952794 -0.04760306 -0.07126569
v 0.02001725 -0.04724375 -0.07109500
v 0.02049212 -0.04666522 -0.07339637
v 0.02059625 -0.04639619 -0.07368506
v 0.02049644 -0.04631937 -0.07037694
v 0.02095920 -0.04417123 -0.07122195
v 0.02135703 -0.04229825 -0.07215353
v 0.01583656 -0.04798931 -0.06818137
v 0.01767542 -0.04800977 -0.06936815
v 0.01862456 -0.04786872 -0.06924509
v 0.01947169 -0.04751031 -0.06867200
v 0.01836000 -0.04786200 -0.06676400
v 0.02020991 -0.04677822 -0.06868528
v 0.01903975 -0.04761319 -0.06554653
v 0.01972037 -0.04724219 -0.06705650
v 0.02087344 -0.04417988 -0.06890013
v 0.02095441 -0.04331616 -0.06756106
v 0.02156154 -0.04022625 -0.06864026
v 0.02196538 -0.04030619 -0.08353850
v 0.02165987 -0.04237094 -0.08166900
v 0.02218738 -0.03831725 -0.08395712
v 0.02232425 -0.03641600 -0.08460275
v 0.02132663 -0.04333244 -0.07691844
v 0.02137797 -0.04267881 -0.07449956
v 0.02212000 -0.03919600 -0.08101000
v 0.02250950 -0.03599087 -0.08104012
v 0.02275400 -0.03389100 -0.07716900
v 0.02207948 -0.03854586 -0.07454220
v 0.02250864 -0.03286739 -0.08559830
v 0.02248000 -0.03516600 -0.08422400
v 0.02264400 -0.03438356 -0.08261100
v 0.02261600 -0.03362475 -0.08356381
v 0.02254336 -0.02815822 -0.08730475
v 0.02277294 -0.03152581 -0.08358956
v 0.02278072 -0.02982806 -0.08458447
v 0.02269338 -0.03382053 -0.08150266
v 0.02268750 -0.03313150 -0.08209900
v 0.02299600 -0.03138500 -0.07901100
v 0.02297250 -0.03100750 -0.08062100
v 0.02278750 -0.03238250 -0.08273150
v 0.02288072 -0.03055806 -0.08246347
v 0.02299387 -0.02924138 -0.08237400
v 0.02186481 -0.03942369 -0.07234031
v 0.02236889 -0.03662508 -0.07497787
v 0.02229658 -0.03653445 -0.07187830
v 0.02309175 -0.03059775 -0.07468000
v 0.02318737 -0.02790963 -0.08059756
v 0.02360775 -0.02479875 -0.07606850
v 0.02269900 -0.03365200 -0.07204100
v 0.02290925 -0.03216400 -0.07330550
v 0.02342550 -0.02725850 -0.07288750
v 0.01323294 -0.04802031 -0.06566531
v 0.01381338 -0.04797406 -0.06491353
v 0.01606563 -0.04793275 -0.06387550
v 0.01690250 -0.04796537 -0.06482063
v 0.01763075 -0.04788298 -0.06366541
v 0.01267100 -0.04799200 -0.06218600
v 0.01198341 -0.04801819 -0.05974647
v 0.01443650 -0.04796525 -0.06329025
v 0.01339850 -0.04792800 -0.06237850
v 0.01564625 -0.04790400 -0.06174575
v 0.01371322 -0.04792544 -0.05978409
v 0.01648250 -0.04789450 -0.05974200
v 0.01462250 -0.04794550 -0.06023700
v 0.01826538 -0.04776741 -0.06304956
v 0.01816777 -0.04768161 -0.05917750
v 0.01892237 -0.04756188 -0.06232300
v 0.01919928 -0.04730366 -0.06054375
v 0.02020825 -0.04659550 -0.06659413
v 0.02034188 -0.04625025 -0.06667487
v 0.01984950 -0.04691994 -0.06392038
v 0.01946706 -0.04725806 -0.06358175
v 0.02011484 -0.04642637 -0.06321197
v 0.02070844 -0.04427969 -0.06526538
v 0.02056234 -0.04429372 -0.06209644
v 0.02169230 -0.03907632 -0.06658181
v 0.01963456 -0.04688919 -0.06005631
v 0.02014619 -0.04608375 -0.06129481
v 0.01995362 -0.04657012 -0.06113750
v 0.01996228 -0.04603862 -0.05762081
v 0.02041713 -0.04405331 -0.05786006
v 0.02091213 -0.04270841 -0.06314584
v 0.02070125 -0.04288913 -0.05959062
v 0.01258225 -0.04797100 -0.05623850
v 0.01398450 -0.04787550 -0.05530550
v 0.01538450 -0.04781909 -0.05539881
v 0.01002550 -0.04799638 -0.05302625
v 0.01183588 -0.04790656 -0.05098797
v 0.01325834 -0.04788119 -0.05506684
v 0.01323247 -0.04781350 -0.05122072
v 0.01664919 -0.04782834 -0.05700491
v 0.01772453 -0.04771762 -0.05718284
v 0.01870575 -0.04748750 -0.05778200
v 0.01923567 -0.04711633 -0.05769134
v 0.01890400 -0.04729525 -0.05574563
v 0.01849969 -0.04745100 -0.05460375
v 0.01751531 -0.04766341 -0.05352400
v 0.01955820 -0.04671159 -0.05622348
v 0.01610275 -0.04778888 -0.05216975
v 0.01522895 -0.04774930 -0.05051675
v 0.01870425 -0.04731162 -0.05259525
v 0.01964648 -0.04634886 -0.05355162
v 0.01923870 -0.04684097 -0.05233773
v 0.01754472 -0.04758362 -0.05032516
v 0.01970488 -0.04598725 -0.05187400
v 0.01981575 -0.04636275 -0.05721038
v 0.02046875 -0.04344212 -0.05671675
v 0.02003675 -0.04513775 -0.05475413
v 0.02087562 -0.04141906 -0.05668050
v 0.02170112 -0.03799476 -0.06195495
v 0.02149681 -0.03818638 -0.05779550
v 0.02052275 -0.04241919 -0.05279231
v 0.02093675 -0.04017475 -0.05222225
v 0.02230644 -0.03590769 -0.06935328
v 0.02211848 -0.03667751 -0.06751528
v 0.02240494 -0.03464756 -0.06649913
v 0.02272609 -0.03240084 -0.06766303
v 0.02225550 -0.03541200 -0.06528550
v 0.02207025 -0.03614778 -0.06354543
v 0.02284400 -0.03098450 -0.06485613
v 0.02334050 -0.02748500 -0.06839450
v 0.02360850 -0.02473450 -0.06672700
v 0.02352100 -0.02528700 -0.06418500
v 0.02256350 -0.03253350 -0.06217900
v 0.02228194 -0.03378553 -0.05984723
v 0.02248825 -0.03213716 -0.05950922
v 0.02201399 -0.03489392 -0.05686218
v 0.02192372 -0.03489844 -0.05424241
v 0.02230648 -0.03280148 -0.05625164
v 0.02263450 -0.03108700 -0.05644900
v 0.02246453 -0.03179728 -0.05598762
v 0.02299853 -0.02856147 -0.06020534
v 0.02280012 -0.03035638 -0.06091150
v 0.02336775 -0.02607913 -0.06147225
v 0.02285525 -0.02934700 -0.05754413
v 0.02274256 -0.03053350 -0.05844788
v 0.02266972 -0.03036903 -0.05564603
v 0.02283619 -0.02894119 -0.05660200
v 0.02305044 -0.02805888 -0.05716425
v 0.02312375 -0.02693275 -0.05784138
v 0.02359944 -0.02373719 -0.06081975
v 0.02347909 -0.02434550 -0.05816713
v 0.02388572 -0.02057906 -0.05942575
v 0.00577662 -0.04799863 -0.04977469
v 0.00602455 -0.04791133 -0.04423877
v 0.00807403 -0.04791853 -0.04573300
v 0.00261870 -0.04779703 -0.04023266
v 0.00872538 -0.04780487 -0.04050438
v 0.00542228 -0.04779381 -0.03812178
v 0.00845591 -0.04776103 -0.03774394
v 0.01076800 -0.04778000 -0.04070200
v 0.01194875 -0.04763594 -0.03620363
v 0.01267344 -0.04759738 -0.03796169
v 0.00208794 -0.04772069 -0.03675594
v 0.00064550 -0.04766050 -0.03517050
v 0.00457946 -0.04767529 -0.03401187
v 0.00735638 -0.04773537 -0.03570025
v 0.00636303 -0.04764512 -0.03233359
v 0.00036869 -0.04756900 -0.03327381
v 0.00121125 -0.04755137 -0.03150331
v 0.00193900 -0.04751050 -0.03018525
v 0.00317128 -0.04759906 -0.03164022
v 0.00410103 -0.04752388 -0.02876837
v 0.00543912 -0.04757750 -0.02953787
v 0.01119027 -0.04759991 -0.03345795
v 0.01034555 -0.04753777 -0.02995520
v 0.01251031 -0.04754234 -0.03468645
v 0.01333209 -0.04756203 -0.03629775
v 0.01445941 -0.04752003 -0.03601181
v 0.01231638 -0.04743137 -0.03002125
v 0.01439562 -0.04744925 -0.03161300
v 0.01565887 -0.04746500 -0.03226200
v 0.01158575 -0.04745675 -0.02825200
v 0.01424813 -0.04736856 -0.02782956
v 0.01228781 -0.04736400 -0.02683063
v -0.00231131 -0.04718225 -0.02308756
v 0.00149400 -0.04743550 -0.02833175
v -0.00101088 -0.04732688 -0.02681125
v 0.00296700 -0.04745200 -0.02627600
v 0.00503252 -0.04746333 -0.02564780
v -0.00064312 -0.04725800 -0.02419738
v 0.00311437 -0.04736312 -0.02330200
v 0.00096975 -0.04731969 -0.02256494
v 0.00323200 -0.04737300 -0.02164700
v 0.00820158 -0.04743348 -0.02457341
v 0.01148525 -0.04738975 -0.02531800
v 0.01182300 -0.04729900 -0.02450700
v 0.00657500 -0.04738300 -0.02263500
v 0.00985533 -0.04737302 -0.02284294
v 0.01159873 -0.04732008 -0.02230897
v 0.00820725 -0.04736750 -0.01979950
v 0.01136087 -0.04730806 -0.01910631
v 0.01274900 -0.04730563 -0.02039750
v 0.01572175 -0.04741750 -0.02938875
v 0.01665545 -0.04733351 -0.03131928
v 0.01617216 -0.04732534 -0.02758175
v 0.01694625 -0.04715344 -0.02681434
v 0.01741975 -0.04707700 -0.02991762
v 0.01518631 -0.04737169 -0.02651081
v 0.01742172 -0.04696703 -0.02628272
v 0.01383287 -0.04727575 -0.02283306
v 0.01562200 -0.04731519 -0.02469163
v 0.01654062 -0.04717902 -0.02385575
v 0.01483728 -0.04727641 -0.02085184
v 0.01800322 -0.04648734 -0.02490688
v 0.01767450 -0.04671812 -0.02360869
v 0.01722012 -0.04697087 -0.02352619
v 0.01835833 -0.04602505 -0.02501802
v 0.01678714 -0.04703021 -0.01992304
v 0.01791191 -0.04634566 -0.02130891
v 0.01398650 -0.04724013 -0.01838837
v 0.01614114 -0.04713086 -0.01827050
v 0.01736491 -0.04676509 -0.01996081
v 0.01820425 -0.04593087 -0.02134187
v 0.01843794 -0.04544200 -0.02130706
v 0.01704269 -0.04690013 -0.01819169
v 0.01783300 -0.04634431 -0.01904106
v 0.01809687 -0.04592037 -0.01806475
v 0.01834281 -0.04524925 -0.01818025
v 0.00974216 -0.04795428 -0.05036766
v 0.00806200 -0.04798200 -0.04891450
v 0.01262281 -0.04782200 -0.04856225
v 0.01021213 -0.04791744 -0.04775941
v 0.01219075 -0.04780869 -0.04633897
v 0.01395819 -0.04775563 -0.04754872
v 0.01504413 -0.04770525 -0.04746163
v 0.01606919 -0.04771044 -0.04786594
v 0.01669534 -0.04768100 -0.04875978
v 0.01845450 -0.04729669 -0.04982637
v 0.01888691 -0.04695291 -0.04940522
v 0.01941875 -0.04628489 -0.04911378
v 0.01961891 -0.04582070 -0.04911956
v 0.01794862 -0.04743125 -0.04766887
v 0.01864231 -0.04704469 -0.04695531
v 0.02015103 -0.04349709 -0.04962606
v 0.01995117 -0.04377249 -0.04657323
v 0.01286966 -0.04772066 -0.04546019
v 0.01479219 -0.04766287 -0.04411119
v 0.01202959 -0.04776319 -0.04349009
v 0.01746644 -0.04746834 -0.04492806
v 0.01610583 -0.04763990 -0.04381702
v 0.01730783 -0.04743155 -0.04166908
v 0.01811625 -0.04724956 -0.04424169
v 0.01835350 -0.04720713 -0.04619163
v 0.01904084 -0.04662981 -0.04649303
v 0.01885759 -0.04662916 -0.04304281
v 0.01944700 -0.04594425 -0.04593700
v 0.01920200 -0.04620700 -0.04374300
v 0.01931548 -0.04573789 -0.04220580
v 0.01855719 -0.04693212 -0.04289512
v 0.01978850 -0.04369450 -0.04220750
v 0.02138825 -0.03677875 -0.04817900
v 0.02070250 -0.04009187 -0.04644031
v 0.02138550 -0.03506925 -0.04114200
v 0.01285600 -0.04765975 -0.04287525
v 0.01390056 -0.04765134 -0.04153562
v 0.01241413 -0.04768281 -0.04012869
v 0.01473950 -0.04759325 -0.04045950
v 0.01816206 -0.04714094 -0.04133781
v 0.01659678 -0.04751812 -0.04013881
v 0.01777569 -0.04725181 -0.03983075
v 0.01578327 -0.04755189 -0.03807261
v 0.01689731 -0.04743113 -0.03783062
v 0.01614206 -0.04746952 -0.03513964
v 0.01979250 -0.04344025 -0.04173300
v 0.02024663 -0.04130475 -0.04200725
v 0.01814019 -0.04702450 -0.03904394
v 0.01859428 -0.04661631 -0.03872000
v 0.01900559 -0.04613900 -0.03951256
v 0.01920650 -0.04563450 -0.03925613
v 0.01961375 -0.04373575 -0.03856487
v 0.01986462 -0.04243753 -0.03884937
v 0.01798056 -0.04704431 -0.03683825
v 0.01729205 -0.04728383 -0.03593664
v 0.01846433 -0.04659648 -0.03562670
v 0.01884775 -0.04612263 -0.03596737
v 0.01910250 -0.04555400 -0.03620350
v 0.01764756 -0.04713338 -0.03452106
v 0.01806588 -0.04686200 -0.03403269
v 0.01952481 -0.04348800 -0.03581294
v 0.02032950 -0.03982925 -0.03723425
v 0.02089375 -0.03645113 -0.03518025
v 0.02235075 -0.03167900 -0.05209337
v 0.02238516 -0.03203225 -0.05408863
v 0.02250425 -0.03035425 -0.05062750
v 0.02253456 -0.03051656 -0.05382144
v 0.02263469 -0.02974975 -0.05276100
v 0.02193850 -0.03332550 -0.04719025
v 0.02277564 -0.02869737 -0.05204887
v 0.02235100 -0.03033000 -0.04598750
v 0.02266212 -0.02885844 -0.04851113
v 0.02267450 -0.02983100 -0.05537400
v 0.02288000 -0.02825825 -0.05518325
v 0.02283337 -0.02845856 -0.05418175
v 0.02286000 -0.02751600 -0.05555900
v 0.02316300 -0.02655700 -0.05576800
v 0.02327838 -0.02617669 -0.05666119
v 0.02307700 -0.02596100 -0.05496400
v 0.02320263 -0.02581919 -0.05439700
v 0.02311762 -0.02602509 -0.05292263
v 0.02341300 -0.02434875 -0.05688563
v 0.02319875 -0.02538425 -0.05498500
v 0.02347825 -0.02447450 -0.05621725
v 0.02367198 -0.02181656 -0.05674327
v 0.02361975 -0.02283825 -0.05631237
v 0.02331500 -0.02391100 -0.05457400
v 0.02320688 -0.02587888 -0.05371963
v 0.02348841 -0.02317872 -0.05353622
v 0.02356756 -0.02311006 -0.05527125
v 0.02373263 -0.02190813 -0.05581137
v 0.02359831 -0.02244791 -0.05471047
v 0.02290050 -0.02734100 -0.05172400
v 0.02275319 -0.02825975 -0.05005713
v 0.02311200 -0.02563700 -0.05057537
v 0.02299388 -0.02647050 -0.04950163
v 0.02303075 -0.02557275 -0.04858700
v 0.02319750 -0.02514750 -0.05239350
v 0.02348950 -0.02300050 -0.05167400
v 0.02332100 -0.02425413 -0.05153638
v 0.02360725 -0.02195709 -0.05230569
v 0.02339594 -0.02312719 -0.05108197
v 0.02357881 -0.02162813 -0.05150562
v 0.02371522 -0.01988417 -0.05032167
v 0.02181506 -0.03228231 -0.04032619
v 0.02255150 -0.02802100 -0.04272350
v 0.02294700 -0.02555500 -0.04421000
v 0.02199800 -0.03020200 -0.03647900
v 0.02296375 -0.02650450 -0.04818100
v 0.02313806 -0.02475488 -0.04685991
v 0.02325325 -0.02409350 -0.04844075
v 0.02346981 -0.02234709 -0.04882762
v 0.02353138 -0.02118587 -0.04753550
v 0.02366700 -0.02013300 -0.04898650
v 0.02333038 -0.02270681 -0.04568331
v 0.02362056 -0.02004669 -0.04608413
v 0.02347747 -0.02064853 -0.04385056
v 0.02295200 -0.02424775 -0.04050025
v 0.02368588 -0.01940912 -0.04703538
v 0.01727937 -0.04721950 -0.03246300
v 0.01777650 -0.04692572 -0.03119897
v 0.01823925 -0.04649000 -0.03075087
v 0.01873312 -0.04599863 -0.03303225
v 0.01891012 -0.04535288 -0.03176838
v 0.01875050 -0.04576156 -0.03114312
v 0.01929281 -0.04332519 -0.02978594
v 0.01946209 -0.04312228 -0.03258366
v 0.01971850 -0.04211500 -0.03389463
v 0.02012400 -0.03932300 -0.02936400
v 0.01828631 -0.04634666 -0.02839006
v 0.01797194 -0.04665941 -0.02824416
v 0.01865781 -0.04572944 -0.02848794
v 0.01862450 -0.04560650 -0.02604250
v 0.01894631 -0.04391844 -0.02510493
v 0.01971025 -0.04037775 -0.02528900
v 0.02045250 -0.03817662 -0.03230737
v 0.02141500 -0.03326100 -0.03420700
v 0.02051500 -0.03735600 -0.02971400
v 0.02134200 -0.03315500 -0.03155900
v 0.01895825 -0.04292650 -0.02065775
v 0.01994950 -0.03819250 -0.02130000
v 0.01904678 -0.04162466 -0.01743731
v 0.02045650 -0.03604425 -0.02357750
v 0.02108100 -0.03350850 -0.02717750
v 0.02071513 -0.03353362 -0.02038062
v 0.02153650 -0.02915966 -0.02277000
v 0.02303800 -0.02292900 -0.03849600
v 0.02366250 -0.01746813 -0.04083975
v 0.02319100 -0.01900400 -0.03272800
v 0.02309525 -0.02091825 -0.03479600
v 0.02236150 -0.02592350 -0.03086500
v 0.02211700 -0.02849750 -0.03326800
v 0.02192100 -0.02923700 -0.03084000
v 0.02196650 -0.02706100 -0.02598500
v 0.02268900 -0.02307400 -0.03049100
v 0.02191866 -0.02624666 -0.02247306
v 0.02268900 -0.02081588 -0.02580700
v 0.02330075 -0.01713750 -0.03178175
v 0.02294575 -0.01766600 -0.02530011
v 0.02340550 -0.01313950 -0.02760400
v -0.00170519 -0.04721656 -0.02176613
v -0.00570741 -0.04694888 -0.01820663
v -0.00100763 -0.04718900 -0.01867063
v -0.00382700 -0.04700162 -0.01547169
v 0.00166500 -0.04726400 -0.01728100
v -0.00164678 -0.04698009 -0.01034481
v 0.00297975 -0.04724200 -0.01419100
v 0.00594556 -0.04720628 -0.01083500
v 0.00704400 -0.04733800 -0.01652400
v 0.00435275 -0.04730875 -0.01661650
v 0.00910050 -0.04732750 -0.01628800
v 0.00744444 -0.04725638 -0.01266306
v -0.00576313 -0.04679850 -0.01043487
v -0.00737300 -0.04666350 -0.00829850
v -0.00274766 -0.04687041 -0.00801959
v 0.00053428 -0.04701273 -0.00800816
v -0.00423238 -0.04676948 -0.00600105
v 0.00003498 -0.04695922 -0.00599569
v 0.00183656 -0.04708719 -0.00923938
v 0.00576205 -0.04714216 -0.00835814
v 0.00353459 -0.04706944 -0.00724631
v 0.00290997 -0.04702316 -0.00506503
v 0.00433166 -0.04703022 -0.00432886
v 0.00667575 -0.04709306 -0.00561950
v 0.01306462 -0.04723438 -0.01516925
v 0.01508966 -0.04719731 -0.01557175
v 0.01683750 -0.04695275 -0.01531275
v 0.01740675 -0.04655550 -0.01549875
v 0.01808475 -0.04564534 -0.01596322
v 0.01776000 -0.04604100 -0.01375500
v 0.01622416 -0.04708486 -0.01285661
v 0.01676813 -0.04690625 -0.01310469
v 0.01085506 -0.04724419 -0.01175481
v 0.01430256 -0.04720853 -0.01316522
v 0.01498400 -0.04723000 -0.00932700
v 0.01329475 -0.04723125 -0.01097787
v 0.01806037 -0.04531303 -0.01376266
v 0.01854016 -0.04296334 -0.01357756
v 0.01646988 -0.04695088 -0.01059000
v 0.01602019 -0.04705850 -0.00862469
v 0.01715000 -0.04657859 -0.01230619
v 0.01718331 -0.04632072 -0.00949312
v 0.01754534 -0.04600459 -0.01089323
v 0.01781297 -0.04549256 -0.01095728
v 0.01821400 -0.04349050 -0.00911350
v 0.00931059 -0.04710072 -0.00575010
v 0.00832887 -0.04705050 -0.00331500
v 0.01057636 -0.04704372 -0.00358763
v 0.01043400 -0.04719400 -0.00840100
v 0.01399337 -0.04722350 -0.00915850
v 0.01333225 -0.04713822 -0.00701111
v 0.01517238 -0.04710625 -0.00672147
v 0.01287444 -0.04706594 -0.00495169
v 0.01393750 -0.04703900 -0.00413650
v 0.01257225 -0.04698153 -0.00237909
v 0.01645500 -0.04688400 -0.00710600
v 0.01684075 -0.04659275 -0.00749225
v 0.01706375 -0.04638300 -0.00608450
v 0.01603450 -0.04692000 -0.00481800
v 0.01670750 -0.04662912 -0.00483988
v 0.01749408 -0.04569709 -0.00405461
v 0.01763072 -0.04556300 -0.00753413
v 0.01777634 -0.04510645 -0.00704105
v 0.01828300 -0.04301900 -0.00908000
v 0.01827869 -0.04271200 -0.00634959
v 0.01535144 -0.04694269 -0.00318062
v 0.01631138 -0.04676956 -0.00351675
v 0.01727037 -0.04600147 -0.00315463
v 0.01761659 -0.04535953 -0.00248147
v 0.01368219 -0.04694950 -0.00092291
v 0.01602328 -0.04672197 -0.00013434
v 0.01684184 -0.04636763 -0.00158938
v 0.01654656 -0.04652925 -0.00057188
v 0.01773453 -0.04477212 -0.00131503
v 0.01807088 -0.04331112 -0.00213175
v 0.01818213 -0.04266612 -0.00267069
v 0.01832012 -0.04165863 -0.00078125
v -0.00963933 -0.04623586 0.00507769
v -0.01273563 -0.04598300 0.00869012
v -0.00821494 -0.04626316 0.00768686
v -0.00529119 -0.04646894 0.00575137
v -0.00826654 -0.04653113 -0.00611530
v -0.00991567 -0.04632991 -0.00266669
v -0.00737766 -0.04651148 -0.00351617
v -0.00450156 -0.04668516 -0.00366363
v -0.00879347 -0.04636650 -0.00136428
v -0.00878981 -0.04636531 0.00065837
v -0.00559466 -0.04657122 -0.00097816
v -0.00317272 -0.04666927 0.00045117
v -0.00081106 -0.04682858 -0.00229917
v 0.00185331 -0.04690869 -0.00117706
v 0.00510616 -0.04694968 -0.00109459
v -0.00000362 -0.04677156 0.00193513
v 0.00254762 -0.04684937 0.00199450
v 0.00577324 -0.04691154 0.00153791
v -0.00053600 -0.04665812 0.00621250
v -0.00127666 -0.04657417 0.00818704
v 0.00242552 -0.04673833 0.00672797
v -0.00404315 -0.04642334 0.00984195
v 0.00165516 -0.04664225 0.00944550
v -0.00036178 -0.04653147 0.01069667
v 0.00904925 -0.04696675 -0.00077325
v 0.00802475 -0.04692425 0.00185075
v 0.01475088 -0.04687725 0.00112000
v 0.00674755 -0.04683985 0.00521990
v 0.01256791 -0.04686309 0.00373556
v 0.01005008 -0.04684316 0.00541736
v 0.01491913 -0.04678469 0.00499875
v 0.01338647 -0.04680486 0.00610183
v 0.01567625 -0.04666200 0.00512531
v 0.01595400 -0.04668613 0.00247288
v 0.01535166 -0.04666350 0.00760863
v 0.01641556 -0.04633875 0.00547950
v 0.01717692 -0.04587536 0.00098811
v 0.01745725 -0.04554075 -0.00010350
v 0.01753672 -0.04505259 0.00168009
v 0.01787587 -0.04356750 0.00122188
v 0.01632563 -0.04651813 0.00298888
v 0.01678316 -0.04619603 0.00260297
v 0.01915100 -0.03789700 -0.00410600
v 0.01840825 -0.04057263 0.00174800
v 0.01738813 -0.04530256 0.00344037
v 0.01705856 -0.04572519 0.00564500
v 0.01667213 -0.04611487 0.00683338
v 0.01727697 -0.04524797 0.00656183
v 0.01742912 -0.04485338 0.00590488
v 0.01775969 -0.04326991 0.00600359
v 0.01798900 -0.04200550 0.00595700
v 0.01867100 -0.03837000 0.00486800
v 0.00689987 -0.04678525 0.00829175
v 0.00365077 -0.04670392 0.00929222
v 0.00602725 -0.04673744 0.00894884
v 0.01091225 -0.04676600 0.00928450
v 0.00245425 -0.04661000 0.01220150
v 0.00557544 -0.04666169 0.01182544
v 0.01031444 -0.04670025 0.01152422
v 0.01285923 -0.04676598 0.00809600
v 0.01343788 -0.04671750 0.01068250
v 0.01610500 -0.04642362 0.00857537
v 0.01461106 -0.04667869 0.01056013
v 0.01667782 -0.04594952 0.00947606
v 0.01486953 -0.04661200 0.01254206
v 0.01582000 -0.04648725 0.01027250
v 0.01695797 -0.04548437 0.01077853
v 0.01007972 -0.04661731 0.01433909
v 0.01523468 -0.04650303 0.01499377
v 0.01612263 -0.04624038 0.01276394
v 0.01666731 -0.04576475 0.01313637
v 0.01313925 -0.04662281 0.01484156
v 0.01572550 -0.04635950 0.01628800
v 0.01763469 -0.04314789 0.00897641
v 0.01719169 -0.04499812 0.01064480
v 0.01754975 -0.04311150 0.01162925
v 0.01812215 -0.03990903 0.01083427
v 0.01844250 -0.03782362 0.01142450
v 0.01889800 -0.03428138 0.01289250
v 0.01673812 -0.04556387 0.01542538
v 0.01702539 -0.04488147 0.01527128
v 0.01644225 -0.04590931 0.01572613
v 0.01725663 -0.04333350 0.01718150
v 0.01750825 -0.04283167 0.01355888
v 0.01954975 -0.03756912 -0.01211638
v 0.02034700 -0.03401962 -0.01515613
v 0.01916525 -0.03979538 -0.01312337
v 0.02005350 -0.03456500 -0.01150800
v 0.01903181 -0.03923606 -0.00820200
v 0.02112500 -0.02974700 -0.01711500
v 0.02117894 -0.02836913 -0.01484694
v 0.02064825 -0.03156250 -0.01319300
v 0.02108300 -0.02867675 -0.01330387
v 0.01995100 -0.03430100 -0.00871000
v 0.02095708 -0.02839555 -0.01033273
v 0.02132075 -0.02758713 -0.01410087
v 0.02123225 -0.02755050 -0.01229450
v 0.02004900 -0.03232200 -0.00357800
v 0.02078812 -0.02848002 -0.00741739
v 0.02144787 -0.02480662 -0.01050800
v 0.02201419 -0.02440366 -0.02011928
v 0.02225100 -0.02324125 -0.02205237
v 0.02222356 -0.02279638 -0.02034163
v 0.02161000 -0.02609600 -0.01614000
v 0.02176938 -0.02495013 -0.01713212
v 0.02138984 -0.02681094 -0.01390445
v 0.02166831 -0.02471750 -0.01501475
v 0.02208000 -0.02308300 -0.01817300
v 0.02234147 -0.02132344 -0.02032173
v 0.02191097 -0.02331919 -0.01584603
v 0.02221800 -0.02117833 -0.01720925
v 0.02258662 -0.02006462 -0.02231263
v 0.02285978 -0.01636358 -0.02117450
v 0.02239800 -0.01977900 -0.01801300
v 0.02250100 -0.01924900 -0.01970500
v 0.02272937 -0.01708072 -0.01962834
v 0.02312188 -0.01292575 -0.02154850
v 0.02299600 -0.01384900 -0.02095700
v 0.02279706 -0.01508012 -0.01835677
v 0.02148700 -0.02607100 -0.01308900
v 0.02162250 -0.02437650 -0.01430400
v 0.02143775 -0.02565925 -0.01234450
v 0.02160500 -0.02418600 -0.01267700
v 0.02188400 -0.02259300 -0.01388100
v 0.02212823 -0.02090530 -0.01482641
v 0.02198700 -0.02194000 -0.01493450
v 0.02184369 -0.02217944 -0.01261887
v 0.02172800 -0.02350100 -0.01194200
v 0.02155725 -0.02294031 -0.00861494
v 0.02188187 -0.02134591 -0.01089141
v 0.02208387 -0.02003312 -0.01171800
v 0.02227100 -0.01855700 -0.01414700
v 0.02208316 -0.01884797 -0.01083209
v 0.02170241 -0.02112013 -0.00783975
v 0.02195711 -0.01916444 -0.00911884
v 0.02233150 -0.01927375 -0.01638875
v 0.02255842 -0.01759919 -0.01753191
v 0.02245444 -0.01761575 -0.01612087
v 0.02234450 -0.01802700 -0.01377250
v 0.02257675 -0.01588688 -0.01599106
v 0.02302764 -0.01256661 -0.01924386
v 0.02285100 -0.01294881 -0.01710697
v 0.02276000 -0.01403200 -0.01607750
v 0.02260606 -0.01473434 -0.01483947
v 0.02270400 -0.01316000 -0.01536800
v 0.02226765 -0.01688205 -0.01139777
v 0.02246100 -0.01504300 -0.01197100
v 0.02263341 -0.01394166 -0.01405763
v 0.02277925 -0.01152163 -0.01476263
v 0.02254487 -0.01356231 -0.01219569
v 0.02268244 -0.01191369 -0.01283559
v 0.01913413 -0.03710925 -0.00078700
v 0.01968000 -0.03311000 0.00102900
v 0.01909550 -0.03553600 0.00525963
v 0.02002738 -0.03037800 0.00173237
v 0.02068794 -0.02804803 -0.00445056
v 0.02040487 -0.02799450 0.00052463
v 0.02119837 -0.02363613 -0.00400950
v 0.02092238 -0.02440406 -0.00118906
v 0.01945650 -0.03248138 0.00694500
v 0.01995994 -0.02830844 0.00726262
v 0.01934500 -0.03193650 0.01023400
v 0.02057573 -0.02537511 0.00252597
v 0.02041925 -0.02494225 0.00590400
v 0.02104313 -0.02054888 0.00278313
v 0.01981481 -0.02768225 0.01070134
v 0.02007373 -0.02568541 0.01002973
v 0.02037556 -0.02326559 0.00939981
v 0.02059950 -0.02196775 0.00735125
v 0.02201378 -0.01751319 -0.00770478
v 0.02173062 -0.01951184 -0.00577531
v 0.02186289 -0.01737609 -0.00520534
v 0.02141147 -0.02061581 -0.00242700
v 0.02163300 -0.01794900 -0.00229300
v 0.02205950 -0.01327800 -0.00412800
v 0.02228766 -0.01502328 -0.00973634
v 0.02213519 -0.01512950 -0.00728319
v 0.02231209 -0.01337072 -0.00840362
v 0.02249166 -0.01252394 -0.01027153
v 0.02290500 -0.00911100 -0.01320500
v 0.02244075 -0.01142262 -0.00879394
v 0.02261994 -0.01004269 -0.01025069
v 0.02233094 -0.01171744 -0.00681603
v 0.02260606 -0.00915700 -0.00955175
v 0.02242375 -0.01044225 -0.00723100
v 0.02201075 -0.01119475 -0.00185100
v 0.02255875 -0.00811100 -0.00742875
v 0.02150162 -0.01669750 0.00076363
v 0.02090078 -0.01846269 0.00743510
v 0.02155975 -0.01368963 0.00261525
v 0.02130800 -0.01372800 0.00639400
v 0.02221300 -0.00662800 -0.00169200
v 0.02039600 -0.02996100 -0.09098400
v 0.02073400 -0.02921100 -0.09091900
v 0.02072150 -0.02900350 -0.09092200
v 0.02125166 -0.02763963 -0.09075188
v -0.01598400 -0.01545844 -0.09149975
v -0.01657241 -0.01577294 -0.09105066
v -0.01688966 -0.01528978 -0.09060016
v -0.01515100 -0.01361181 -0.09168653
v -0.01658081 -0.01291756 -0.09093856
v -0.01696744 -0.01309387 -0.09027719
v -0.01604356 -0.01266494 -0.09139681
v -0.01552488 -0.01264300 -0.09162138
v -0.01403234 -0.01243997 -0.09174791
v -0.01559350 -0.00988363 -0.09156563
v -0.01438927 -0.00760817 -0.09171195
v -0.01665506 -0.01126925 -0.09075600
v -0.01712166 -0.01057438 -0.08959131
v -0.01622900 -0.01097550 -0.09120869
v -0.01745187 -0.01262831 -0.08867675
v -0.01615812 -0.00755650 -0.09117775
v -0.01642862 -0.00816859 -0.09093494
v -0.01669608 -0.00756188 -0.09050175
v -0.01500806 -0.00919944 -0.09169356
v -0.01255200 -0.01738788 -0.09225850
v -0.01370516 -0.01589288 -0.09185872
v -0.01324588 -0.01675531 -0.09210612
v -0.01175150 -0.01315400 -0.09231225
v -0.01255138 -0.01403675 -0.09223713
v -0.00763962 -0.01699262 -0.09236025
v -0.01306025 -0.01326638 -0.09210113
v -0.01035475 -0.01260775 -0.09233900
v -0.01352713 -0.01337750 -0.09186125
v -0.01293325 -0.01019562 -0.09207706
v -0.01257369 -0.01064194 -0.09218725
v -0.01180367 -0.00880247 -0.09226930
v -0.01357750 -0.01086175 -0.09178987
v -0.01581850 -0.00742731 -0.09142494
v -0.01521050 -0.00583575 -0.09162950
v -0.01334109 -0.00850431 -0.09183156
v -0.01369505 -0.00591786 -0.09174836
v -0.01272456 -0.00808428 -0.09209941
v -0.01300813 -0.00579078 -0.09192244
v -0.01548313 -0.00455737 -0.09153212
v -0.01467541 -0.00256267 -0.09168822
v -0.01245400 -0.00265609 -0.09204316
v -0.01312744 -0.00314669 -0.09180206
v -0.01192600 -0.00409900 -0.09219550
v -0.00538569 -0.00978675 -0.09234713
v -0.00501006 -0.00471400 -0.09232400
v -0.00996775 -0.00627475 -0.09231737
v -0.01122069 -0.00481675 -0.09226587
v -0.00613050 -0.00138359 -0.09231453
v -0.01178673 0.00098375 -0.09207652
v -0.01022988 -0.00066150 -0.09223150
v -0.00712575 0.00135512 -0.09228425
v -0.00240225 -0.00319300 -0.09230650
v -0.00922231 0.00491400 -0.09219395
v -0.00195200 0.00151125 -0.09230000
v -0.00539800 0.00446200 -0.09224600
v -0.00256900 0.00421600 -0.09224200
v -0.00419300 0.00569050 -0.09217450
v 0.00005600 0.00574200 -0.09219300
v -0.01807200 -0.01056650 -0.08582438
v -0.01764789 -0.01021562 -0.08751848
v -0.01728075 -0.00884725 -0.08892875
v -0.01798113 -0.00814725 -0.08603875
v -0.01742266 -0.00509006 -0.08782306
v -0.01823915 -0.01090232 -0.08452936
v -0.01879450 -0.00954900 -0.08105700
v -0.01846025 -0.00884350 -0.08333425
v -0.01799262 -0.00621437 -0.08568687
v -0.01819300 -0.00777813 -0.08440263
v -0.01847375 -0.00660137 -0.08294462
v -0.01693594 -0.00604231 -0.08985937
v -0.01621600 -0.00407094 -0.09103356
v -0.01651948 -0.00366227 -0.09062723
v -0.01716902 -0.00542016 -0.08903667
v -0.01679769 -0.00255120 -0.08999425
v -0.01623859 -0.00156737 -0.09092341
v -0.01586831 -0.00305969 -0.09128575
v -0.01722653 -0.00246928 -0.08845062
v -0.01650569 0.00024225 -0.09050838
v -0.01700867 0.00056872 -0.08925970
v -0.01536394 -0.00186303 -0.09150866
v -0.01361162 -0.00075427 -0.09168190
v -0.01564903 0.00105087 -0.09131262
v -0.01793400 -0.00365325 -0.08560400
v -0.01780600 -0.00167700 -0.08611800
v -0.01806187 -0.00298175 -0.08448875
v -0.01733300 -0.00059600 -0.08778400
v -0.01779162 0.00105259 -0.08599647
v -0.01799300 0.00047950 -0.08444550
v -0.01891987 -0.01140456 -0.08027088
v -0.01885544 -0.00704308 -0.08006784
v -0.01866189 -0.00617309 -0.08139444
v -0.01920650 -0.00889831 -0.07602778
v -0.01921594 -0.00499506 -0.07481786
v -0.01905975 -0.00642787 -0.07760875
v -0.01907388 -0.00364487 -0.07611375
v -0.01829950 -0.00146237 -0.08327187
v -0.01867887 -0.00268188 -0.08064763
v -0.01821150 0.00301650 -0.08334800
v -0.01877601 -0.00000490 -0.07878009
v -0.01894777 -0.00072941 -0.07708272
v -0.01852587 0.00416275 -0.08053112
v -0.01876750 0.00372350 -0.07767475
v -0.01582537 0.01543266 -0.09084553
v -0.01607847 0.01610547 -0.09056172
v -0.01684919 0.01492263 -0.08920331
v -0.01668528 0.01380375 -0.08969800
v -0.01719587 0.01359225 -0.08789800
v -0.01632412 0.01718419 -0.09013812
v -0.01738700 0.01549650 -0.08701475
v -0.01719875 0.01790125 -0.08729000
v -0.01743112 0.01722687 -0.08652838
v -0.01759800 0.01436700 -0.08601900
v -0.01749850 0.01732900 -0.08606450
v -0.01763700 0.01626375 -0.08471600
v -0.01774284 0.01717594 -0.08350512
v -0.01611552 0.00064967 -0.09097012
v -0.01518097 0.00106581 -0.09150281
v -0.01681084 0.00215997 -0.08983531
v -0.01464987 0.00152644 -0.09161491
v -0.01497697 0.00461650 -0.09148534
v -0.01638448 0.00276813 -0.09062914
v -0.01604575 0.00343631 -0.09097869
v -0.01307041 -0.00057656 -0.09174316
v -0.01303912 0.00207712 -0.09168300
v -0.01221025 0.00177500 -0.09196550
v -0.01095577 0.00386611 -0.09212148
v -0.01339803 0.00303734 -0.09163275
v -0.01566400 0.00408731 -0.09122456
v -0.01473600 0.00785000 -0.09150200
v -0.01555744 0.00715812 -0.09120281
v -0.01435578 0.00750616 -0.09156439
v -0.01274319 0.00538122 -0.09168828
v -0.01203609 0.00622775 -0.09191722
v -0.01328238 0.00789172 -0.09158825
v -0.01735388 0.00337500 -0.08763275
v -0.01701462 0.00477837 -0.08914412
v -0.01689000 0.00606013 -0.08954369
v -0.01631962 0.00619931 -0.09059916
v -0.01667755 0.00644963 -0.09003898
v -0.01594275 0.00710388 -0.09095025
v -0.01718809 0.00771903 -0.08828400
v -0.01767200 0.00690900 -0.08637650
v -0.01696150 0.00922663 -0.08915450
v -0.01039248 0.00950630 -0.09208697
v -0.01126737 0.01060003 -0.09199041
v -0.01263900 0.00901550 -0.09163997
v -0.01182087 0.01197913 -0.09185175
v -0.00905025 0.00968675 -0.09213269
v -0.00638950 0.01186950 -0.09207350
v -0.01645803 0.00898653 -0.09032087
v -0.01616644 0.00966487 -0.09065644
v -0.01545644 0.00970256 -0.09117975
v -0.01583808 0.01059416 -0.09092603
v -0.01458937 0.01097039 -0.09145305
v -0.01402366 0.01133481 -0.09154025
v -0.01684806 0.00984275 -0.08955547
v -0.01670575 0.01143375 -0.08983700
v -0.01624162 0.01265806 -0.09042450
v -0.01696028 0.01247053 -0.08910872
v -0.01537325 0.01206988 -0.09116937
v -0.01278334 0.01549363 -0.09152596
v -0.01240569 0.01251687 -0.09162219
v -0.01395409 0.01495325 -0.09147872
v -0.01550550 0.01549200 -0.09106381
v -0.01464244 0.01450463 -0.09137862
v -0.01077631 0.01583013 -0.09195625
v -0.00868000 0.01451275 -0.09207800
v -0.00741250 0.00625450 -0.09215900
v -0.00165138 0.01032488 -0.09213312
v -0.01791875 0.00291591 -0.08479641
v -0.01772662 0.00460912 -0.08614725
v -0.01783600 0.00508900 -0.08486600
v -0.01816869 0.00646748 -0.08309789
v -0.01805800 0.00561056 -0.08385028
v -0.01778777 0.00934206 -0.08482797
v -0.01798800 0.01018306 -0.08372566
v -0.01768269 0.00962400 -0.08589300
v -0.01834402 0.00749846 -0.08125239
v -0.01866100 0.00643550 -0.07786200
v -0.01848141 0.00740644 -0.07954506
v -0.01808384 0.01197616 -0.08245028
v -0.01829675 0.01063550 -0.08059800
v -0.01715300 0.01139450 -0.08814300
v -0.01759400 0.01105650 -0.08636888
v -0.01775225 0.01277863 -0.08472450
v -0.01786064 0.01419878 -0.08382239
v -0.01795491 0.01459308 -0.08249511
v -0.00006250 -0.02072700 -0.09233375
v -0.00164769 -0.01493156 -0.09235481
v 0.00187600 -0.01753300 -0.09235450
v 0.00354350 -0.01089300 -0.09233450
v 0.00766487 -0.02477525 -0.09208531
v 0.00594950 -0.02324850 -0.09220150
v 0.00810987 -0.02288237 -0.09212238
v 0.00365375 -0.02302863 -0.09221575
v 0.00259612 -0.02021100 -0.09231312
v 0.00345713 -0.02072925 -0.09226325
v 0.00483075 -0.02165662 -0.09223587
v 0.00800250 -0.02105550 -0.09219050
v 0.00692475 -0.01914897 -0.09226725
v 0.00469287 -0.01856156 -0.09227988
v 0.00457963 -0.01593956 -0.09232206
v 0.00564325 -0.01751537 -0.09228538
v 0.00962844 -0.02067725 -0.09212087
v 0.00952438 -0.01886531 -0.09219269
v 0.00581700 -0.01421200 -0.09225300
v 0.00417700 -0.01234062 -0.09232000
v 0.00712288 -0.01190362 -0.09230375
v 0.00821837 -0.01635031 -0.09227412
v 0.00931638 -0.01764975 -0.09219950
v 0.00987000 -0.01583469 -0.09222150
v 0.01137569 -0.01418825 -0.09220856
v 0.00871037 -0.01413912 -0.09229750
v 0.00835600 -0.01279500 -0.09232400
v 0.00675400 -0.01072100 -0.09224900
v 0.01162450 -0.01318700 -0.09224350
v 0.00962650 -0.00903150 -0.09232688
v 0.01087238 -0.01194625 -0.09223825
v 0.01082548 -0.01028769 -0.09227212
v 0.01263550 -0.01143762 -0.09224103
v -0.00099750 -0.00736512 -0.09233487
v 0.00166125 -0.00474000 -0.09231850
v 0.00600350 -0.00887950 -0.09227750
v 0.00981444 -0.02508462 -0.09195872
v 0.01153400 -0.02350000 -0.09200400
v 0.01255419 -0.02552600 -0.09192825
v 0.01315394 -0.02422506 -0.09199269
v 0.01530187 -0.02516338 -0.09184875
v 0.01069125 -0.02164037 -0.09207575
v 0.01193772 -0.01935987 -0.09211356
v 0.01400213 -0.02102950 -0.09207250
v 0.01667888 -0.02222331 -0.09184219
v 0.01532881 -0.01969863 -0.09204481
v 0.01792637 -0.02386088 -0.09162975
v 0.01892208 -0.02214162 -0.09149998
v 0.02174106 -0.02786281 -0.09036088
v 0.02226734 -0.02753213 -0.08914641
v 0.02078950 -0.02780950 -0.09093200
v 0.02074900 -0.02768300 -0.09094700
v 0.02127700 -0.02546300 -0.09082500
v 0.02174087 -0.02584469 -0.09043150
v 0.02209284 -0.02587406 -0.08979412
v 0.02244650 -0.02491384 -0.08854269
v 0.02065112 -0.02320750 -0.09108900
v 0.02164225 -0.02480250 -0.09062825
v 0.02129650 -0.02388350 -0.09087150
v 0.02129475 -0.02379900 -0.09087800
v 0.02195919 -0.02244119 -0.09037881
v 0.02108200 -0.02168250 -0.09100200
v 0.02145200 -0.02272600 -0.09082300
v 0.02173631 -0.02154813 -0.09067106
v 0.02234591 -0.02233872 -0.08936784
v 0.02283453 -0.02172431 -0.08668809
v 0.02314250 -0.02231875 -0.08436500
v 0.01422925 -0.01823644 -0.09213550
v 0.01772966 -0.01794434 -0.09182963
v 0.01655048 -0.01729077 -0.09200283
v 0.01556975 -0.01569133 -0.09212611
v 0.01200450 -0.01711775 -0.09216925
v 0.01289337 -0.01742788 -0.09212175
v 0.01228564 -0.01519273 -0.09220580
v 0.01498250 -0.01460250 -0.09217300
v 0.01360306 -0.01327322 -0.09217925
v 0.01750388 -0.01258991 -0.09196613
v 0.01870197 -0.01172453 -0.09180359
v 0.01923306 -0.01626894 -0.09160113
v 0.01641356 -0.01203428 -0.09209828
v 0.01980051 -0.01969031 -0.09137755
v 0.02099450 -0.02024525 -0.09106350
v 0.02109675 -0.02157050 -0.09099975
v 0.02095600 -0.02018150 -0.09107650
v 0.02130650 -0.01832650 -0.09103100
v 0.02127925 -0.01851575 -0.09103450
v 0.02224975 -0.01968819 -0.09004494
v 0.02245431 -0.01902587 -0.08954531
v 0.02198513 -0.01931575 -0.09051987
v 0.02173987 -0.01830463 -0.09081800
v 0.02211000 -0.01781000 -0.09056500
v 0.02091806 -0.01607975 -0.09120713
v 0.02138000 -0.01717300 -0.09102800
v 0.02173100 -0.01570100 -0.09094900
v 0.02211959 -0.01559759 -0.09064600
v 0.02262744 -0.01744788 -0.08910263
v 0.02309225 -0.02046525 -0.08515925
v 0.02321600 -0.01947800 -0.08485000
v 0.02323862 -0.01781463 -0.08489894
v 0.01986725 -0.01026425 -0.09160875
v 0.02145900 -0.01272900 -0.09114700
v 0.02146650 -0.01456850 -0.09109200
v 0.02149250 -0.01478300 -0.09107950
v 0.02210200 -0.01406400 -0.09078700
v 0.02242050 -0.01636387 -0.09002788
v 0.02282038 -0.01197238 -0.08919300
v 0.02333719 -0.01221256 -0.08574950
v 0.02325748 -0.01575516 -0.08533914
v 0.02349138 -0.01659137 -0.08361763
v 0.02305155 -0.01039315 -0.08834469
v 0.02336412 -0.01879575 -0.08380237
v 0.02348450 -0.01756275 -0.08285987
v 0.02355106 -0.01362763 -0.08390412
v 0.02370900 -0.01528100 -0.08223500
v 0.02386259 -0.01419141 -0.08098383
v 0.02391138 -0.01237800 -0.08150988
v 0.01260919 -0.00927350 -0.09224562
v 0.01015100 -0.00635750 -0.09232700
v 0.01217913 -0.00787547 -0.09224141
v 0.00394550 -0.00180625 -0.09231075
v 0.00586700 -0.00547700 -0.09229000
v 0.01240666 -0.00635862 -0.09226206
v 0.00710600 -0.00018850 -0.09229950
v 0.01055750 -0.00056150 -0.09232950
v 0.01283600 -0.00478700 -0.09230100
v 0.00644450 0.00354575 -0.09231650
v 0.00598700 0.00531100 -0.09224300
v 0.00345950 0.00858550 -0.09222725
v 0.00094825 0.01132462 -0.09216437
v 0.01084800 0.00540500 -0.09224300
v 0.01264800 0.00260400 -0.09232800
v 0.01464825 -0.00372700 -0.09226100
v 0.01349525 -0.00004025 -0.09231650
v 0.01446550 0.00272200 -0.09228800
v 0.01352950 0.00534200 -0.09221850
v 0.01604738 0.00547119 -0.09213200
v 0.01374537 -0.01073856 -0.09218725
v 0.01604450 -0.00944750 -0.09213750
v 0.01485906 -0.00859434 -0.09215459
v 0.01418650 -0.00720425 -0.09223300
v 0.02090109 -0.00924508 -0.09138683
v 0.01736006 -0.00698916 -0.09203091
v 0.01582763 -0.00681713 -0.09211763
v 0.01568725 -0.00479075 -0.09219825
v 0.01627975 -0.00185650 -0.09218200
v 0.01904594 -0.00726025 -0.09180719
v 0.01828044 -0.00279819 -0.09197450
v 0.02023500 -0.00504569 -0.09160825
v 0.02184600 -0.00637800 -0.09117600
v 0.02156125 -0.01280450 -0.09110225
v 0.02159300 -0.01307800 -0.09108100
v 0.02240612 -0.01263888 -0.09039863
v 0.02220300 -0.01186950 -0.09077000
v 0.02166100 -0.01142250 -0.09111550
v 0.02262881 -0.01234413 -0.08989463
v 0.02244469 -0.01017144 -0.09061337
v 0.02177500 -0.01012650 -0.09110250
v 0.02263781 -0.00988056 -0.09029394
v 0.02282937 -0.00959250 -0.08978275
v 0.02252475 -0.00743288 -0.09068925
v 0.02173900 -0.00861100 -0.09115100
v 0.02196250 -0.00720238 -0.09110937
v 0.02282887 -0.00671737 -0.09020631
v 0.02303469 -0.00637113 -0.08953959
v 0.02197325 -0.00725500 -0.09110450
v 0.02205500 -0.00547400 -0.09111300
v 0.02236025 -0.00462497 -0.09098475
v 0.02273519 -0.00490319 -0.09057806
v 0.01924328 -0.00068406 -0.09185844
v 0.02195050 -0.00443600 -0.09119600
v 0.02196000 -0.00283300 -0.09123000
v 0.02197800 -0.00531900 -0.09115100
v 0.02265013 -0.00305650 -0.09084706
v 0.02336281 -0.01025108 -0.08621809
v 0.02366217 -0.01074555 -0.08428373
v 0.02393187 -0.01147725 -0.08189825
v 0.02372486 -0.00749533 -0.08460889
v 0.02389150 -0.00849725 -0.08275200
v 0.02329825 -0.00293666 -0.08898872
v 0.02380475 -0.00542263 -0.08479713
v 0.02406300 -0.01070500 -0.08115100
v 0.02412387 -0.01123275 -0.07986787
v 0.02433075 -0.00839900 -0.07878825
v 0.02411144 -0.00752388 -0.08159113
v 0.02425812 -0.00562156 -0.08099962
v 0.02413808 -0.00311571 -0.08300055
v 0.01799700 0.00144400 -0.09206300
v 0.02219900 -0.00099200 -0.09122800
v 0.01666812 0.00255575 -0.09217700
v 0.01960969 0.00399403 -0.09183975
v 0.01748300 0.00488300 -0.09204569
v 0.02216300 0.00084400 -0.09127500
v 0.02067922 0.00248705 -0.09163289
v 0.02246000 0.00014600 -0.09112400
v 0.02244500 0.00232100 -0.09120800
v 0.02231500 0.00273300 -0.09127100
v 0.02238000 0.00252700 -0.09123950
v 0.02256100 0.00348800 -0.09121500
v 0.02302950 -0.00188638 -0.09033594
v 0.02233200 -0.00139700 -0.09115300
v 0.02226550 -0.00119450 -0.09119050
v 0.02334941 -0.00040122 -0.08952872
v 0.02292744 -0.00051163 -0.09066119
v 0.02397722 -0.00057509 -0.08528587
v 0.02391778 -0.00257522 -0.08490531
v 0.02362600 0.00008981 -0.08797778
v 0.02342491 0.00228059 -0.08987873
v 0.02298516 0.00302788 -0.09088144
v 0.02313638 0.00191413 -0.09057475
v 0.02371756 0.00372194 -0.08899494
v 0.02426934 -0.00091861 -0.08296539
v 0.02430630 0.00205791 -0.08398038
v 0.02422743 0.00581338 -0.08633509
v 0.02433625 -0.00000887 -0.08262656
v 0.02437175 -0.00733600 -0.07927550
v 0.02448194 -0.00222862 -0.08045575
v 0.02462312 -0.00315113 -0.07842188
v 0.02481475 -0.00325194 -0.07545813
v 0.02464500 0.00114525 -0.08055862
v 0.02488962 0.00226437 -0.07858487
v 0.02470600 0.00269700 -0.08099700
v 0.02499769 0.00132319 -0.07589244
v 0.02506250 -0.00048500 -0.07285300
v 0.02525000 0.00807562 -0.07793350
v 0.02525475 0.00495591 -0.07363150
v 0.02534025 0.00557537 -0.07123688
v -0.01525862 0.01916706 -0.09109778
v -0.01576853 0.01942378 -0.09081166
v -0.01604059 0.01951700 -0.09051934
v -0.01621859 0.01971538 -0.09016669
v -0.01454045 0.01939800 -0.09128833
v -0.01630344 0.02076112 -0.08962162
v -0.01570856 0.02207191 -0.09073791
v -0.01595025 0.02223044 -0.09042300
v -0.01546694 0.02165113 -0.09094419
v -0.01379425 0.02408575 -0.09131850
v -0.01507987 0.02242225 -0.09107912
v -0.01525491 0.02384712 -0.09095859
v -0.01602125 0.02331950 -0.09016400
v -0.01655741 0.02261716 -0.08749694
v -0.01624366 0.02254291 -0.08892978
v -0.01557491 0.02490084 -0.09067384
v -0.01575009 0.02566772 -0.09037613
v -0.01598552 0.02465744 -0.08873794
v -0.01728550 0.02049900 -0.08605300
v -0.01685700 0.02044500 -0.08754600
v -0.01692487 0.02325450 -0.08620450
v -0.01748775 0.01889637 -0.08485338
v -0.01755450 0.01961000 -0.08360350
v -0.01710600 0.02274600 -0.08577600
v -0.01616244 0.02537625 -0.08724275
v -0.01675900 0.02545550 -0.08563750
v -0.01727400 0.02232450 -0.08362300
v -0.01659050 0.02564200 -0.08620950
v -0.01321978 0.02590795 -0.09133769
v -0.01407837 0.02664061 -0.09119730
v -0.01580412 0.02667088 -0.09008875
v -0.01588672 0.02654525 -0.08963473
v -0.01472034 0.02744303 -0.09100675
v -0.01516687 0.02731662 -0.09081063
v -0.01535934 0.02828778 -0.09053434
v -0.01468050 0.02993762 -0.09088575
v -0.01190306 0.02589450 -0.09142819
v -0.01259919 0.03105075 -0.09117600
v -0.01385205 0.03091439 -0.09109272
v -0.01171194 0.03009166 -0.09126369
v -0.01562485 0.02741368 -0.08823769
v -0.01560200 0.02963975 -0.08899675
v -0.01557838 0.02838813 -0.09020469
v -0.01571619 0.02875681 -0.08950800
v -0.01568937 0.02810681 -0.08687319
v -0.01538616 0.02897892 -0.08730828
v -0.01622075 0.02760525 -0.08602325
v -0.01510419 0.03085513 -0.08679919
v -0.01555819 0.02970419 -0.08979381
v -0.01475037 0.03124663 -0.09073737
v -0.01509125 0.03102625 -0.09034138
v -0.01447300 0.03358900 -0.09072900
v -0.01493291 0.03277250 -0.09009259
v -0.01533156 0.03203775 -0.08913662
v -0.01516519 0.03053909 -0.08765000
v -0.01528450 0.03198650 -0.08839250
v -0.01495169 0.03142181 -0.08713588
v -0.01513153 0.03308306 -0.08846600
v -0.01152912 0.01664219 -0.09181781
v -0.01225869 0.01602378 -0.09160206
v -0.01360886 0.01930952 -0.09143177
v -0.01217356 0.01846406 -0.09156231
v -0.01150712 0.02064409 -0.09172266
v -0.00698094 0.01703131 -0.09200969
v -0.00985791 0.02004694 -0.09192056
v -0.01204041 0.02121981 -0.09152341
v -0.01222767 0.02296494 -0.09145947
v -0.01054558 0.02343370 -0.09177861
v -0.01127200 0.02442522 -0.09165328
v -0.00822550 0.02324800 -0.09184975
v -0.00412725 0.01495700 -0.09205625
v 0.00067300 0.01552713 -0.09210200
v -0.00162025 0.02186988 -0.09189509
v 0.00182669 0.01852125 -0.09205638
v -0.00662800 0.02148700 -0.09186400
v -0.00859950 0.02654450 -0.09176500
v -0.00450175 0.02282425 -0.09182600
v -0.00602613 0.02805063 -0.09164825
v -0.00112250 0.02563600 -0.09181700
v 0.00344147 0.01885278 -0.09207472
v 0.00451400 0.02240800 -0.09204250
v 0.00228731 0.02576647 -0.09190159
v 0.00111100 0.02701950 -0.09182775
v -0.01149688 0.02733006 -0.09146881
v -0.01047300 0.02792600 -0.09165900
v -0.00989300 0.02759500 -0.09171300
v -0.01093450 0.02937750 -0.09152050
v -0.00693300 0.03036925 -0.09158350
v -0.01086225 0.03260925 -0.09136500
v -0.01159109 0.03342141 -0.09113553
v -0.01303156 0.03378713 -0.09105937
v -0.01409575 0.03342625 -0.09090050
v -0.01472550 0.03297962 -0.09054363
v -0.01447775 0.03475838 -0.09044062
v -0.01393012 0.03599537 -0.09060300
v -0.01344025 0.03546987 -0.09090125
v -0.01309275 0.03773181 -0.09077331
v -0.01138134 0.03664353 -0.09096692
v -0.01051906 0.03681150 -0.09112841
v -0.01252800 0.03712500 -0.09091000
v -0.01493888 0.03398363 -0.08882194
v -0.01474813 0.03420875 -0.08930125
v -0.01452812 0.03511850 -0.09012938
v -0.01438075 0.03543500 -0.08716225
v -0.01459925 0.03538625 -0.08823725
v -0.01425150 0.03664613 -0.08977562
v -0.01412425 0.03691669 -0.09006212
v -0.01427469 0.03619481 -0.08885487
v -0.00964600 0.03746100 -0.09119000
v -0.01140437 0.03818325 -0.09087375
v -0.01330838 0.03835813 -0.09059225
v -0.01388134 0.03780372 -0.08850722
v -0.01371650 0.03868550 -0.08951250
v -0.01229150 0.03901125 -0.09083200
v -0.01296550 0.03945750 -0.09061600
v -0.01319050 0.03941712 -0.09041488
v -0.01318969 0.03983169 -0.08968713
v -0.01034050 0.04040850 -0.09087100
v -0.01187775 0.04037125 -0.09073550
v -0.01288100 0.04031975 -0.09037800
v -0.01277475 0.04079975 -0.08998825
v -0.01251725 0.04042425 -0.09058575
v -0.01245650 0.04129325 -0.09008850
v -0.01225900 0.04117013 -0.09038213
v -0.01125063 0.04096013 -0.09070738
v -0.01099100 0.04195588 -0.09033337
v -0.01186550 0.04192550 -0.09002450
v -0.00831750 0.04002025 -0.09105625
v -0.00958100 0.04101750 -0.09085200
v -0.00992475 0.04164775 -0.09064400
v -0.00832850 0.04183450 -0.09066763
v -0.01061350 0.04321475 -0.09014200
v -0.00915375 0.04235375 -0.09037275
v -0.00782531 0.04331131 -0.09010206
v -0.00392700 0.03250000 -0.09151900
v 0.00312338 0.03019694 -0.09175987
v 0.00537487 0.02508913 -0.09198563
v 0.00639697 0.02680775 -0.09192783
v 0.00412228 0.02731650 -0.09189622
v 0.00305075 0.02809500 -0.09183244
v 0.00610597 0.02811544 -0.09188603
v 0.00267200 0.03188081 -0.09168087
v 0.00602350 0.03208263 -0.09173300
v 0.00519284 0.03340648 -0.09164073
v -0.00915100 0.03135863 -0.09156100
v -0.00835463 0.03414113 -0.09142100
v -0.00531687 0.03501350 -0.09134913
v -0.00733200 0.03885000 -0.09118550
v -0.00085600 0.03712700 -0.09137100
v 0.00022094 0.03336456 -0.09154975
v -0.00332900 0.03744200 -0.09129900
v -0.00442725 0.03986450 -0.09122675
v -0.00179544 0.03971087 -0.09132294
v 0.00040241 0.04057447 -0.09133119
v -0.00059000 0.04103700 -0.09120325
v -0.00345294 0.04090387 -0.09115681
v -0.00666825 0.04146875 -0.09088450
v -0.00541263 0.04155525 -0.09087563
v -0.00408525 0.04202450 -0.09054550
v -0.00630888 0.04204750 -0.09055300
v -0.00691619 0.04286856 -0.09027119
v -0.00759837 0.04368337 -0.08976294
v -0.00471650 0.04289638 -0.09019088
v -0.00440822 0.04336912 -0.08977912
v -0.00476587 0.04366013 -0.08945575
v -0.00313300 0.04130700 -0.09104562
v -0.00292200 0.04284100 -0.09015000
v -0.00267112 0.04195112 -0.09054825
v -0.00088388 0.04136675 -0.09103838
v 0.00010800 0.04169431 -0.09062219
v 0.00062328 0.04197428 -0.09038128
v 0.00040697 0.04291747 -0.08990344
v -0.00122550 0.04327100 -0.08972075
v -0.00499409 0.04394703 -0.08882066
v -0.00264706 0.04366850 -0.08925731
v -0.00120400 0.04385300 -0.08848300
v -0.00082269 0.04361144 -0.08913688
v 0.00053025 0.04372400 -0.08848450
v -0.00135625 0.04388175 -0.08838575
v 0.00378162 0.03637000 -0.09151700
v 0.00309063 0.03852387 -0.09149275
v 0.00574250 0.03886100 -0.09155250
v 0.00825100 0.03564000 -0.09160200
v 0.00233666 0.03991388 -0.09143938
v 0.00237012 0.04109137 -0.09122525
v 0.00386050 0.04043087 -0.09143650
v 0.00184800 0.04133406 -0.09102631
v 0.00252600 0.04161625 -0.09054725
v 0.00441181 0.04121981 -0.09114869
v 0.00437156 0.04150375 -0.09062325
v 0.00660250 0.04032950 -0.09150700
v 0.00856900 0.04014250 -0.09153550
v 0.00572238 0.04073823 -0.09140069
v 0.00854113 0.04083500 -0.09135475
v 0.00603775 0.04104350 -0.09127750
v 0.00667237 0.04118513 -0.09111575
v 0.00363000 0.04179150 -0.09039587
v 0.00630506 0.04152044 -0.09055713
v 0.00276225 0.04256350 -0.09002600
v 0.00207153 0.04320070 -0.08938195
v -0.00213225 0.04396725 -0.08809925
v 0.00209995 0.04363272 -0.08669603
v 0.00409050 0.01301400 -0.09221150
v 0.00761700 0.01072125 -0.09222912
v 0.00990150 0.01335600 -0.09220825
v 0.00906450 0.01631450 -0.09217950
v 0.01523950 0.00971000 -0.09212800
v 0.01247437 0.00979987 -0.09220250
v 0.01354148 0.01183111 -0.09215703
v 0.01324750 0.01467400 -0.09212850
v 0.01684506 0.01048983 -0.09202108
v 0.01564591 0.01502511 -0.09202538
v 0.01161414 0.01786409 -0.09212571
v 0.01307013 0.01656934 -0.09211678
v 0.01601219 0.01891488 -0.09196592
v 0.02025887 0.01403875 -0.09174037
v 0.01836306 0.01733247 -0.09185106
v 0.01917787 0.02147707 -0.09175448
v 0.02015000 0.00638500 -0.09179800
v 0.02248850 0.00367500 -0.09124550
v 0.02204500 0.00508450 -0.09139888
v 0.02263734 0.00493684 -0.09118888
v 0.02258100 0.00483000 -0.09121700
v 0.02329844 0.00588137 -0.09067831
v 0.02255150 0.00592950 -0.09126475
v 0.02259100 0.00556800 -0.09123450
v 0.02256150 0.00658300 -0.09129150
v 0.02041775 0.01037750 -0.09176500
v 0.02237450 0.00769100 -0.09138000
v 0.02231800 0.00807800 -0.09140300
v 0.02248250 0.00915900 -0.09137400
v 0.02261100 0.00687500 -0.09128800
v 0.02320919 0.00830688 -0.09101900
v 0.02358606 0.00831100 -0.09050956
v 0.02348728 0.00481030 -0.09017864
v 0.02299644 0.00999600 -0.09121475
v 0.02284550 0.01111000 -0.09129900
v 0.02371975 0.01060150 -0.09051775
v 0.02401088 0.00921294 -0.08953644
v 0.02363169 0.01213188 -0.09081559
v 0.02437345 0.01306863 -0.08906323
v 0.02394612 0.00722219 -0.08911831
v 0.02455263 0.00630613 -0.08438050
v 0.02465661 0.00727948 -0.08380873
v 0.02454841 0.01181642 -0.08708244
v 0.02144741 0.01535634 -0.09159900
v 0.02286625 0.01515800 -0.09135975
v 0.02234200 0.01244700 -0.09144350
v 0.02287550 0.01224500 -0.09130800
v 0.02348375 0.01388916 -0.09108062
v 0.02414194 0.01216356 -0.08973525
v 0.02409900 0.01456944 -0.09034256
v 0.02431162 0.01469950 -0.08982944
v 0.02305925 0.01374875 -0.09127500
v 0.02309550 0.01380750 -0.09126450
v 0.02286900 0.01472000 -0.09134800
v 0.02463962 0.01553087 -0.08858900
v 0.02283300 0.01664225 -0.09139125
v 0.02073394 0.01933009 -0.09170147
v 0.02277250 0.01874800 -0.09142800
v 0.02374881 0.01609444 -0.09097675
v 0.02421400 0.01715613 -0.09050212
v 0.02288850 0.01633162 -0.09137263
v 0.02352331 0.01718800 -0.09120456
v 0.02464941 0.01833691 -0.08967175
v 0.02386900 0.01877898 -0.09106288
v 0.02362650 0.01983600 -0.09125450
v 0.02426750 0.01952581 -0.09064600
v 0.02457306 0.02035575 -0.09023369
v 0.02177537 0.02464538 -0.09162413
v 0.02281850 0.02015800 -0.09143650
v 0.02279900 0.02047000 -0.09144000
v 0.02332525 0.02270950 -0.09136225
v 0.02334750 0.02256150 -0.09135150
v 0.02383497 0.02203997 -0.09119456
v 0.02418631 0.02297275 -0.09096231
v 0.00530681 0.01821519 -0.09212594
v 0.00842669 0.01887469 -0.09212694
v 0.00727975 0.02453063 -0.09200100
v 0.01222300 0.01901438 -0.09210100
v 0.00968331 0.02167119 -0.09208078
v 0.01284834 0.02307181 -0.09201797
v 0.01373700 0.02121000 -0.09203600
v 0.01698129 0.02193302 -0.09189007
v 0.02472275 0.00568675 -0.08238544
v 0.02510050 0.00809375 -0.08011075
v 0.02472112 0.00906387 -0.08437725
v 0.02476081 0.01039169 -0.08497538
v 0.02499600 0.01009700 -0.08280600
v 0.02490325 0.01200175 -0.08428587
v 0.02514481 0.01163988 -0.08173381
v 0.02534455 0.01180372 -0.07926197
v 0.02519691 0.01831953 -0.08544997
v 0.02488628 0.01960038 -0.08893444
v 0.02528277 0.02083140 -0.08587634
v 0.02493989 0.01445856 -0.08553572
v 0.02522700 0.01342500 -0.08255050
v 0.02519639 0.01465396 -0.08313424
v 0.02521163 0.01723562 -0.08447625
v 0.02528228 0.01345663 -0.08131575
v 0.02547175 0.01645850 -0.08074062
v 0.02547544 0.01482006 -0.07915447
v 0.02539917 0.01785473 -0.08260328
v 0.02547475 0.02047856 -0.08301434
v 0.02550950 0.01878500 -0.08157500
v 0.02543275 0.01046281 -0.07585988
v 0.02554650 0.01614550 -0.07846200
v 0.02551231 0.01289008 -0.07565841
v 0.02550062 0.01056625 -0.07236925
v 0.02535581 0.00532078 -0.06813297
v 0.02551600 0.01054700 -0.06956900
v 0.02557100 0.01398050 -0.07312925
v 0.02557800 0.01850306 -0.07885400
v 0.02561200 0.02030550 -0.07662300
v 0.02557894 0.02073581 -0.08111469
v 0.02560366 0.02089675 -0.07915019
v 0.02558000 0.01548000 -0.07097100
v 0.02556364 0.01884733 -0.07202369
v 0.02555306 0.02370112 -0.07660991
v 0.02551994 0.02280012 -0.07413563
v 0.00940800 0.02581600 -0.09199500
v 0.01198750 0.02485000 -0.09200200
v 0.01055981 0.02643931 -0.09193644
v 0.01253488 0.02744991 -0.09190684
v 0.01396588 0.02688253 -0.09188056
v 0.00935627 0.02743975 -0.09192016
v 0.00761639 0.02954048 -0.09185119
v 0.01032078 0.02882475 -0.09187184
v 0.00931325 0.03045450 -0.09182950
v 0.00925019 0.03226616 -0.09174486
v 0.01360186 0.02997495 -0.09180653
v 0.01286750 0.03162988 -0.09174438
v 0.01537348 0.02383689 -0.09193002
v 0.01530478 0.02595034 -0.09188994
v 0.01866348 0.02455489 -0.09176869
v 0.02081675 0.02522438 -0.09169663
v 0.01700375 0.02667987 -0.09183100
v 0.01706022 0.02756219 -0.09178700
v 0.01518072 0.02835144 -0.09183134
v 0.01631319 0.03035122 -0.09174900
v 0.01955951 0.02918787 -0.09168622
v 0.02116800 0.02963650 -0.09165737
v 0.01449675 0.03574700 -0.09159375
v 0.01558448 0.03247302 -0.09167997
v 0.01101187 0.03807944 -0.09158088
v 0.01136675 0.04012525 -0.09151375
v 0.01696956 0.03764397 -0.09155731
v 0.01877219 0.03180634 -0.09165519
v 0.02188181 0.02834000 -0.09161716
v 0.02185500 0.03237500 -0.09161200
v 0.02164775 0.03470775 -0.09156825
v 0.02377700 0.03438150 -0.09138550
v 0.02273472 0.03643309 -0.09146441
v 0.01835361 0.03611295 -0.09155398
v 0.02498525 0.02248419 -0.08942456
v 0.02477347 0.02549122 -0.09039563
v 0.02500456 0.02484866 -0.08984016
v 0.02514431 0.02426838 -0.08915150
v 0.02537361 0.02337469 -0.08598995
v 0.02334700 0.02518600 -0.09139400
v 0.02343400 0.02506200 -0.09137300
v 0.02413650 0.02457500 -0.09107900
v 0.02385475 0.02563812 -0.09125563
v 0.02279334 0.02861084 -0.09151478
v 0.02330600 0.02625700 -0.09141500
v 0.02433884 0.02809159 -0.09106603
v 0.02451300 0.02706106 -0.09085028
v 0.02349100 0.02667700 -0.09138600
v 0.02342800 0.02691750 -0.09140250
v 0.02343800 0.02738450 -0.09140500
v 0.02534406 0.02750284 -0.08919309
v 0.02542775 0.02714106 -0.08630694
v 0.02550569 0.02159084 -0.08296284
v 0.02544239 0.02257712 -0.08435780
v 0.02546644 0.02395112 -0.08425019
v 0.02550794 0.02395969 -0.08305512
v 0.02546972 0.02560822 -0.08464206
v 0.02548813 0.02797325 -0.08417075
v 0.02351100 0.02761100 -0.09139100
v 0.02328900 0.02844600 -0.09143800
v 0.02348050 0.02984150 -0.09142750
v 0.02410794 0.02910037 -0.09122328
v 0.02519169 0.02945825 -0.09006462
v 0.02354400 0.02969000 -0.09141700
v 0.02349125 0.03193750 -0.09142975
v 0.02351400 0.03207750 -0.09142650
v 0.02447327 0.03191880 -0.09111159
v 0.02496394 0.03138369 -0.09060506
v 0.02535895 0.02980425 -0.08965647
v 0.02548150 0.03018000 -0.08895000
v 0.02385000 0.03355900 -0.09137700
v 0.02523800 0.03312850 -0.09042100
v 0.02484459 0.03482684 -0.09095022
v 0.02451047 0.03517806 -0.09117753
v 0.02392800 0.03539650 -0.09134500
v 0.02543514 0.02916269 -0.08749177
v 0.02554800 0.03306000 -0.08940400
v 0.02541325 0.03225400 -0.08730262
v 0.02540841 0.03083328 -0.08483156
v 0.02554200 0.03384000 -0.08902500
v 0.02537750 0.03408850 -0.09020150
v 0.02540875 0.03535162 -0.08993969
v 0.02539981 0.03638187 -0.08970900
v 0.02526925 0.03552350 -0.08704975
v 0.02543700 0.03556400 -0.08846400
v 0.02522287 0.03510925 -0.08639025
v 0.02555187 0.02514028 -0.08167603
v 0.02550350 0.02675750 -0.07922500
v 0.02547950 0.02815775 -0.08173625
v 0.02534675 0.02978350 -0.07924700
v 0.02557300 0.02445225 -0.07876325
v 0.02537205 0.02717470 -0.07502408
v 0.02543300 0.02453700 -0.07231000
v 0.02515505 0.03199784 -0.07846034
v 0.02514825 0.03431375 -0.08311925
v 0.02488578 0.03681569 -0.08231944
v 0.02489150 0.03427725 -0.07698675
v 0.02476125 0.03775000 -0.08135738
v 0.02457000 0.03733700 -0.07724700
v 0.02445100 0.03792100 -0.07578300
v 0.00769109 0.04198538 -0.09018547
v 0.00804938 0.04140675 -0.09062350
v 0.00503337 0.04253159 -0.08986816
v 0.00792559 0.04235947 -0.08974241
v 0.00419823 0.04324945 -0.08891448
v 0.00214450 0.04359650 -0.08840450
v 0.00240250 0.04358413 -0.08839300
v 0.00427775 0.04344025 -0.08832637
v 0.00445047 0.04350578 -0.08753809
v 0.00752200 0.04287700 -0.08893500
v 0.00611375 0.04319550 -0.08852800
v 0.00598050 0.04323525 -0.08845350
v 0.00853359 0.04315400 -0.08758341
v 0.00454500 0.04342250 -0.08829200
v 0.00608112 0.04337181 -0.08565025
v 0.00932725 0.04313100 -0.08692875
v 0.01505631 0.03985719 -0.09151181
v 0.01315462 0.04049387 -0.09140213
v 0.01525044 0.04032256 -0.09142250
v 0.01485475 0.04068225 -0.09125312
v 0.01654662 0.04054925 -0.09129625
v 0.01642194 0.04075094 -0.09106794
v 0.01898750 0.03962650 -0.09148613
v 0.01763938 0.04030062 -0.09137112
v 0.01840838 0.04063463 -0.09110175
v 0.01653103 0.04094869 -0.09056466
v 0.01895744 0.04087750 -0.09050744
v 0.01972313 0.04004850 -0.09139700
v 0.01985337 0.04046275 -0.09119962
v 0.02042612 0.04080013 -0.09051925
v 0.02205750 0.03963925 -0.09142750
v 0.02412588 0.03830481 -0.09128794
v 0.02334900 0.03958700 -0.09133800
v 0.02156900 0.04022250 -0.09133200
v 0.02405600 0.04004800 -0.09113400
v 0.02308513 0.04034362 -0.09111063
v 0.02132775 0.04053675 -0.09110975
v 0.02286150 0.04061100 -0.09072850
v 0.02132700 0.04132200 -0.08967300
v 0.02346300 0.04082500 -0.09000400
v 0.02458850 0.04041650 -0.09049150
v 0.02357338 0.04078475 -0.09006225
v 0.02200825 0.04125350 -0.08960875
v 0.02160925 0.04129300 -0.08965775
v 0.02250300 0.04117100 -0.08958400
v 0.02397675 0.04075250 -0.08978625
v 0.00932200 0.04099325 -0.09120375
v 0.01110900 0.04065000 -0.09138981
v 0.01216000 0.04086178 -0.09120200
v 0.00980400 0.04133987 -0.09061275
v 0.01157550 0.04118875 -0.09069400
v 0.01151556 0.04176388 -0.09012441
v 0.01091656 0.04217969 -0.08964900
v 0.00882200 0.04271000 -0.08903100
v 0.01030125 0.04268375 -0.08878350
v 0.01086788 0.04263837 -0.08877388
v 0.01283700 0.04239013 -0.08896812
v 0.01385119 0.04113625 -0.09057956
v 0.01487250 0.04156212 -0.09007138
v 0.01401800 0.04217900 -0.08921200
v 0.01700522 0.04171103 -0.08959775
v 0.01277200 0.04238950 -0.08898175
v 0.01385800 0.04222500 -0.08914650
v 0.01444277 0.04239708 -0.08854692
v 0.01516400 0.04213800 -0.08911950
v 0.01532475 0.04210350 -0.08916550
v 0.01695700 0.04205300 -0.08895200
v 0.01369308 0.04258897 -0.08787998
v 0.01625025 0.04228759 -0.08725919
v 0.00866400 0.04275600 -0.08896400
v 0.01040863 0.04287422 -0.08817450
v 0.01175675 0.04286925 -0.08691288
v 0.00933234 0.04308372 -0.08297512
v 0.01064519 0.04297687 -0.08307631
v 0.01413100 0.04255400 -0.08307850
v 0.01802200 0.04190300 -0.08910200
v 0.01712700 0.04201100 -0.08902600
v 0.01789950 0.04193300 -0.08903850
v 0.01920800 0.04130500 -0.09001350
v 0.01888350 0.04185700 -0.08895900
v 0.01905006 0.04189744 -0.08797256
v 0.02069950 0.04156862 -0.08633663
v 0.02191400 0.04142287 -0.08878938
v 0.02294141 0.04105891 -0.08513544
v 0.02016700 0.04170400 -0.08905100
v 0.02097425 0.04161250 -0.08878550
v 0.02282906 0.04112778 -0.08791134
v 0.02353325 0.04082953 -0.08751925
v 0.01689225 0.04215175 -0.08337025
v 0.01903247 0.04183787 -0.08367184
v 0.01844862 0.04194775 -0.08258025
v 0.02106975 0.04149675 -0.08360800
v 0.02223400 0.04126025 -0.08391550
v 0.02121309 0.04151319 -0.08080313
v 0.02455350 0.03783312 -0.09117163
v 0.02482200 0.03904500 -0.09104800
v 0.02505600 0.03677375 -0.09076050
v 0.02534600 0.03709950 -0.08935000
v 0.02491525 0.03797587 -0.09097200
v 0.02514725 0.03843725 -0.09070975
v 0.02470600 0.03935100 -0.09109300
v 0.02476400 0.03919800 -0.09107050
v 0.02503950 0.03990800 -0.09059500
v 0.02520575 0.03943325 -0.09038600
v 0.02511925 0.03799737 -0.08705338
v 0.02517575 0.03815113 -0.08893419
v 0.02517775 0.03964975 -0.09003850
v 0.02485931 0.03972237 -0.08883931
v 0.02495612 0.03894019 -0.08717163
v 0.02474400 0.04003300 -0.09084200
v 0.02474800 0.03989600 -0.09093400
v 0.02468775 0.04043500 -0.09021175
v 0.02508250 0.03998400 -0.09022500
v 0.02415400 0.04056213 -0.08873350
v 0.02453425 0.04015187 -0.08848738
v 0.02504100 0.03710100 -0.08593500
v 0.02493194 0.03777325 -0.08441625
v 0.02473131 0.03971594 -0.08706500
v 0.02454613 0.04003712 -0.08628650
v 0.02465481 0.03965847 -0.08480850
v 0.02418125 0.04041062 -0.08706750
v 0.02402800 0.04056100 -0.08471800
v 0.02368300 0.04080400 -0.08417300
v 0.02460113 0.03915088 -0.08223700
v 0.02328725 0.04104884 -0.08191928
v 0.02437600 0.04005300 -0.08283700
v 0.02389563 0.04060575 -0.08171597
v 0.02426363 0.03997875 -0.08056663
v 0.02342938 0.04104738 -0.08059400
v 0.02395006 0.04046125 -0.07932850
v 0.02429797 0.03936072 -0.07763884
v -0.01927600 -0.00533850 -0.07354200
v -0.01943581 -0.00655181 -0.07198006
v -0.01945250 -0.00530550 -0.07071150
v -0.01955801 -0.00682590 -0.06967873
v -0.01976700 -0.00857250 -0.06605350
v -0.01964887 -0.00323975 -0.06618987
v -0.01909491 0.00151236 -0.07375530
v -0.01929087 -0.00104628 -0.07227137
v -0.01896664 0.00285942 -0.07501478
v -0.01882312 0.00349162 -0.07657512
v -0.01894950 0.00499656 -0.07377375
v -0.01935187 -0.00115894 -0.07080181
v -0.01920419 0.00245873 -0.07125670
v -0.01946800 -0.00095150 -0.06882850
v -0.01898500 0.00676100 -0.07200200
v -0.01932688 0.00296356 -0.06862825
v -0.01921900 0.00521200 -0.06891275
v -0.01972381 -0.00512644 -0.06480663
v -0.01954588 -0.00009037 -0.06648750
v -0.01971484 -0.00194091 -0.06345006
v -0.01993500 -0.00361862 -0.05955012
v -0.01957650 0.00114800 -0.06411025
v -0.02001662 -0.00404025 -0.05702462
v -0.01983800 -0.00012600 -0.05964100
v -0.01964150 0.00215281 -0.06190444
v -0.01905075 0.00630875 -0.07061275
v -0.01944787 0.00294325 -0.06521188
v -0.01921750 0.00681600 -0.06674650
v -0.01924486 0.00725812 -0.06482629
v -0.01945850 0.00544900 -0.06261513
v -0.01913350 0.01038300 -0.06239900
v -0.01871053 0.00664266 -0.07653084
v -0.01866633 0.00917039 -0.07511295
v -0.01841550 0.01120850 -0.07808000
v -0.01847861 0.01075559 -0.07663981
v -0.01875100 0.01060600 -0.07174100
v -0.01811650 0.01400850 -0.08074575
v -0.01803300 0.01644600 -0.07844200
v -0.01797450 0.01607650 -0.08074425
v -0.01770738 0.01831450 -0.08224813
v -0.01782138 0.01829237 -0.07924487
v -0.01746819 0.02095587 -0.08181650
v -0.01823520 0.01464987 -0.07611205
v -0.01826675 0.01522475 -0.07370450
v -0.01794350 0.01745800 -0.07673400
v -0.01807325 0.01711050 -0.07470500
v -0.01762450 0.02032550 -0.07816925
v -0.01739750 0.02240850 -0.07623300
v -0.01893625 0.00899325 -0.06981437
v -0.01906881 0.00786575 -0.06827956
v -0.01880125 0.01155575 -0.06810825
v -0.01872700 0.01222650 -0.06943750
v -0.01897275 0.01033025 -0.06677925
v -0.01841250 0.01560150 -0.06955200
v -0.01868238 0.01413850 -0.06507375
v -0.01864800 0.01436600 -0.06655300
v -0.01841300 0.01448900 -0.07251800
v -0.01808800 0.01783675 -0.07175500
v -0.01762537 0.02114538 -0.07353350
v -0.01781300 0.02070600 -0.06956600
v -0.01836400 0.01634500 -0.06825700
v -0.01800875 0.01934450 -0.06848100
v -0.01827350 0.01776850 -0.06640700
v -0.01796250 0.02025350 -0.06607950
v -0.01737700 0.02419475 -0.06681625
v -0.01988619 -0.00107700 -0.05789575
v -0.01990162 0.00032600 -0.05652969
v -0.02018775 -0.00497263 -0.05295750
v -0.01998206 0.00017169 -0.05387600
v -0.02017300 -0.00084900 -0.04988300
v -0.01981300 0.00352144 -0.05418544
v -0.01971938 0.00251819 -0.05956163
v -0.01947444 0.00551850 -0.06118125
v -0.01974900 0.00377400 -0.05690700
v -0.01944600 0.00730400 -0.05965100
v -0.01943050 0.00766000 -0.05808325
v -0.01917475 0.00999313 -0.06080513
v -0.01956837 0.00698437 -0.05512588
v -0.01974788 0.00549350 -0.05311550
v -0.01956025 0.00680200 -0.05671475
v -0.01927787 0.01008050 -0.05746950
v -0.01928200 0.01127100 -0.05417500
v -0.02017675 -0.00064050 -0.04810625
v -0.01991706 0.00357781 -0.05133238
v -0.01994987 0.00392700 -0.04895650
v -0.02032028 -0.00187334 -0.04452959
v -0.02024800 -0.00084700 -0.04676800
v -0.02019800 0.00117600 -0.04431125
v -0.02001600 0.00399575 -0.04580050
v -0.02004513 0.00428925 -0.04394075
v -0.01957550 0.00873000 -0.05163125
v -0.01984550 0.00548750 -0.05017350
v -0.01966041 0.00829945 -0.04891720
v -0.01983089 0.00673358 -0.04635561
v -0.01931050 0.01242350 -0.04998738
v -0.01937825 0.01241075 -0.04696188
v -0.01922388 0.01343263 -0.04829613
v -0.01961815 0.00970395 -0.04634984
v -0.01868500 0.01492300 -0.06359800
v -0.01882519 0.01402588 -0.06079000
v -0.01853475 0.01657600 -0.06246300
v -0.01909838 0.01168163 -0.05908037
v -0.01859400 0.01673200 -0.05973900
v -0.01877400 0.01588800 -0.05690200
v -0.01913050 0.01232350 -0.05696000
v -0.01819300 0.01864500 -0.06484100
v -0.01798250 0.02083800 -0.06309700
v -0.01745400 0.02372600 -0.06531525
v -0.01743850 0.02445000 -0.06327250
v -0.01811025 0.02011550 -0.06113525
v -0.01792000 0.02210400 -0.05961100
v -0.01745450 0.02455250 -0.06116600
v -0.01911188 0.01254962 -0.05543125
v -0.01869287 0.01664806 -0.05527463
v -0.01890975 0.01558056 -0.05270825
v -0.01862171 0.01827268 -0.05228545
v -0.01893200 0.01624300 -0.04992700
v -0.01853872 0.01958517 -0.04970142
v -0.01895419 0.01632698 -0.04827169
v -0.01845700 0.01854400 -0.05704300
v -0.01808000 0.02148800 -0.05690000
v -0.01753025 0.02501200 -0.05775275
v -0.01722400 0.02725100 -0.05519300
v -0.01780600 0.02406025 -0.05364250
v -0.01821525 0.02084625 -0.05482450
v -0.01810300 0.02277950 -0.05063050
v -0.01698350 0.02920950 -0.05359500
v -0.01746400 0.02682100 -0.05141250
v -0.01743237 0.02153987 -0.08009250
v -0.01693500 0.02487900 -0.08333250
v -0.01694200 0.02474300 -0.08220700
v -0.01642650 0.02772950 -0.08378225
v -0.01706613 0.02421875 -0.07894175
v -0.01649500 0.02740825 -0.08030000
v -0.01649394 0.02691556 -0.08547506
v -0.01613137 0.02899938 -0.08572100
v -0.01592506 0.02963488 -0.08599925
v -0.01568950 0.03039475 -0.08616837
v -0.01601500 0.02979650 -0.08363750
v -0.01588588 0.03027287 -0.08217975
v -0.01575572 0.03088519 -0.08558078
v -0.01534625 0.03266625 -0.08581444
v -0.01524800 0.03254150 -0.08614975
v -0.01506550 0.03367262 -0.08602675
v -0.01491138 0.03244144 -0.08655863
v -0.01464481 0.03346419 -0.08680094
v -0.01531425 0.03276250 -0.08435000
v -0.01591050 0.03028275 -0.07896525
v -0.01494300 0.03404000 -0.08277700
v -0.01495200 0.03429800 -0.07907175
v -0.01462319 0.03529669 -0.07962931
v -0.01675100 0.02632900 -0.07666300
v -0.01715950 0.02422300 -0.07436900
v -0.01664325 0.02716400 -0.07442525
v -0.01705900 0.02526800 -0.07240800
v -0.01599375 0.03038362 -0.07398900
v -0.01740275 0.02334650 -0.07039800
v -0.01667650 0.02731000 -0.07247100
v -0.01708437 0.02557425 -0.06837688
v -0.01695800 0.02627100 -0.06962900
v -0.01598294 0.03080397 -0.07204831
v -0.01579275 0.03113000 -0.07586125
v -0.01506487 0.03438750 -0.07525050
v -0.01479900 0.03524331 -0.07548000
v -0.01627700 0.02977700 -0.07008000
v -0.01520900 0.03453100 -0.07105200
v -0.01462367 0.03621083 -0.07442141
v -0.01490884 0.03555147 -0.07144697
v -0.01473914 0.03660755 -0.07022169
v -0.01457500 0.03447525 -0.08643475
v -0.01432609 0.03544409 -0.08660822
v -0.01418944 0.03669712 -0.08768350
v -0.01398100 0.03700106 -0.08662819
v -0.01421050 0.03694200 -0.08563225
v -0.01446375 0.03577675 -0.08602175
v -0.01463175 0.03541550 -0.08513925
v -0.01454900 0.03525800 -0.08261900
v -0.01321488 0.03942963 -0.08642487
v -0.01393600 0.03751500 -0.08414600
v -0.01316831 0.03969650 -0.08801312
v -0.01272006 0.04034512 -0.08768862
v -0.01371425 0.03846681 -0.08540631
v -0.01278956 0.04038425 -0.08617984
v -0.01242500 0.04088500 -0.08667200
v -0.01402350 0.03731950 -0.08221250
v -0.01438587 0.03639806 -0.07883744
v -0.01317400 0.03975175 -0.08486400
v -0.01326638 0.03951362 -0.08365650
v -0.01284222 0.04044675 -0.08354600
v -0.01245978 0.04090050 -0.08453794
v -0.01328500 0.03998000 -0.08054100
v -0.01362500 0.03939100 -0.07856600
v -0.01252563 0.04095787 -0.08267275
v -0.01237125 0.04108575 -0.08314150
v -0.01186475 0.04160725 -0.08297675
v -0.01268000 0.04083000 -0.08220400
v -0.01239756 0.04120769 -0.08164394
v -0.01306400 0.04032050 -0.08127600
v -0.01206875 0.04135975 -0.08869850
v -0.01204525 0.04192400 -0.08944700
v -0.01167300 0.04154900 -0.08748900
v -0.01173638 0.04200356 -0.08849562
v -0.01172275 0.04241950 -0.08990663
v -0.01127300 0.04313800 -0.09003000
v -0.01173319 0.04287375 -0.08939075
v -0.01160300 0.04344700 -0.08944100
v -0.01123425 0.04359150 -0.08970925
v -0.01159500 0.04346200 -0.08920100
v -0.01134100 0.04374550 -0.08921450
v -0.01146975 0.04310675 -0.08836925
v -0.01138450 0.04249700 -0.08776450
v -0.01139200 0.04303200 -0.08806250
v -0.01102900 0.04378675 -0.08800700
v -0.01168700 0.04151425 -0.08717600
v -0.01122513 0.04229012 -0.08675725
v -0.01136150 0.04205500 -0.08571100
v -0.01122700 0.04232025 -0.08626950
v -0.01099913 0.04333750 -0.08711537
v -0.01064625 0.04387287 -0.08759550
v -0.01100775 0.04287550 -0.08570700
v -0.01071081 0.04322887 -0.08593513
v -0.01028519 0.04370238 -0.08680772
v -0.01078675 0.04403100 -0.08929737
v -0.01077600 0.04400150 -0.08941075
v -0.01054800 0.04373800 -0.08992000
v -0.01021725 0.04402400 -0.08967300
v -0.00797125 0.04410262 -0.08919038
v -0.00926250 0.04423412 -0.08910375
v -0.00902556 0.04422981 -0.08904256
v -0.01043100 0.04418950 -0.08878050
v -0.00961800 0.04426475 -0.08861725
v -0.00997887 0.04411750 -0.08796538
v -0.01172650 0.04163800 -0.08463450
v -0.01167888 0.04169088 -0.08475213
v -0.01126887 0.04226787 -0.08487088
v -0.01411956 0.03753544 -0.07925438
v -0.01338300 0.03987700 -0.07964500
v -0.01152250 0.04191450 -0.08231012
v -0.00955025 0.04311794 -0.08479675
v -0.00821678 0.04370297 -0.08663734
v -0.00689275 0.04413025 -0.08861475
v -0.00807838 0.04419906 -0.08840488
v -0.00689950 0.04413300 -0.08859500
v -0.00530044 0.04405434 -0.08817316
v -0.00566612 0.04376756 -0.08685675
v -0.00582125 0.04327306 -0.08531850
v -0.00852612 0.04302594 -0.08454669
v -0.00269616 0.04348956 -0.08581481
v -0.00425050 0.04399675 -0.08837975
v -0.00429150 0.04399750 -0.08838250
v -0.00231300 0.04396700 -0.08814550
v -0.00327595 0.04391402 -0.08747269
v -0.00116950 0.04383263 -0.08727275
v -0.00716056 0.04292506 -0.08394709
v -0.00426000 0.04317250 -0.08467563
v -0.00214750 0.04333356 -0.08484763
v -0.01083387 0.04262175 -0.08422212
v -0.01036806 0.04261394 -0.08326756
v -0.01035700 0.04300031 -0.08478900
v -0.00971450 0.04272594 -0.08317038
v -0.00659950 0.04288300 -0.08339800
v -0.01077278 0.04232913 -0.08159028
v -0.00996091 0.04252125 -0.08137659
v -0.00919216 0.04254781 -0.08065631
v -0.00664944 0.04270856 -0.08034237
v -0.00577737 0.04289975 -0.08275675
v -0.00399400 0.04308700 -0.08233200
v -0.00389025 0.04297050 -0.08088925
v -0.00563156 0.04280181 -0.07955097
v -0.00360312 0.04309263 -0.08293875
v 0.00021894 0.04359013 -0.08594156
v 0.00128500 0.04348288 -0.08476969
v 0.00001688 0.04330238 -0.08215950
v 0.00184458 0.04336738 -0.08293377
v 0.00538725 0.04335400 -0.08409650
v 0.00521325 0.04330650 -0.08271250
v -0.00257125 0.04296275 -0.07957825
v -0.00153791 0.04313675 -0.08126038
v -0.00272200 0.04315100 -0.08203600
v -0.00023632 0.04316801 -0.08017000
v 0.00120537 0.04325912 -0.08090150
v -0.00163800 0.04307788 -0.07979825
v -0.00108863 0.04306562 -0.07856212
v 0.00399175 0.04319606 -0.08065831
v 0.00566675 0.04319500 -0.08097675
v 0.00383403 0.04309528 -0.07787644
v 0.00064337 0.04313137 -0.07866050
v -0.01375200 0.03903200 -0.07813700
v -0.01392000 0.03894300 -0.07575300
v -0.01350400 0.03963400 -0.07910550
v -0.01312447 0.04051625 -0.07897062
v -0.01262550 0.04117200 -0.07975000
v -0.01137775 0.04200450 -0.08022013
v -0.01357222 0.03995394 -0.07656412
v -0.01318713 0.04074263 -0.07650988
v -0.01245988 0.04130650 -0.07875450
v -0.01104069 0.04217600 -0.07871794
v -0.01185962 0.04174562 -0.07772306
v -0.01278025 0.04120925 -0.07771775
v -0.01131431 0.04214950 -0.07569306
v -0.01437437 0.03779069 -0.07356719
v -0.01406000 0.03861100 -0.07504600
v -0.01399000 0.03877700 -0.07539950
v -0.01429700 0.03825700 -0.07279050
v -0.01382838 0.03992100 -0.07310500
v -0.01347028 0.04041762 -0.07516325
v -0.01265288 0.04135481 -0.07589769
v -0.01086720 0.04228723 -0.07570489
v -0.01023569 0.04238441 -0.07779788
v -0.01171692 0.04198511 -0.07464261
v -0.00975650 0.04247550 -0.07374050
v -0.01317319 0.04100156 -0.07426337
v -0.01294487 0.04125612 -0.07392625
v -0.01363038 0.04059475 -0.07161972
v -0.01293841 0.04136972 -0.07147572
v -0.01120603 0.04225734 -0.07198919
v -0.00935609 0.04249738 -0.07759488
v -0.00933313 0.04245178 -0.07284575
v -0.00749703 0.04261125 -0.07691597
v -0.01043661 0.04239077 -0.07186944
v -0.00869616 0.04251544 -0.07812041
v -0.00416031 0.04287581 -0.07823288
v -0.00491487 0.04277345 -0.07584655
v -0.00549681 0.04270444 -0.07212669
v -0.00759562 0.04257750 -0.07211363
v -0.00181844 0.04297212 -0.07710319
v -0.00070406 0.04295981 -0.07566241
v 0.00227450 0.04301500 -0.07531081
v -0.00249641 0.04286991 -0.07336975
v -0.00264950 0.04282550 -0.07082050
v -0.00014912 0.04292488 -0.07405600
v -0.00046319 0.04290456 -0.07284500
v 0.00299734 0.04289983 -0.07170600
v -0.00016561 0.04285385 -0.07104391
v -0.01676500 0.02771100 -0.06717100
v -0.01681450 0.02748400 -0.06544950
v -0.01604475 0.03112538 -0.06799225
v -0.01617600 0.03081800 -0.06687400
v -0.01667800 0.02900700 -0.06272800
v -0.01674250 0.02871900 -0.06145000
v -0.01606469 0.03148594 -0.06553512
v -0.01600400 0.03247700 -0.06309300
v -0.01537359 0.03438856 -0.06833422
v -0.01510331 0.03551731 -0.06748169
v -0.01460500 0.03786525 -0.06849650
v -0.01545450 0.03476075 -0.06452850
v -0.01496225 0.03648128 -0.06627128
v -0.01463600 0.03783300 -0.06795950
v -0.01473500 0.03774750 -0.06634650
v -0.01472750 0.03775750 -0.06643850
v -0.01476200 0.03798250 -0.06495750
v -0.01473800 0.03802200 -0.06525300
v -0.01538500 0.03535400 -0.06276500
v -0.01492900 0.03768400 -0.06280800
v -0.01484100 0.03803000 -0.06331500
v -0.01723800 0.02643900 -0.05965800
v -0.01683000 0.02891850 -0.05838000
v -0.01657750 0.03072600 -0.05709950
v -0.01639200 0.03103950 -0.05997750
v -0.01561175 0.03466600 -0.06132663
v -0.01572700 0.03460600 -0.05929800
v -0.01645216 0.03170244 -0.05524572
v -0.01590400 0.03484550 -0.05468875
v -0.01547438 0.03564512 -0.05912875
v -0.01499500 0.03750500 -0.06214200
v -0.01437406 0.03994100 -0.06388800
v -0.01496200 0.03759450 -0.06247500
v -0.01502300 0.03775250 -0.06085250
v -0.01499400 0.03775800 -0.06127700
v -0.01512850 0.03757450 -0.05947050
v -0.01509025 0.03766075 -0.05994925
v -0.01470444 0.03998478 -0.05784675
v -0.01542614 0.03644480 -0.05731072
v -0.01570653 0.03568559 -0.05426322
v -0.01522550 0.03753400 -0.05778050
v -0.01522725 0.03760225 -0.05752375
v -0.01530400 0.03754700 -0.05604750
v -0.01527100 0.03769700 -0.05621300
v -0.01533700 0.03739700 -0.05588200
v -0.01526084 0.03824150 -0.05471097
v -0.01467503 0.04062756 -0.05474788
v -0.01442400 0.03797500 -0.07167100
v -0.01439300 0.03802775 -0.07206950
v -0.01443350 0.03824550 -0.07005650
v -0.01414161 0.03971242 -0.06882906
v -0.01349678 0.04095150 -0.07007578
v -0.01403094 0.04022959 -0.06803937
v -0.01396188 0.04062608 -0.06633200
v -0.01180331 0.04205331 -0.07062619
v -0.01301019 0.04149628 -0.06801062
v -0.00835559 0.04250194 -0.06989934
v -0.00601958 0.04260842 -0.06966680
v -0.01153631 0.04223622 -0.06784756
v -0.01071453 0.04240475 -0.06845353
v -0.00963462 0.04248950 -0.06748487
v -0.00906037 0.04248973 -0.06603742
v -0.01353650 0.04111627 -0.06758419
v -0.01381016 0.04116117 -0.06332859
v -0.01334075 0.04144531 -0.06509538
v -0.01345381 0.04147800 -0.06307938
v -0.01210456 0.04214544 -0.06422113
v -0.01079809 0.04244847 -0.06550256
v -0.00947275 0.04248552 -0.06345272
v -0.00331706 0.04271150 -0.06844063
v -0.00375622 0.04265489 -0.06675244
v -0.00739375 0.04254094 -0.06527772
v -0.00380773 0.04260423 -0.06464086
v -0.00268492 0.04257957 -0.06304095
v -0.00082806 0.04260078 -0.06334391
v -0.00111397 0.04278664 -0.06871630
v 0.00036209 0.04274819 -0.06740028
v 0.00020691 0.04266127 -0.06528526
v -0.01415862 0.04089463 -0.06129706
v -0.01437725 0.04042000 -0.06130288
v -0.01203012 0.04227225 -0.06086603
v -0.01337512 0.04161438 -0.06109687
v -0.01370466 0.04152969 -0.05892906
v -0.01147056 0.04239387 -0.06287919
v -0.01086248 0.04250125 -0.06128406
v -0.01410859 0.04122550 -0.05817987
v -0.01446459 0.04077125 -0.05719606
v -0.01330608 0.04181992 -0.05680313
v -0.01257378 0.04217944 -0.05693172
v -0.01190914 0.04239423 -0.05768045
v -0.01386228 0.04158200 -0.05557559
v -0.00570453 0.04253127 -0.06138860
v -0.00836444 0.04251000 -0.05904383
v -0.01070400 0.04255600 -0.05848500
v -0.00457081 0.04251388 -0.05976187
v -0.00041389 0.04252044 -0.06088648
v -0.01005800 0.04249125 -0.05882050
v -0.01000712 0.04250931 -0.05604469
v -0.01196137 0.04248525 -0.05375969
v -0.01084962 0.04257662 -0.05373900
v -0.00269309 0.04247880 -0.05821822
v -0.00590448 0.04243911 -0.05436748
v -0.00359450 0.04243250 -0.05504700
v 0.02547012 0.01098275 -0.06544350
v 0.02553000 0.01721550 -0.06877400
v 0.02541600 0.01264300 -0.06197800
v 0.02541984 0.01611342 -0.06386073
v 0.02548130 0.01938187 -0.06879362
v 0.02547209 0.02143631 -0.07082941
v 0.02537495 0.02256413 -0.06882750
v 0.02538100 0.02042773 -0.06641119
v 0.02532613 0.01958562 -0.06380861
v 0.02519950 0.02511887 -0.06684837
v 0.02522559 0.02234269 -0.06405503
v 0.02526500 0.01806212 -0.06016125
v 0.02518384 0.02130594 -0.06134138
v 0.02507475 0.02403478 -0.06185463
v 0.02511161 0.02048881 -0.05858333
v 0.02481844 0.02725844 -0.06050588
v 0.02494972 0.02247650 -0.05618709
v 0.02470300 0.02702400 -0.05655700
v 0.00693275 0.04320300 -0.08231825
v 0.00824278 0.04307122 -0.08065594
v 0.00645575 0.04305725 -0.07911400
v 0.00952237 0.04302094 -0.08052381
v 0.00786300 0.04296600 -0.07754650
v 0.00999612 0.04285600 -0.07862525
v 0.01096669 0.04283094 -0.07936925
v 0.01055363 0.04278413 -0.07700775
v 0.01323794 0.04253419 -0.07751744
v 0.01083750 0.04265806 -0.07370881
v 0.01484553 0.04228248 -0.07327398
v 0.00654250 0.04298225 -0.07617750
v 0.00491719 0.04290075 -0.07236262
v 0.00688384 0.04284777 -0.07273703
v 0.00823788 0.04285463 -0.07454863
v 0.00337647 0.04278356 -0.06842397
v 0.00594425 0.04269287 -0.06747131
v 0.00967275 0.04263288 -0.07061038
v 0.00841066 0.04261366 -0.06799900
v 0.01640525 0.04217431 -0.08032831
v 0.01410975 0.04231962 -0.07156875
v 0.01224937 0.04242395 -0.06962141
v 0.01693012 0.04206573 -0.07503100
v 0.01633228 0.04209891 -0.07194431
v 0.02052970 0.04160248 -0.07203592
v 0.01856298 0.04177413 -0.06874621
v 0.01536509 0.04213031 -0.06879391
v 0.01141312 0.04238097 -0.06687409
v 0.01479663 0.04205338 -0.06490387
v 0.02530000 0.02610762 -0.07118875
v 0.02507650 0.03070000 -0.07345450
v 0.02497075 0.02773125 -0.06505425
v 0.02499013 0.02930525 -0.06874912
v 0.02483478 0.03273069 -0.07199381
v 0.02460200 0.03265000 -0.06649500
v 0.02444975 0.03707869 -0.07360231
v 0.02455155 0.03477705 -0.07005087
v 0.02414338 0.03920678 -0.07273538
v 0.02410184 0.03989397 -0.07629228
v 0.02429300 0.03799475 -0.07135875
v 0.02396825 0.03999812 -0.07273300
v 0.02456425 0.03169625 -0.06288150
v 0.02448150 0.03061500 -0.05843650
v 0.02407800 0.03715100 -0.06384100
v 0.02428163 0.03324850 -0.05942237
v 0.02132336 0.04149171 -0.06994933
v 0.02416513 0.03767012 -0.06768050
v 0.02393700 0.03982637 -0.06940537
v 0.02378141 0.04042169 -0.07227453
v 0.02388300 0.04021200 -0.07026500
v 0.02356288 0.04070063 -0.07028256
v 0.02393223 0.03918256 -0.06667228
v 0.02278275 0.04124625 -0.06990725
v 0.02301687 0.04108694 -0.06840225
v 0.02367998 0.04041400 -0.06843445
v 0.02372894 0.04014062 -0.06664038
v 0.01975838 0.04163250 -0.06730869
v 0.01863187 0.04172956 -0.06532350
v 0.02041412 0.04155431 -0.06387694
v 0.02250000 0.04123744 -0.06645625
v 0.02175402 0.04139092 -0.06536342
v 0.02331269 0.04073069 -0.06601181
v 0.02285728 0.04108891 -0.06599425
v 0.02384031 0.03958525 -0.06510381
v 0.02338244 0.04064413 -0.06396306
v 0.02248100 0.04127400 -0.06367100
v 0.02298962 0.04103575 -0.06369306
v 0.02408175 0.03805381 -0.06588106
v 0.02384750 0.03820850 -0.05997325
v 0.02372925 0.03980850 -0.06253025
v 0.02359841 0.04027912 -0.06324522
v 0.02465762 0.02554287 -0.05348106
v 0.00376637 0.04261637 -0.06471409
v 0.00806588 0.04236463 -0.06236469
v 0.00351838 0.04252731 -0.06252294
v 0.00137863 0.04257653 -0.06319683
v 0.00113814 0.04245106 -0.05884292
v 0.01014415 0.04234313 -0.06427208
v 0.01163012 0.04216981 -0.06234878
v 0.01580613 0.04187300 -0.06072700
v 0.00872700 0.04220650 -0.05872800
v 0.01145422 0.04209203 -0.05973814
v 0.01299806 0.04194263 -0.05743022
v 0.00196593 0.04233824 -0.05616649
v 0.00467225 0.04237212 -0.05880941
v 0.00430625 0.04227331 -0.05610587
v -0.00084705 0.04239394 -0.05600192
v 0.00003625 0.04223125 -0.05248850
v 0.00309756 0.04215125 -0.05308394
v 0.00760609 0.04212131 -0.05558928
v 0.00631787 0.04207569 -0.05404656
v 0.00671041 0.04191238 -0.05104561
v 0.00989553 0.04183589 -0.05198430
v 0.01152469 0.04195450 -0.05562706
v 0.01160825 0.04187181 -0.05413597
v 0.01225612 0.04174531 -0.05153219
v 0.02433050 0.02940350 -0.05230625
v 0.02414275 0.03211950 -0.05330500
v 0.02379775 0.03747150 -0.05758825
v 0.02356575 0.03765400 -0.05211050
v 0.01966825 0.04159250 -0.06241075
v 0.02168256 0.04138481 -0.05950419
v 0.02267450 0.04117825 -0.06116000
v 0.02029525 0.04151966 -0.05915278
v 0.01920756 0.04157550 -0.05935175
v 0.01662850 0.04171450 -0.05732050
v 0.01945112 0.04154228 -0.05546087
v 0.02356594 0.03957431 -0.05719331
v 0.02315781 0.04087481 -0.06184412
v 0.02340713 0.04050094 -0.06025544
v 0.02351225 0.04014144 -0.05897991
v 0.02296738 0.04097444 -0.05926794
v 0.02367850 0.03820925 -0.05604475
v 0.02361125 0.03844600 -0.05426400
v 0.02338800 0.04020488 -0.05622637
v 0.02333981 0.04015212 -0.05426744
v 0.02217047 0.04130828 -0.05787359
v 0.02323231 0.04060622 -0.05734213
v 0.02237341 0.04124972 -0.05641478
v 0.02255787 0.04116856 -0.05539575
v 0.02290650 0.04092125 -0.05548875
v 0.02162375 0.04140847 -0.05493709
v 0.02310094 0.04066725 -0.05479819
v 0.02371550 0.03318350 -0.04619400
v 0.02336275 0.03799850 -0.04849300
v 0.02314050 0.03779375 -0.04397825
v 0.02337137 0.03846806 -0.04907225
v 0.01617656 0.04171056 -0.05520538
v 0.01409791 0.04173013 -0.05320031
v 0.01824836 0.04157064 -0.05319492
v 0.02048581 0.04148903 -0.05251378
v 0.01612489 0.04160050 -0.05120251
v 0.01129125 0.04166925 -0.04911191
v 0.01967978 0.04148783 -0.04895941
v 0.01710705 0.04152373 -0.04915684
v 0.02337197 0.03964062 -0.05283913
v 0.02308044 0.04059244 -0.05270944
v 0.02173306 0.04140200 -0.05111431
v 0.02275781 0.04099762 -0.05294300
v 0.02222025 0.04129225 -0.05141531
v 0.02315619 0.04030825 -0.05145119
v 0.02243806 0.04116825 -0.05028275
v 0.02273287 0.04091669 -0.05021319
v 0.02311344 0.04002837 -0.04841853
v 0.02045113 0.04150450 -0.05006006
v 0.02192169 0.04134894 -0.04803419
v 0.02119225 0.04146387 -0.04836825
v 0.02292956 0.04058769 -0.04911494
v 0.02293325 0.04039450 -0.04659325
v 0.02294525 0.03992638 -0.04485037
v 0.02260269 0.04095731 -0.04786244
v 0.02209091 0.04127037 -0.04630391
v -0.02020625 0.00160713 -0.04238850
v -0.02032300 0.00034900 -0.04112200
v -0.02013325 0.00396275 -0.04129425
v -0.02011100 0.00463700 -0.04006050
v -0.02023375 0.00330400 -0.03851150
v -0.02032675 0.00165625 -0.03689100
v -0.02004525 0.00639556 -0.03673488
v -0.01980600 0.00797925 -0.04399125
v -0.01994725 0.00608850 -0.04272350
v -0.01939302 0.01284995 -0.04428051
v -0.01954694 0.01147128 -0.04283409
v -0.01978575 0.00914575 -0.04132413
v -0.01983978 0.00939025 -0.03742222
v -0.01948938 0.01290613 -0.04046387
v -0.01985600 0.00990600 -0.03548200
v -0.01981650 0.01030325 -0.03426325
v -0.01943300 0.01412500 -0.03897700
v -0.01948200 0.01367700 -0.03741800
v -0.01962700 0.01257525 -0.03563550
v -0.01942975 0.01508675 -0.03371050
v -0.01962700 0.01355600 -0.03196000
v -0.01910525 0.01529125 -0.04538575
v -0.01890975 0.01722463 -0.04603087
v -0.01855900 0.02015150 -0.04682150
v -0.01906000 0.01668000 -0.04252000
v -0.01904800 0.01660600 -0.04403200
v -0.01915200 0.01629700 -0.04144700
v -0.01903225 0.01752050 -0.03979950
v -0.01871600 0.01966425 -0.04327050
v -0.01862094 0.02095363 -0.04116694
v -0.01815900 0.02264000 -0.04889400
v -0.01733800 0.02836562 -0.04801850
v -0.01780138 0.02536050 -0.04791169
v -0.01810537 0.02370056 -0.04552494
v -0.01823700 0.02321400 -0.04420200
v -0.01727950 0.02937650 -0.04496425
v -0.01775550 0.02696800 -0.04252500
v -0.01911275 0.01743700 -0.03724375
v -0.01893200 0.01892500 -0.03872700
v -0.01913562 0.01780637 -0.03555213
v -0.01859350 0.02222875 -0.03636462
v -0.01883387 0.02103438 -0.03278869
v -0.01795550 0.02594300 -0.04119500
v -0.01813175 0.02479438 -0.03995163
v -0.01834300 0.02367900 -0.03866500
v -0.01736700 0.02958250 -0.04207300
v -0.01785850 0.02719950 -0.03823700
v -0.01831625 0.02462700 -0.03515500
v -0.01726025 0.03076306 -0.03908856
v -0.01795900 0.02709000 -0.03602500
v -0.01917450 0.01852050 -0.03117450
v -0.01879525 0.02258475 -0.02824800
v -0.01851600 0.02453650 -0.02997250
v -0.01817083 0.02663439 -0.03166620
v -0.01786937 0.02785225 -0.03428125
v -0.01735400 0.03057100 -0.03710300
v -0.01732000 0.03125700 -0.03590400
v -0.01753725 0.03073122 -0.03201422
v -0.01817425 0.02734319 -0.02893019
v -0.01833000 0.02670062 -0.02617975
v -0.01750425 0.03188850 -0.02899475
v -0.01762498 0.03110237 -0.02747798
v -0.01740400 0.03281591 -0.02630150
v -0.01790800 0.03026050 -0.02435150
v -0.02037700 0.00158800 -0.03557700
v -0.02039800 0.00169150 -0.03282350
v -0.02019813 0.00452463 -0.03561738
v -0.02031275 0.00400837 -0.03144200
v -0.02013163 0.00604212 -0.03332288
v -0.02013200 0.00724150 -0.03062275
v -0.02019438 0.00700250 -0.02744456
v -0.01968838 0.01367425 -0.02852950
v -0.02037859 0.00446586 -0.02519509
v -0.02019575 0.00808750 -0.02344575
v -0.01991044 0.01096800 -0.02737906
v -0.01942725 0.01660225 -0.02825075
v -0.01978225 0.01371800 -0.02360625
v -0.01954625 0.01638300 -0.02426000
v -0.02032072 0.00731320 -0.01886283
v -0.02043019 0.00657013 -0.01510206
v -0.02006066 0.01100919 -0.01949484
v -0.02017461 0.01051929 -0.01554184
v -0.01977313 0.01529150 -0.01824000
v -0.01950237 0.01816487 -0.01929938
v -0.01975688 0.01632094 -0.01553456
v -0.01993441 0.01449853 -0.01277922
v -0.01896775 0.02179225 -0.02556850
v -0.01926862 0.01981850 -0.02219213
v -0.01884200 0.02394450 -0.02142950
v -0.01864212 0.02498925 -0.02399225
v -0.01907387 0.02258819 -0.01866606
v -0.01840150 0.02806625 -0.01923400
v -0.01819738 0.02871475 -0.02255088
v -0.01786878 0.03162487 -0.01993450
v -0.01718400 0.03537950 -0.02262000
v -0.01629638 0.03338981 -0.05192238
v -0.01664012 0.03186150 -0.05012337
v -0.01682213 0.03142262 -0.04792681
v -0.01700600 0.03078225 -0.04569250
v -0.01611362 0.03497325 -0.04965513
v -0.01624008 0.03511005 -0.04617397
v -0.01546950 0.03732675 -0.05365125
v -0.01543900 0.03739550 -0.05403800
v -0.01586325 0.03589359 -0.05016059
v -0.01550000 0.03725800 -0.05326450
v -0.01558300 0.03716600 -0.05184100
v -0.01492875 0.04018331 -0.05289613
v -0.01511475 0.04018275 -0.04942500
v -0.01434619 0.04132434 -0.05346789
v -0.01460834 0.04114303 -0.05193797
v -0.01569300 0.03707500 -0.04990300
v -0.01553125 0.03806900 -0.05027375
v -0.01487025 0.04085544 -0.05015694
v -0.01411034 0.04166344 -0.05149397
v -0.01461966 0.04131228 -0.04988034
v -0.01576200 0.03680550 -0.04893400
v -0.01587800 0.03645800 -0.04774400
v -0.01595550 0.03631900 -0.04651400
v -0.01565275 0.03877700 -0.04504000
v -0.01374109 0.04187325 -0.05056344
v -0.01481275 0.04128125 -0.04741563
v -0.01368831 0.04203084 -0.04679781
v -0.01426956 0.04180775 -0.04672975
v -0.01637400 0.03493100 -0.04417200
v -0.01687781 0.03274738 -0.04055913
v -0.01608050 0.03626150 -0.04419050
v -0.01645044 0.03513325 -0.04119000
v -0.01626400 0.03603700 -0.04107500
v -0.01615700 0.03640600 -0.04209600
v -0.01658262 0.03513837 -0.03792606
v -0.01626500 0.03644500 -0.03922300
v -0.01628400 0.03638850 -0.03896750
v -0.01596800 0.03657700 -0.04541300
v -0.01522100 0.04039166 -0.04625147
v -0.01587188 0.03857363 -0.04067131
v -0.01506181 0.04101786 -0.04546741
v -0.01449306 0.04161963 -0.04748813
v -0.01283456 0.04234425 -0.04841206
v -0.01489711 0.04140194 -0.04410992
v -0.01462731 0.04164063 -0.04477175
v -0.01309000 0.04241116 -0.04304439
v -0.01215934 0.04255597 -0.04726678
v -0.01450319 0.04182606 -0.04285337
v -0.01203534 0.04262697 -0.04353047
v -0.01160050 0.04262375 -0.04564350
v -0.01550716 0.04019094 -0.04183803
v -0.01533500 0.04085250 -0.04196750
v -0.01560737 0.04025650 -0.03900737
v -0.01259667 0.04261723 -0.04118667
v -0.01384225 0.04210775 -0.04251800
v -0.01521931 0.04124275 -0.04017756
v -0.01485900 0.04168856 -0.04052788
v -0.01452750 0.04198562 -0.03944269
v -0.01167181 0.04269359 -0.04123687
v -0.01086525 0.04251936 -0.04748722
v -0.01085156 0.04253575 -0.04407319
v -0.01105481 0.04269581 -0.03931738
v -0.00863755 0.04249344 -0.04208132
v -0.01348303 0.04243859 -0.03895005
v -0.01181487 0.04278762 -0.03880363
v -0.00986419 0.04270082 -0.03780173
v -0.01255000 0.04231275 -0.05374425
v -0.00878025 0.04248156 -0.05373378
v -0.01052656 0.04249664 -0.05171264
v -0.00861609 0.04245789 -0.05206334
v -0.00812428 0.04242516 -0.05081375
v -0.01191447 0.04254119 -0.05157709
v -0.01134419 0.04259994 -0.05091700
v -0.01168519 0.04259506 -0.04859875
v -0.00430128 0.04227481 -0.04944275
v -0.00891216 0.04244588 -0.04886697
v -0.00931275 0.04245741 -0.04679291
v -0.00455555 0.04225676 -0.04746493
v -0.00848180 0.04242605 -0.04519666
v -0.01672225 0.03515663 -0.03437075
v -0.01635600 0.03646900 -0.03712200
v -0.01625091 0.03722050 -0.03641750
v -0.01644400 0.03622600 -0.03523100
v -0.01641900 0.03620800 -0.03631100
v -0.01607675 0.03871363 -0.03515288
v -0.01625741 0.03823703 -0.03274716
v -0.01686900 0.03509150 -0.03107200
v -0.01693600 0.03522700 -0.02934000
v -0.01661000 0.03612225 -0.03173700
v -0.01657300 0.03621400 -0.03243300
v -0.01663150 0.03608950 -0.03129400
v -0.01669500 0.03613550 -0.02962275
v -0.01578844 0.04028931 -0.03478522
v -0.01553644 0.04076469 -0.03764975
v -0.01551211 0.04112238 -0.03512617
v -0.01522341 0.04161900 -0.03509016
v -0.01494669 0.04179639 -0.03712917
v -0.01278750 0.04274925 -0.03665844
v -0.01468425 0.04208894 -0.03507219
v -0.01354419 0.04265819 -0.03427469
v -0.01193823 0.04292308 -0.03504842
v -0.01148650 0.04285400 -0.03553600
v -0.01541849 0.04155984 -0.03240311
v -0.01588581 0.04081291 -0.02992772
v -0.01569278 0.04126716 -0.03042003
v -0.01497869 0.04202806 -0.03232881
v -0.01475450 0.04225825 -0.03050425
v -0.01272841 0.04289150 -0.03439944
v -0.01314000 0.04287806 -0.03264400
v -0.01215959 0.04305441 -0.03163997
v -0.01358719 0.04282831 -0.03060231
v -0.01683900 0.03615250 -0.02620800
v -0.01699953 0.03533769 -0.02670469
v -0.01670500 0.03614900 -0.02939650
v -0.01661675 0.03752025 -0.02662312
v -0.01644900 0.03847744 -0.02773512
v -0.01603425 0.04042612 -0.02875200
v -0.01695200 0.03629000 -0.02331800
v -0.01684300 0.03645400 -0.02511000
v -0.01694750 0.03635325 -0.02311300
v -0.01617050 0.04043225 -0.02587425
v -0.01665450 0.03864600 -0.02279938
v -0.01593255 0.04117623 -0.02631633
v -0.01630956 0.04066666 -0.02182350
v -0.01610116 0.04117258 -0.02322242
v -0.01541806 0.04180244 -0.02900287
v -0.01563263 0.04169906 -0.02688825
v -0.01398469 0.04286756 -0.02576663
v -0.01517600 0.04221550 -0.02642800
v -0.01296475 0.04308600 -0.02920050
v -0.01515375 0.04229200 -0.02510300
v -0.01575812 0.04182838 -0.02352094
v -0.01543725 0.04213650 -0.02366438
v -0.00719584 0.04251170 -0.04000369
v -0.00111023 0.04218595 -0.05029950
v 0.00312177 0.04203402 -0.05084597
v 0.00367400 0.04192081 -0.04841506
v -0.00218338 0.04215877 -0.04519767
v 0.00144050 0.04198425 -0.04617075
v 0.00831984 0.04176887 -0.04924381
v 0.00665000 0.04175888 -0.04596125
v 0.00257794 0.04195877 -0.04373345
v 0.00637313 0.04179069 -0.04345325
v 0.01035012 0.04164169 -0.04447248
v -0.00401575 0.04224725 -0.04310050
v -0.00060950 0.04212412 -0.04259838
v -0.00384144 0.04235684 -0.04010431
v -0.00001463 0.04217424 -0.04077171
v -0.00229882 0.04241087 -0.03814821
v 0.00317791 0.04197775 -0.04216356
v 0.00488950 0.04197475 -0.04067900
v 0.00762188 0.04184162 -0.04117200
v 0.00651163 0.04208103 -0.03799314
v 0.00166344 0.04221666 -0.03881913
v 0.00269222 0.04247883 -0.03445678
v -0.00017075 0.04256600 -0.03476875
v 0.00570850 0.04238750 -0.03451700
v 0.01253244 0.04159275 -0.04694797
v 0.01289425 0.04159825 -0.04406650
v 0.01171350 0.04167775 -0.04190425
v 0.01736428 0.04163931 -0.04004259
v 0.02316050 0.03871950 -0.04543850
v 0.02300388 0.03882650 -0.04214263
v 0.02293852 0.03683814 -0.03804291
v 0.02285919 0.03840512 -0.03922094
v 0.02269650 0.04015019 -0.03963313
v 0.01875025 0.04148800 -0.04390137
v 0.01945975 0.04156669 -0.04094934
v 0.02269550 0.04049356 -0.04132813
v 0.02246741 0.04074125 -0.03856511
v 0.01756206 0.04149566 -0.04682163
v 0.02028400 0.04147150 -0.04593400
v 0.02141525 0.04142150 -0.04584913
v 0.02089055 0.04150308 -0.04311394
v 0.02176961 0.04140080 -0.04211522
v 0.02260400 0.04084987 -0.04589263
v 0.02269513 0.04066112 -0.04389712
v 0.02220084 0.04119481 -0.04405466
v 0.02242800 0.04102425 -0.04351038
v 0.02000713 0.04159812 -0.04111162
v 0.02226025 0.04116138 -0.04151575
v 0.02253012 0.04086112 -0.04171187
v 0.02138644 0.04153881 -0.03935956
v 0.02225834 0.04107453 -0.03828288
v 0.02191428 0.04136475 -0.03883972
v 0.01053700 0.04190950 -0.03825100
v 0.01449406 0.04174612 -0.03923122
v 0.01137500 0.04197156 -0.03701644
v 0.01229900 0.04211200 -0.03470450
v 0.01387081 0.04216591 -0.03254553
v 0.01948988 0.04172502 -0.03739370
v 0.01650912 0.04185350 -0.03621138
v 0.02067113 0.04169919 -0.03708869
v 0.02182756 0.04145094 -0.03625763
v 0.02136675 0.04165275 -0.03641325
v 0.02239600 0.04072063 -0.03620150
v 0.02123025 0.04170475 -0.03328722
v 0.01702089 0.04200486 -0.03276540
v 0.01934438 0.04191156 -0.03320356
v 0.02017538 0.04190425 -0.03150538
v -0.00790656 0.04275831 -0.03526895
v -0.00478019 0.04260562 -0.03642294
v -0.00513287 0.04277538 -0.03315928
v -0.01137913 0.04295931 -0.03249003
v -0.01008163 0.04304988 -0.02979125
v -0.00244884 0.04284938 -0.03112644
v -0.00562475 0.04292312 -0.03088462
v -0.00416783 0.04293789 -0.02953084
v -0.00134147 0.04291880 -0.02889219
v -0.01698700 0.03643200 -0.02180300
v -0.01351025 0.04304578 -0.02610884
v -0.01156116 0.04308363 -0.02936047
v -0.00818325 0.04297900 -0.02904125
v -0.01015022 0.04305569 -0.02849534
v -0.01199209 0.04314122 -0.02750512
v -0.01081019 0.04316287 -0.02572875
v -0.00954350 0.04315225 -0.02683050
v -0.00549950 0.04300738 -0.02787375
v -0.00868387 0.04307431 -0.02748394
v -0.00835900 0.04309200 -0.02615100
v -0.01309294 0.04317100 -0.02539925
v -0.01315513 0.04324475 -0.02278300
v -0.01214375 0.04325875 -0.02433900
v -0.01199372 0.04326266 -0.02259397
v -0.01075350 0.04323500 -0.02348800
v -0.00951425 0.04329425 -0.02388825
v -0.00716431 0.04317919 -0.02462331
v -0.00817400 0.04324450 -0.02370300
v -0.00975137 0.04326312 -0.02186675
v -0.00700806 0.04334138 -0.02313113
v -0.00894700 0.04328950 -0.02246912
v -0.00754400 0.04336100 -0.02199200
v -0.00308520 0.04298609 -0.02820405
v -0.00198653 0.04302234 -0.02694694
v -0.00338719 0.04317169 -0.02414675
v -0.00194900 0.04307700 -0.02494650
v -0.00020800 0.04296900 -0.02813600
v 0.00110119 0.04291331 -0.02763781
v 0.00157212 0.04298056 -0.02583849
v -0.00001219 0.04311794 -0.02410650
v -0.00423925 0.04324450 -0.02362900
v -0.00153700 0.04325725 -0.02336150
v -0.00229387 0.04329800 -0.02247938
v -0.00539750 0.04327650 -0.02251825
v -0.00557425 0.04320950 -0.02165825
v -0.00335694 0.04323038 -0.02160887
v -0.00017500 0.04326725 -0.02274275
v 0.00208400 0.04310200 -0.02332600
v 0.00012100 0.04332025 -0.02226575
v -0.00128525 0.04326000 -0.02204700
v -0.00110581 0.04314806 -0.02099319
v -0.00234725 0.04313700 -0.02050075
v -0.00034800 0.04330900 -0.02188625
v 0.00144525 0.04310738 -0.02032025
v 0.00396263 0.04297794 -0.02441075
v 0.00257050 0.04308850 -0.02272950
v 0.00334206 0.04317672 -0.02189197
v 0.00426000 0.04306075 -0.02084575
v 0.00328050 0.04304456 -0.01997862
v 0.00463000 0.04312500 -0.01960700
v 0.00283097 0.04313184 -0.01942306
v 0.00418325 0.04307225 -0.01882700
v 0.00585463 0.04305287 -0.01969513
v 0.00708056 0.04298550 -0.01922013
v -0.00243525 0.04267750 -0.03399675
v 0.00288601 0.04272491 -0.03054927
v 0.00515666 0.04248666 -0.03289788
v 0.00274231 0.04279950 -0.02897387
v 0.00127106 0.04282625 -0.02899844
v 0.01043155 0.04231252 -0.03230668
v 0.00646445 0.04264052 -0.02983655
v 0.01181292 0.04238588 -0.03015061
v 0.00881791 0.04256134 -0.02914488
v 0.00653025 0.04269438 -0.02833937
v 0.00551370 0.04278182 -0.02716220
v 0.00743950 0.04267906 -0.02764750
v 0.01298278 0.04235891 -0.02856325
v 0.01146853 0.04249616 -0.02774012
v 0.01081425 0.04253319 -0.02710531
v 0.00921519 0.04269240 -0.02544351
v 0.01608237 0.04219850 -0.02964312
v 0.01827897 0.04204222 -0.03055616
v 0.01730587 0.04213037 -0.02852025
v 0.01970287 0.04210862 -0.02706338
v 0.01858000 0.04211613 -0.02832800
v 0.01469250 0.04231638 -0.02704806
v 0.01303244 0.04247441 -0.02550497
v 0.01090969 0.04261156 -0.02480519
v 0.01609087 0.04232519 -0.02483444
v 0.01680050 0.04218281 -0.02580800
v 0.01860500 0.04208800 -0.02720350
v 0.01787872 0.04218631 -0.02559862
v 0.01890881 0.04217381 -0.02484425
v 0.01702394 0.04225281 -0.02348406
v 0.00726900 0.04287850 -0.02380250
v 0.00554588 0.04295888 -0.02359819
v 0.00953087 0.04279350 -0.02331700
v 0.00660200 0.04301500 -0.02326600
v 0.00571900 0.04298400 -0.02260000
v 0.01015200 0.04285200 -0.02181700
v 0.00820500 0.04306400 -0.02181800
v 0.00563600 0.04307600 -0.02167700
v 0.00678063 0.04309063 -0.02217125
v 0.00991625 0.04289625 -0.02059700
v 0.00837662 0.04295969 -0.02043006
v 0.00645650 0.04307575 -0.02113775
v 0.00721987 0.04293925 -0.02039350
v 0.00843300 0.04310400 -0.01941400
v 0.00934000 0.04291500 -0.01990200
v 0.00730825 0.04294875 -0.01850275
v 0.00818475 0.04293166 -0.01876075
v 0.01232162 0.04268350 -0.02308456
v 0.01410606 0.04250656 -0.02367331
v 0.01180000 0.04268850 -0.02233650
v 0.01253813 0.04271531 -0.02170481
v 0.01396434 0.04262112 -0.02232197
v 0.01395700 0.04281500 -0.02156700
v 0.01582431 0.04240881 -0.02260306
v 0.01697762 0.04241937 -0.02205538
v 0.01827550 0.04226425 -0.02236175
v 0.01590613 0.04258687 -0.02129237
v 0.01736013 0.04239063 -0.02132913
v 0.01666150 0.04232850 -0.01988250
v 0.01103200 0.04284900 -0.01998500
v 0.01246700 0.04261400 -0.02083000
v 0.01257162 0.04264063 -0.01993925
v 0.01139400 0.04292900 -0.01938200
v 0.01307625 0.04271513 -0.01916962
v 0.00979044 0.04291150 -0.01912631
v 0.01084412 0.04285300 -0.01873631
v 0.00977175 0.04289300 -0.01807200
v 0.01200200 0.04270975 -0.01848600
v 0.01077491 0.04287509 -0.01602744
v 0.01434962 0.04258613 -0.02016350
v 0.01469059 0.04258581 -0.01807903
v 0.01667750 0.04240100 -0.01887350
v 0.01562450 0.04254725 -0.01911100
v 0.01579900 0.04258900 -0.01751900
v 0.01303747 0.04266225 -0.01807697
v 0.01469144 0.04258869 -0.01685244
v 0.01337088 0.04273338 -0.01656825
v 0.00748175 0.04323300 -0.08360225
v 0.01256125 0.04271000 -0.08095175
v 0.01872887 0.04187362 -0.08038250
v 0.02071550 0.04152725 -0.08003175
v 0.01925691 0.04177412 -0.07804384
v 0.02076937 0.04156808 -0.07609091
v 0.02309825 0.04119075 -0.07917375
v 0.02134206 0.04149075 -0.07859050
v 0.02352387 0.04096138 -0.07933900
v 0.02230670 0.04135403 -0.07464900
v 0.02341319 0.04099469 -0.07720919
v 0.02303125 0.04122125 -0.07629225
v 0.02391072 0.04030316 -0.07555206
v 0.02365775 0.04065787 -0.07476550
v 0.02304675 0.04117894 -0.07533294
v 0.02329000 0.04104450 -0.07489400
v 0.02329650 0.04109450 -0.07376800
v 0.02288594 0.04123400 -0.07268037
v 0.02328522 0.04096719 -0.07201484
v 0.02316037 0.04108200 -0.07014587
v 0.01418850 0.04277850 -0.02113650
v 0.02299200 -0.02688588 -0.08397875
v 0.02300475 -0.02793512 -0.08304800
v 0.02302250 -0.02491750 -0.08436063
v 0.02321744 -0.02516794 -0.08220956
v 0.02356013 -0.02437650 -0.07825775
v 0.02350200 -0.02399800 -0.07965500
v 0.02339012 -0.02275728 -0.08187447
v 0.02341750 -0.02089175 -0.08262075
v 0.02363450 -0.02160000 -0.07973200
v 0.02352188 -0.01993963 -0.08153750
v 0.02385100 -0.02158500 -0.07607800
v 0.02402175 -0.01844550 -0.07667125
v 0.02405313 -0.01573587 -0.07835394
v 0.02360438 -0.01865050 -0.08132162
v 0.02363309 -0.01718747 -0.08203878
v 0.02369550 -0.01632550 -0.08158750
v 0.02389125 -0.01653225 -0.07983150
v 0.02393035 -0.02155939 -0.06978498
v 0.02403700 -0.02009600 -0.07301300
v 0.02428900 -0.01577850 -0.07371100
v 0.02427563 -0.01709513 -0.06974137
v 0.02419850 -0.01787400 -0.06306400
v 0.02439750 -0.01270350 -0.07543250
v 0.02458437 -0.00753800 -0.07615962
v 0.02451800 -0.01333425 -0.06943025
v 0.02462200 -0.01080900 -0.07166900
v 0.02392294 -0.02103425 -0.06320475
v 0.02445150 -0.01452500 -0.06659050
v 0.02457400 -0.01273400 -0.06314700
v 0.02386875 -0.02058725 -0.05767075
v 0.02408972 -0.01808247 -0.05855294
v 0.02473825 -0.00911000 -0.06992375
v 0.02481200 -0.00837825 -0.06612050
v 0.02462150 -0.01165300 -0.06085900
v 0.02481978 -0.00822406 -0.06243844
v 0.02479650 -0.00665175 -0.07254900
v 0.02506250 -0.00263200 -0.06849200
v 0.02505273 -0.00346553 -0.06418666
v 0.02514975 -0.00105875 -0.06633850
v 0.02527406 0.00258300 -0.06608856
v 0.02402825 -0.01873250 -0.05733375
v 0.02391800 -0.01997200 -0.05572600
v 0.02384137 -0.02053463 -0.05475975
v 0.02389800 -0.01938506 -0.05636562
v 0.02398112 -0.01851163 -0.05472012
v 0.02435705 -0.01470067 -0.05834902
v 0.02427125 -0.01585706 -0.05738887
v 0.02407800 -0.01733200 -0.05623700
v 0.02424750 -0.01545544 -0.05624903
v 0.02365663 -0.02112312 -0.05412100
v 0.02383625 -0.01956450 -0.05432025
v 0.02386231 -0.01920984 -0.05309325
v 0.02383472 -0.01926006 -0.05175166
v 0.02396500 -0.01783975 -0.05128675
v 0.02401777 -0.01712933 -0.05357297
v 0.02408400 -0.01747000 -0.05449400
v 0.02434781 -0.01380469 -0.05611106
v 0.02426700 -0.01523856 -0.05484775
v 0.02413619 -0.01632106 -0.05279144
v 0.02429331 -0.01435731 -0.05424947
v 0.02441719 -0.01311131 -0.05375106
v 0.02452869 -0.01201863 -0.05753869
v 0.02485400 -0.00730025 -0.06020975
v 0.02472725 -0.00865175 -0.05794300
v 0.02460000 -0.01117300 -0.05700300
v 0.02472750 -0.00864538 -0.05708262
v 0.02500100 -0.00406000 -0.05929400
v 0.02496650 -0.00444175 -0.05728850
v 0.02469800 -0.00854800 -0.05280000
v 0.02439002 -0.01260875 -0.05173074
v 0.02463842 -0.00969652 -0.05499517
v 0.02392045 -0.01763642 -0.04981912
v 0.02396844 -0.01661463 -0.04803987
v 0.02383050 -0.01785600 -0.04754300
v 0.02420125 -0.01551275 -0.05127300
v 0.02407031 -0.01608475 -0.04989400
v 0.02421994 -0.01467409 -0.05105372
v 0.02415147 -0.01484403 -0.04852444
v 0.02431631 -0.01251170 -0.04883627
v 0.02385150 -0.01785537 -0.04661588
v 0.02403275 -0.01557225 -0.04617525
v 0.02408508 -0.01476592 -0.04723353
v 0.02431550 -0.01195713 -0.04621725
v 0.02419262 -0.01263150 -0.04566834
v 0.02417900 -0.01321300 -0.04490200
v 0.02459744 -0.00951081 -0.05243875
v 0.02455081 -0.00938117 -0.04957609
v 0.02475328 -0.00725361 -0.05235966
v 0.02490703 -0.00413769 -0.05402403
v 0.02466841 -0.00743608 -0.04943730
v 0.02482503 -0.00519756 -0.05238609
v 0.02472531 -0.00603922 -0.05023472
v 0.02436531 -0.01064863 -0.04652069
v 0.02457684 -0.00764165 -0.04761734
v 0.02440344 -0.00885581 -0.04507144
v 0.02481119 -0.00487425 -0.05049919
v 0.02472016 -0.00467516 -0.04802438
v 0.02479500 -0.00449650 -0.04878050
v 0.02525638 0.00197625 -0.06469878
v 0.02517157 0.00051078 -0.06030150
v 0.02500025 -0.00336825 -0.05865950
v 0.02506025 -0.00173525 -0.05672225
v 0.02506500 -0.00120281 -0.05865563
v 0.02513692 0.00098247 -0.05690522
v 0.02514337 0.00089300 -0.05836712
v 0.02539088 0.00699291 -0.06421928
v 0.02528742 0.00431308 -0.06117130
v 0.02523155 0.00395641 -0.05795487
v 0.02532919 0.00653075 -0.06055206
v 0.02532609 0.01096054 -0.05913001
v 0.02500995 -0.00138735 -0.05326758
v 0.02496400 -0.00139550 -0.05180600
v 0.02508113 0.00030838 -0.05560025
v 0.02517083 0.00358763 -0.05523852
v 0.02503331 0.00154163 -0.05252475
v 0.02505450 0.00058844 -0.05268844
v 0.02492900 -0.00375012 -0.05151100
v 0.02494100 -0.00122750 -0.04940600
v 0.02501638 0.00122906 -0.05044625
v 0.02509245 0.00298148 -0.05274828
v 0.02499681 0.00219688 -0.04909031
v 0.02507000 0.00511525 -0.04969375
v 0.02483725 -0.00420106 -0.05119219
v 0.02485519 -0.00203569 -0.04936162
v 0.02479567 -0.00263341 -0.04735188
v 0.02518700 0.00621000 -0.05714200
v 0.02525622 0.00677794 -0.05760875
v 0.02523250 0.00562300 -0.05607450
v 0.02530819 0.00943659 -0.05826728
v 0.02526688 0.00894875 -0.05697612
v 0.02520700 0.01021800 -0.05720100
v 0.02520981 0.00686437 -0.05536587
v 0.02518019 0.00616712 -0.05464031
v 0.02518162 0.00814591 -0.05286672
v 0.02508353 0.00579122 -0.05068731
v 0.02510528 0.00755859 -0.05077306
v 0.02525856 0.01069650 -0.05611513
v 0.02518338 0.00763763 -0.05421388
v 0.02525000 0.00836900 -0.05532750
v 0.02521759 0.00948678 -0.05491197
v 0.02522100 0.01065919 -0.05452281
v 0.02519031 0.00966125 -0.05335038
v 0.02514175 0.01022025 -0.05193125
v 0.02406925 -0.01279012 -0.04220750
v 0.02391900 -0.01265600 -0.03807600
v 0.02372137 -0.01174750 -0.03251462
v 0.02432319 -0.01013000 -0.04437556
v 0.02467925 -0.00471450 -0.04622788
v 0.02446650 -0.00727513 -0.04382925
v 0.02441994 -0.00688803 -0.04263006
v 0.02453034 -0.00567259 -0.04414966
v 0.02463191 -0.00329437 -0.04421500
v 0.02409175 -0.00793712 -0.03566000
v 0.02445600 -0.00383000 -0.04054644
v 0.02461525 -0.00250044 -0.04254913
v 0.02394922 -0.00774688 -0.03248209
v 0.02383409 -0.00740753 -0.02946344
v 0.02419208 -0.00565922 -0.03570987
v 0.02410497 -0.00496565 -0.03320533
v 0.02455975 0.00070450 -0.03987625
v 0.02425200 -0.00119200 -0.03369600
v 0.02395028 -0.00551728 -0.03018103
v 0.02491631 0.00395694 -0.04671550
v 0.02492675 0.00047275 -0.04812200
v 0.02485045 0.00083439 -0.04641959
v 0.02475387 0.00034138 -0.04478600
v 0.02473650 0.00046175 -0.04339800
v 0.02466753 0.00194706 -0.04147719
v 0.02478959 0.00310838 -0.04411584
v 0.02495550 0.00550375 -0.04647250
v 0.02488172 0.00580887 -0.04578533
v 0.02478088 0.00431975 -0.04334913
v 0.02499150 0.00605938 -0.04781850
v 0.02502675 0.00847650 -0.04827700
v 0.02509525 0.00928175 -0.05106975
v 0.02506275 0.00881200 -0.04927875
v 0.02513419 0.01184113 -0.05240769
v 0.02503838 0.01125131 -0.04978653
v 0.02499564 0.01024289 -0.04828319
v 0.02506100 0.01014300 -0.04909300
v 0.02509875 0.01201375 -0.05054950
v 0.02490619 0.00787744 -0.04549369
v 0.02495469 0.01102511 -0.04682914
v 0.02471763 0.00777350 -0.04139875
v 0.02493562 0.01322806 -0.04794419
v 0.02489175 0.01311200 -0.04599175
v 0.02448575 0.00423025 -0.03712488
v 0.02430250 0.00312150 -0.03291100
v 0.02444075 0.00659375 -0.03543125
v 0.02447675 0.00923738 -0.03633925
v 0.02465200 0.01368450 -0.04140175
v 0.02438488 0.01685450 -0.03782287
v 0.02427100 0.01042800 -0.03193850
v 0.02532100 0.01322000 -0.05788425
v 0.02527878 0.01574725 -0.05891497
v 0.02526925 0.01565075 -0.05765975
v 0.02520150 0.01340150 -0.05661250
v 0.02522937 0.01313375 -0.05562512
v 0.02519972 0.01536328 -0.05680397
v 0.02517037 0.01191406 -0.05424931
v 0.02517316 0.01257250 -0.05329069
v 0.02514838 0.01344250 -0.05497013
v 0.02517925 0.01461669 -0.05581619
v 0.02510169 0.01457716 -0.05473728
v 0.02515163 0.01753938 -0.05700825
v 0.02511350 0.01715975 -0.05530562
v 0.02503894 0.01682344 -0.05480769
v 0.02506450 0.01893300 -0.05665900
v 0.02509338 0.01846550 -0.05583475
v 0.02502600 0.02097300 -0.05688800
v 0.02496525 0.02041713 -0.05613662
v 0.02514987 0.01391787 -0.05319438
v 0.02511300 0.01607237 -0.05412662
v 0.02511050 0.01513862 -0.05279050
v 0.02505825 0.01441650 -0.05123350
v 0.02506050 0.01331956 -0.05137775
v 0.02501788 0.01274862 -0.05014175
v 0.02494225 0.01451650 -0.05039450
v 0.02500969 0.01635950 -0.05126362
v 0.02499931 0.01740431 -0.05396000
v 0.02501006 0.01716663 -0.05232934
v 0.02498850 0.01838450 -0.05492000
v 0.02499800 0.01871200 -0.05363100
v 0.02492075 0.02033275 -0.05401675
v 0.02489609 0.01895175 -0.05150228
v 0.02489138 0.02027750 -0.05216588
v 0.02495631 0.01445019 -0.04873363
v 0.02490650 0.01679494 -0.04962669
v 0.02485275 0.01553538 -0.04713569
v 0.02481350 0.01669750 -0.04816200
v 0.02481595 0.01920762 -0.04972919
v 0.02479681 0.01814906 -0.04840250
v 0.02470169 0.02093353 -0.04865191
v 0.02469175 0.01967750 -0.04763875
v 0.02476950 0.01837381 -0.04724319
v 0.02505369 0.02035706 -0.05486312
v 0.02495275 0.02157287 -0.05508937
v 0.02482144 0.02083581 -0.05314450
v 0.02495500 0.02222000 -0.05330000
v 0.02476194 0.02235012 -0.05223469
v 0.02474975 0.02409725 -0.05434625
v 0.02471584 0.02205647 -0.05060053
v 0.02469969 0.02360056 -0.05162937
v 0.02464675 0.02233062 -0.04907175
v 0.02460106 0.02370703 -0.05021994
v 0.02454538 0.02439812 -0.04931000
v 0.02472580 0.01632833 -0.04463129
v 0.02452433 0.01873502 -0.04236905
v 0.02457881 0.02159619 -0.04725250
v 0.02461978 0.02006553 -0.04593256
v 0.02454987 0.02159837 -0.04622575
v 0.02457500 0.01998700 -0.04426000
v 0.02436230 0.02011020 -0.04036975
v 0.02426747 0.02410781 -0.04311044
v 0.02441875 0.02361075 -0.04584525
v 0.02448300 0.02288800 -0.04572500
v 0.02405000 0.02993500 -0.04700300
v 0.02400400 0.02692900 -0.04149300
v 0.02380219 0.02966381 -0.04214056
v 0.02384275 -0.00503906 -0.02748341
v 0.02408713 -0.00161275 -0.03036112
v 0.02381081 -0.00258867 -0.02513739
v 0.02367981 -0.00662662 -0.02550844
v 0.02412800 0.00382700 -0.02900825
v 0.02382900 0.00265400 -0.02321500
v 0.02369900 -0.00042000 -0.02216225
v 0.02366800 0.00134350 -0.02143950
v 0.02365244 0.00373200 -0.01975244
v 0.02349175 -0.00901056 -0.02407288
v 0.02317950 -0.01108825 -0.02073387
v 0.02337737 -0.00887562 -0.02198541
v 0.02353184 -0.00646098 -0.02261991
v 0.02366081 -0.00471206 -0.02362600
v 0.02305592 -0.01088736 -0.01798423
v 0.02324494 -0.00889294 -0.01950462
v 0.02324300 -0.00958250 -0.01927450
v 0.02319138 -0.00812009 -0.01769338
v 0.02292300 -0.00979400 -0.01540400
v 0.02336450 -0.00684009 -0.01975700
v 0.02351025 -0.00506450 -0.02054900
v 0.02328724 -0.00510099 -0.01722351
v 0.02339237 -0.00516509 -0.01890000
v 0.02305806 -0.00869213 -0.01638194
v 0.02305675 -0.00810200 -0.01510700
v 0.02301841 -0.00674344 -0.01347059
v 0.02285000 -0.01173900 -0.01524100
v 0.02286350 -0.00988188 -0.01385137
v 0.02315625 -0.00610408 -0.01600880
v 0.02312081 -0.00497659 -0.01444053
v 0.02352675 -0.00323691 -0.02010506
v 0.02362194 0.00045013 -0.02018987
v 0.02351931 0.00014534 -0.01861141
v 0.02337275 -0.00126375 -0.01675291
v 0.02322062 -0.00198287 -0.01455381
v 0.02336325 0.00121538 -0.01622722
v 0.02328100 -0.00093000 -0.01448950
v 0.02340300 0.00345250 -0.01617000
v 0.02350594 0.00510156 -0.01730163
v 0.02418625 0.00708825 -0.02965225
v 0.02398400 0.00642725 -0.02583000
v 0.02402225 0.01058875 -0.02673475
v 0.02422212 0.01502188 -0.03298537
v 0.02412150 0.01366275 -0.02977775
v 0.02390150 0.01853850 -0.02826550
v 0.02373319 0.00550019 -0.02109775
v 0.02371750 0.00735725 -0.02072250
v 0.02385925 0.00873250 -0.02330475
v 0.02363412 0.00650531 -0.01889400
v 0.02366925 0.00929819 -0.01964163
v 0.02364887 0.01156166 -0.01972439
v 0.02374775 0.01343663 -0.02249863
v 0.02363616 0.01612930 -0.02131930
v 0.02366572 0.01315078 -0.02091356
v 0.02351880 0.01801303 -0.02039630
v 0.02291709 -0.00581906 -0.01143147
v 0.02276075 -0.00565400 -0.00937875
v 0.02308794 -0.00207925 -0.01237762
v 0.02286525 -0.00333981 -0.00937769
v 0.02266144 -0.00530294 -0.00723219
v 0.02252500 -0.00378500 -0.00477800
v 0.02289388 -0.00160275 -0.00952900
v 0.02285175 -0.00108675 -0.00825175
v 0.02324619 0.00077812 -0.01416975
v 0.02316150 -0.00089400 -0.01362200
v 0.02316100 0.00138869 -0.01176794
v 0.02318213 0.00147000 -0.01293744
v 0.02339875 0.00505100 -0.01615850
v 0.02340200 0.00416000 -0.01503800
v 0.02328634 0.00517952 -0.01380941
v 0.02303836 0.00169503 -0.01051155
v 0.02288100 0.00180600 -0.00798800
v 0.02275300 0.00033000 -0.00662600
v 0.02315606 0.00369719 -0.01165406
v 0.02300888 0.00409819 -0.00976113
v 0.02306063 0.00601453 -0.01017354
v 0.02222300 0.00016700 0.00092300
v 0.02151425 -0.00792225 0.00711175
v 0.02256519 0.00336844 -0.00346488
v 0.02290916 0.00594956 -0.00790320
v 0.02282202 0.00765800 -0.00656011
v 0.02219650 0.00386850 0.00193050
v 0.02239900 0.00916462 -0.00073388
v 0.02350269 0.00867766 -0.01724688
v 0.02337799 0.00679408 -0.01545749
v 0.02334737 0.00833941 -0.01454900
v 0.02336141 0.00965947 -0.01518719
v 0.02351550 0.01113819 -0.01754575
v 0.02340617 0.01410539 -0.01674983
v 0.02339712 0.01212000 -0.01583438
v 0.02329650 0.01112225 -0.01401575
v 0.02327044 0.01216681 -0.01335688
v 0.02336300 0.01298600 -0.01486200
v 0.02324800 0.01393150 -0.01394313
v 0.02319444 0.01140869 -0.01238450
v 0.02317138 0.01426544 -0.01234675
v 0.02352575 0.01525875 -0.01889225
v 0.02338248 0.01692370 -0.01741348
v 0.02351600 0.01959300 -0.02131250
v 0.02331613 0.01528875 -0.01556169
v 0.02329450 0.01719700 -0.01677150
v 0.02324194 0.01798525 -0.01545181
v 0.02326200 0.01609688 -0.01431213
v 0.02306891 0.01670950 -0.01159772
v 0.02309962 0.01806237 -0.01305838
v 0.02309387 0.02214738 -0.01617494
v 0.02315813 0.01950439 -0.01491539
v 0.02287550 0.01406600 -0.00799025
v 0.02291294 0.02056700 -0.01137850
v 0.02303550 0.02067825 -0.01384106
v 0.02269600 0.01872500 -0.00709225
v 0.02278975 0.02502363 -0.01351500
v 0.02244925 0.02396525 -0.00651125
v 0.02330736 0.00688177 -0.01367080
v 0.02300672 0.00765219 -0.00935964
v 0.02315793 0.00890213 -0.01153905
v 0.02326088 0.01020950 -0.01276238
v 0.02291500 0.00869700 -0.00756100
v 0.02303262 0.01115626 -0.00995503
v 0.02289950 0.01222850 -0.00797300
v 0.02266700 0.01208600 -0.00455750
v 0.02249900 0.01705500 -0.00330200
v 0.02407725 0.01906750 -0.03283450
v 0.02409825 0.02260863 -0.03756300
v 0.02379723 0.02311789 -0.03127787
v 0.02379825 0.02656094 -0.03709781
v 0.02338325 0.02816050 -0.03018600
v 0.02344863 0.03043755 -0.03616505
v 0.02309200 0.03353825 -0.03428075
v 0.02356562 0.02455875 -0.02786875
v 0.02342525 0.02488400 -0.02508200
v 0.02372000 0.02211700 -0.02790100
v 0.02339451 0.02293794 -0.02238681
v 0.02304875 0.03114000 -0.02817400
v 0.02268953 0.03589691 -0.03018603
v 0.02228300 0.03863350 -0.02670425
v 0.02271225 0.03903225 -0.03655281
v 0.02274406 0.03706755 -0.03400047
v 0.02240725 0.04052725 -0.03493250
v 0.02253219 0.03857425 -0.03204938
v 0.02254225 0.03908075 -0.03259962
v 0.02217556 0.04102519 -0.03448738
v 0.02235437 0.04041338 -0.03313187
v 0.02185941 0.04135412 -0.03338269
v 0.02208900 0.04101162 -0.03211488
v 0.02220237 0.04033134 -0.02935791
v 0.02211406 0.04073125 -0.02975675
v 0.02152050 0.04158763 -0.03052075
v 0.02316469 0.02592794 -0.02161750
v 0.02302875 0.02438187 -0.01706613
v 0.02275800 0.02875462 -0.01779962
v 0.02262650 0.03238075 -0.02117500
v 0.02212762 0.03819512 -0.02251487
v 0.02192278 0.03805438 -0.01728688
v 0.02237789 0.03008136 -0.01263803
v 0.02240172 0.03174017 -0.01571186
v 0.02247587 0.02570937 -0.00874162
v 0.02221601 0.03064592 -0.01056042
v 0.02209677 0.03318478 -0.01205411
v 0.02214519 0.03396694 -0.01412158
v 0.02168125 0.03907575 -0.01198575
v 0.02168081 0.03817458 -0.01156059
v 0.02186550 0.03915775 -0.01733700
v 0.02212303 0.03917600 -0.02354606
v 0.02189669 0.04110000 -0.02877669
v 0.02168006 0.04140853 -0.02906431
v 0.02074781 0.04190613 -0.02874850
v 0.02124569 0.04173612 -0.02891625
v 0.02075603 0.04195444 -0.02576184
v 0.02116563 0.04177487 -0.02614856
v 0.02166263 0.04136250 -0.02656681
v 0.02198384 0.04034591 -0.02473988
v 0.02188963 0.04094631 -0.02601328
v 0.02176894 0.04084019 -0.02252931
v 0.02015875 0.04213470 -0.02345277
v 0.02132800 0.04163125 -0.02334475
v 0.01952425 0.04222875 -0.02338762
v 0.02161869 0.04122194 -0.02288100
v 0.02117825 0.04176388 -0.02429488
v 0.01810362 0.04230013 -0.02056069
v 0.01959988 0.04227875 -0.02010950
v 0.01906850 0.04233812 -0.01842037
v 0.01760063 0.04236153 -0.01877750
v 0.01831013 0.04232287 -0.01814506
v 0.02025284 0.04217778 -0.01796862
v 0.02069977 0.04201709 -0.02064214
v 0.02175044 0.04031197 -0.01892600
v 0.02147100 0.04138450 -0.02063550
v 0.02155063 0.04093772 -0.01792903
v 0.02104575 0.04179325 -0.01957788
v 0.01653506 0.04242737 -0.01708044
v 0.01747012 0.04242962 -0.01727200
v 0.01628100 0.04239400 -0.01396200
v 0.01953150 0.04235900 -0.01597500
v 0.01774466 0.04239103 -0.01468550
v 0.01896500 0.04239681 -0.01453194
v 0.02166222 0.04028391 -0.01634388
v 0.02131281 0.04134769 -0.01747581
v 0.02024772 0.04218150 -0.01575987
v 0.02086166 0.04181759 -0.01649781
v 0.02151684 0.04013884 -0.01218703
v 0.02141462 0.04083206 -0.01364700
v 0.02125650 0.04128156 -0.01503412
v 0.02074487 0.04178113 -0.01347269
v -0.02020800 -0.04499238 0.00699537
v -0.01957834 -0.04543120 0.00763614
v -0.01997692 -0.04524170 0.00934486
v -0.02057075 -0.04428125 0.00750953
v -0.02043231 -0.04473803 0.00846856
v -0.02070500 -0.04118700 0.00712700
v -0.02078237 -0.04192400 0.01020100
v -0.02083631 -0.04266439 0.01165402
v -0.01710759 -0.04570372 0.00763625
v -0.01786812 -0.04566016 0.00869891
v -0.01951075 -0.04546150 0.01023681
v -0.01788000 -0.04568400 0.01031300
v -0.01721694 -0.04564788 0.01088013
v -0.01560750 -0.04573300 0.01024700
v -0.01975709 -0.04537519 0.01190737
v -0.01939776 -0.04546541 0.01401248
v -0.01788725 -0.04563844 0.01338444
v -0.02037044 -0.04492619 0.01059225
v -0.02033469 -0.04501394 0.01254500
v -0.02064625 -0.04463200 0.01234225
v -0.02081163 -0.04424712 0.01440588
v -0.02025950 -0.04508806 0.01431706
v -0.01992119 -0.04530987 0.01440231
v -0.01678500 -0.04566700 0.01299300
v -0.02063944 -0.04434494 0.00960744
v -0.02071694 -0.04412825 0.01062550
v -0.02090538 -0.04067137 0.01220538
v -0.02056588 -0.04475850 0.01392288
v -0.02006250 -0.04525122 0.01664909
v -0.02088237 -0.04368306 0.01442838
v -0.02056300 -0.04486500 0.01564700
v -0.01803375 -0.04560275 0.01651675
v -0.02071362 -0.04461087 0.01645712
v -0.02091706 -0.04409091 0.01692050
v -0.02095672 -0.04217477 0.01544072
v -0.02043119 -0.04497531 0.01738600
v -0.02096400 -0.04188900 0.01643000
v -0.01973300 -0.04535400 0.01716550
v -0.01830050 -0.04555150 0.01789100
v -0.02104200 -0.03967600 0.01446000
v -0.02113231 -0.03806488 0.01641594
v -0.02014100 -0.04522200 0.01857500
v -0.01900025 -0.04550725 0.01869925
v -0.01969319 -0.04522256 0.02045562
v -0.02068663 -0.04472825 0.02054100
v -0.02085400 -0.04456650 0.01882175
v -0.02103944 -0.04235194 0.01765844
v -0.02104850 -0.04412088 0.01891650
v -0.02026919 -0.04496266 0.02130275
v -0.02096000 -0.04424638 0.02080587
v -0.02088556 -0.04441687 0.02201881
v -0.02102950 -0.04375575 0.02049250
v -0.02092600 -0.04261000 0.02179300
v -0.02117100 -0.03860238 0.01714450
v -0.02136594 -0.03865669 0.01806394
v -0.02122019 -0.04037094 0.01784312
v -0.02129500 -0.04072900 0.01872300
v -0.02116890 -0.04087859 0.01962137
v -0.02144400 -0.03780300 0.01856050
v -0.02125006 -0.03800663 0.01979006
v -0.02080200 -0.03729550 0.00544100
v -0.02090275 -0.03683425 0.00718125
v -0.02098266 -0.03207278 0.00257153
v -0.02107663 -0.03286142 0.00793836
v -0.02077525 -0.03997419 0.00631381
v -0.02083153 -0.03862222 0.00683675
v -0.02089434 -0.03996534 0.00975434
v -0.02091569 -0.03813731 0.00954084
v -0.02104800 -0.03884000 0.01248300
v -0.02102013 -0.03682920 0.01062841
v -0.02105981 -0.03470219 0.01040962
v -0.02111764 -0.03026783 0.00530448
v -0.02116202 -0.02589611 0.00055786
v -0.02118900 -0.02729375 0.00331869
v -0.02119125 -0.02996775 0.00691312
v -0.02125747 -0.02767591 0.00748587
v -0.02121463 -0.02762588 0.00575759
v -0.02124119 -0.02345294 0.00171866
v -0.02128819 -0.02563050 0.00616500
v -0.02126388 -0.02422050 0.00489675
v -0.02108100 -0.03244900 0.01001500
v -0.02108475 -0.03734625 0.01338212
v -0.02118769 -0.03433938 0.01203156
v -0.02118862 -0.03537475 0.01317087
v -0.02121659 -0.03361488 0.01376850
v -0.02128550 -0.03210788 0.01298538
v -0.02120512 -0.03504538 0.01543206
v -0.02126625 -0.03564800 0.01710387
v -0.02141400 -0.03721900 0.01824100
v -0.02154013 -0.03348547 0.01810994
v -0.02129013 -0.03287191 0.01631959
v -0.02134800 -0.03044600 0.01305000
v -0.02130506 -0.03061406 0.01573319
v -0.02136063 -0.03223825 0.01700130
v -0.02117925 -0.02948100 0.00929100
v -0.02121747 -0.02994942 0.01092948
v -0.02123919 -0.02690525 0.00990825
v -0.02134294 -0.02825687 0.01184888
v -0.02130475 -0.02564044 0.01099650
v -0.02134900 -0.02372300 0.00757900
v -0.02128781 -0.02331869 0.00915056
v -0.02140888 -0.02674962 0.01286769
v -0.02135006 -0.02720437 0.01378102
v -0.02137175 -0.02730625 0.01649075
v -0.02140925 -0.02396025 0.01197125
v -0.02142075 -0.02414150 0.01306875
v -0.02138275 -0.02174338 0.01379463
v -0.02144267 -0.02008642 0.01301858
v -0.01985100 -0.04514800 0.02219300
v -0.02072188 -0.04476087 0.02270913
v -0.02025700 -0.04510825 0.02330325
v -0.02101369 -0.04445106 0.02379644
v -0.02113587 -0.04385638 0.02367713
v -0.02099538 -0.04389975 0.02237363
v -0.02104961 -0.04246178 0.02306317
v -0.02103650 -0.04003537 0.02172406
v -0.02103075 -0.04129063 0.02265925
v -0.02083950 -0.04475631 0.02536822
v -0.02102728 -0.04450262 0.02526412
v -0.02128900 -0.04369400 0.02561400
v -0.02131000 -0.04267600 0.02493900
v -0.02128050 -0.04152187 0.02499563
v -0.02111625 -0.03609088 0.02180175
v -0.02119456 -0.03868675 0.02354303
v -0.02130875 -0.03935337 0.02471375
v -0.02111262 -0.03708312 0.02243663
v -0.02126450 -0.04416334 0.02764903
v -0.02132613 -0.04205425 0.02716875
v -0.02131975 -0.03761025 0.02425912
v -0.02141913 -0.03568325 0.02608087
v -0.02143713 -0.04006000 0.03093394
v -0.02144334 -0.03596509 0.02860844
v -0.02151200 -0.03701856 0.03403388
v -0.02147362 -0.03319237 0.03131100
v -0.02146225 -0.03596112 0.01866400
v -0.02136750 -0.03455750 0.01970250
v -0.02152300 -0.03352900 0.01853400
v -0.02139088 -0.03310525 0.01951675
v -0.02123125 -0.03201888 0.02154962
v -0.02114700 -0.03446500 0.02219000
v -0.02161200 -0.03099675 0.01801725
v -0.02162400 -0.02973150 0.01849550
v -0.02146325 -0.03011269 0.01943188
v -0.02127475 -0.02894444 0.02116025
v -0.02129425 -0.03448025 0.02343406
v -0.02126919 -0.03245013 0.02277919
v -0.02140725 -0.03320663 0.02447137
v -0.02145292 -0.03238466 0.02611823
v -0.02121600 -0.02980400 0.02184900
v -0.02132300 -0.02922725 0.02301500
v -0.02142700 -0.02950875 0.02418500
v -0.02140522 -0.02339477 0.01639078
v -0.02147675 -0.02263759 0.01716075
v -0.02163763 -0.02313738 0.01825475
v -0.02154242 -0.02151302 0.01890703
v -0.02152928 -0.02846128 0.01765506
v -0.02142475 -0.02623369 0.01700469
v -0.02162844 -0.02622562 0.01824694
v -0.02161912 -0.02655494 0.01853500
v -0.02128144 -0.02588806 0.02118569
v -0.02148100 -0.02458405 0.01943556
v -0.02125025 -0.02691625 0.02207875
v -0.02128544 -0.02319911 0.02144269
v -0.02126050 -0.02458200 0.02218350
v -0.02142600 -0.02579500 0.02399681
v -0.02127600 -0.01949325 0.02126425
v -0.02147066 -0.03078566 0.02786803
v -0.02144217 -0.02844156 0.02934435
v -0.02146800 -0.02796175 0.02492375
v -0.02148600 -0.02745800 0.02770900
v -0.02147364 -0.02778202 0.03168617
v -0.02146538 -0.02867887 0.03410788
v -0.02147300 -0.02407075 0.02504550
v -0.02144500 -0.02411034 0.02552778
v -0.02140950 -0.02005700 0.02757875
v -0.02141231 -0.02068269 0.02383400
v -0.02127962 -0.02099988 0.02225169
v -0.02143163 -0.02103650 0.02521287
v -0.02146675 -0.02063825 0.02487025
v -0.02138362 -0.02157387 0.02915662
v -0.02142500 -0.02192300 0.03122300
v -0.02129525 -0.01647775 0.02954650
v -0.02121975 -0.01347325 -0.00323425
v -0.02126437 -0.01547538 -0.00145363
v -0.02119647 -0.01084373 -0.00042986
v -0.02126616 -0.01645966 0.00045950
v -0.02114936 -0.00834469 -0.00322316
v -0.02115637 -0.00798012 -0.00174388
v -0.02127450 -0.01336100 0.00146800
v -0.02121500 -0.00968900 0.00245900
v -0.02124044 -0.02136225 0.00049763
v -0.02125316 -0.01965409 -0.00110284
v -0.02129247 -0.01951734 0.00212197
v -0.02130722 -0.02025525 0.00504644
v -0.02130890 -0.01741924 0.00445016
v -0.02136088 -0.02208988 0.00693425
v -0.02135288 -0.01924569 0.00735128
v -0.02129306 -0.01954753 0.00956147
v -0.02134125 -0.01538975 0.00662925
v -0.02129350 -0.01568281 0.00983462
v -0.02131087 -0.02233737 0.01045988
v -0.02142475 -0.02147050 0.01218150
v -0.02137144 -0.01916344 0.01137125
v -0.02138587 -0.01596812 0.01169381
v -0.02128287 -0.01378262 0.00407163
v -0.02128845 -0.01301141 0.00566820
v -0.02119863 -0.00994969 0.00400950
v -0.02125594 -0.01038794 0.00708719
v -0.02128453 -0.01341872 0.00785375
v -0.02123088 -0.01200369 0.00960088
v -0.02127081 -0.01096406 0.01130044
v -0.02113987 -0.00603150 0.00585850
v -0.02119700 -0.00673850 0.00675600
v -0.02111900 -0.00647375 -0.00511900
v -0.02092190 -0.00160840 -0.00712990
v -0.02099933 -0.00314056 -0.00159361
v -0.02105800 -0.00482764 -0.00012892
v -0.02088819 -0.00033109 -0.00324969
v -0.02070755 0.00292709 -0.00865121
v -0.02063953 0.00422156 -0.01003081
v -0.02070391 0.00304103 -0.00642437
v -0.02073878 0.00296784 -0.00422644
v -0.02064125 0.00479037 -0.00556388
v -0.02110197 -0.00553262 0.00160544
v -0.02111791 -0.00615441 0.00327589
v -0.02093050 0.00013200 0.00129850
v -0.02098175 -0.00154125 0.00192025
v -0.02097000 -0.00147150 0.00552300
v -0.02093562 -0.00184600 0.00364600
v -0.02088200 0.00026425 0.00255275
v -0.02085175 0.00002044 0.00415331
v -0.02104375 -0.00306769 0.00798159
v -0.02087200 -0.00013450 0.00517800
v -0.02094713 0.00001662 0.00650800
v -0.02080850 0.00166500 -0.00132450
v -0.02086444 0.00127744 0.00060981
v -0.02081425 0.00272700 0.00151200
v -0.02061617 0.00566475 -0.00219009
v -0.02045300 0.00893087 0.00044650
v -0.02066924 0.00519145 0.00186863
v -0.02087800 0.00139500 0.00294600
v -0.02077909 0.00227753 0.00396128
v -0.02084325 0.00295325 0.00635525
v -0.02047425 0.00913813 0.00223412
v -0.02055184 0.00769436 0.00406855
v -0.02113900 -0.00775950 0.00960150
v -0.02109650 -0.00542025 0.00915600
v -0.02141625 -0.02028875 0.01668150
v -0.02136475 -0.01729900 0.01396675
v -0.02140363 -0.01765488 0.01677231
v -0.02135191 -0.01592417 0.01586759
v -0.02141350 -0.01613600 0.01302663
v -0.02134213 -0.01367862 0.01333444
v -0.02159225 -0.02017725 0.01789650
v -0.02156956 -0.01861650 0.01825144
v -0.02145581 -0.01783963 0.01899013
v -0.02147438 -0.01618178 0.01738175
v -0.02127900 -0.01251600 0.01642200
v -0.02155250 -0.01595175 0.01826450
v -0.02124050 -0.01628981 0.02079369
v -0.02136600 -0.01494850 0.01950250
v -0.02150600 -0.01362400 0.01783900
v -0.02151550 -0.01385500 0.01827500
v -0.02133825 -0.01273950 0.01183912
v -0.02125913 -0.01027403 0.01410006
v -0.02126275 -0.00901075 0.01282475
v -0.02123556 -0.00784200 0.01161531
v -0.02116022 -0.00561537 0.01100175
v -0.02116094 -0.00686256 0.01354856
v -0.02126350 -0.01084100 0.01630700
v -0.02147275 -0.01076325 0.01802525
v -0.02134900 -0.01223675 0.01908375
v -0.02120639 -0.00857540 0.01614118
v -0.02138625 -0.00899850 0.01760700
v -0.02111856 -0.00551425 0.01627169
v -0.02115691 -0.00517447 0.01285906
v -0.02122238 -0.00647963 0.01691825
v -0.02118650 -0.01760325 0.02190838
v -0.02115056 -0.01520244 0.02190169
v -0.02129359 -0.01650697 0.02327816
v -0.02120550 -0.01366550 0.02304100
v -0.02112756 -0.01239769 0.02149025
v -0.02108394 -0.01130100 0.02217419
v -0.02137900 -0.01505950 0.02461850
v -0.02125431 -0.01093006 0.02379731
v -0.02127216 -0.01190659 0.02520684
v -0.02137500 -0.01884900 0.02345200
v -0.02141606 -0.01739538 0.02454838
v -0.02136669 -0.01621581 0.02515300
v -0.02132513 -0.01525444 0.02730763
v -0.02119150 -0.01105725 0.02886719
v -0.02145800 -0.01048300 0.01842300
v -0.02125275 -0.00940900 0.01928400
v -0.02138069 -0.00783547 0.01818378
v -0.02103875 -0.00857269 0.02113206
v -0.02102875 -0.00997750 0.02185425
v -0.02136200 -0.00634400 0.01793625
v -0.02122766 -0.00366594 0.01772475
v -0.02124525 -0.00453500 0.01822500
v -0.02094400 -0.00621400 0.02134000
v -0.02113450 -0.00486600 0.01902400
v -0.02123100 -0.00854100 0.02451150
v -0.02111356 -0.00815911 0.02335082
v -0.02116213 -0.00650000 0.02435662
v -0.02113631 -0.00693731 0.02515687
v -0.02098609 -0.00645909 0.02261728
v -0.02086700 -0.00435500 0.02144500
v -0.02081150 -0.00203287 0.02200306
v -0.02102444 -0.00386400 0.02361544
v -0.02106737 -0.00431244 0.02447400
v -0.02089494 -0.00120688 0.02317428
v -0.02087300 0.00065100 0.00816900
v -0.02096700 -0.00103050 0.01034900
v -0.02086612 0.00194188 0.00779175
v -0.02077713 0.00443538 0.00695887
v -0.02078059 0.00347364 0.00953658
v -0.02061213 0.00800775 0.00665425
v -0.02055156 0.00836531 0.00939709
v -0.02083795 0.00382470 0.01114937
v -0.02079587 0.00502850 0.01256022
v -0.02068400 0.00674219 0.01080306
v -0.02067875 0.00821287 0.01257588
v -0.02055800 0.01041500 0.01124000
v -0.02074463 0.00536800 0.01443725
v -0.02060845 0.00866779 0.01339400
v -0.02049212 0.01178338 0.01243088
v -0.02051597 0.01026322 0.01613631
v -0.02047762 0.01124125 0.01394463
v -0.02105878 -0.00210075 0.01149412
v -0.02098503 0.00016397 0.01250503
v -0.02103780 -0.00282177 0.01451513
v -0.02095800 -0.00033137 0.01340800
v -0.02082681 0.00303450 0.01434744
v -0.02111925 -0.00389050 0.01691425
v -0.02100537 -0.00142975 0.01648525
v -0.02114400 -0.00093875 0.01771000
v -0.02107061 -0.00103844 0.01870191
v -0.02083363 -0.00127456 0.02067075
v -0.02087925 0.00146475 0.01606506
v -0.02090300 0.00151500 0.01678600
v -0.02092075 0.00389144 0.01775806
v -0.02100194 0.00245888 0.01777869
v -0.02069975 0.00180775 0.02117900
v -0.02077106 0.00091591 0.02271309
v -0.02092769 0.00214975 0.01860606
v -0.02087100 0.00139600 0.01917900
v -0.02093800 0.00358256 0.01815403
v -0.02059600 0.00319700 0.02153300
v -0.02075500 0.00443800 0.01639400
v -0.02066900 0.00676200 0.01615287
v -0.02086275 0.00546525 0.01746600
v -0.02084750 0.00586463 0.01808212
v -0.02069941 0.00564919 0.01944728
v -0.02082000 0.00764200 0.01758300
v -0.02077487 0.00800500 0.01815850
v -0.02049603 0.00707819 0.02102106
v -0.02065944 0.01026844 0.01783044
v -0.02058931 0.01124981 0.01711887
v -0.02050350 0.00970431 0.01941431
v -0.02062850 0.01155800 0.01782150
v -0.02049800 0.01171900 0.01859450
v -0.02154831 -0.03647087 0.03620391
v -0.02152300 -0.03188550 0.03738250
v -0.02146300 -0.02709800 0.03583300
v -0.02140850 -0.02485725 0.03852075
v -0.02137706 -0.02182450 0.03367944
v -0.02134075 -0.01775125 0.03139225
v -0.02134500 -0.01977650 0.03248925
v -0.02125613 -0.01638138 0.03327663
v -0.02131700 -0.01844975 0.03514500
v -0.02127600 -0.01944900 0.03710500
v -0.02123337 -0.01569238 0.03524075
v -0.02124950 -0.01904550 0.04161900
v -0.02123613 -0.01800569 0.03832050
v -0.02116925 -0.01617025 0.04016700
v -0.02127500 -0.02083325 0.04565050
v -0.02115787 -0.01790337 0.04776188
v -0.02104700 -0.01393700 0.04271200
v -0.02120113 -0.01239575 0.03137656
v -0.02114825 -0.01217300 0.03305925
v -0.02108050 -0.01057800 0.03526350
v -0.02098194 -0.00571337 0.03108050
v -0.02100119 -0.00802769 0.03403325
v -0.02109275 -0.00704175 0.02753175
v -0.02098200 -0.00535119 0.02898881
v -0.02094756 -0.00203200 0.02526395
v -0.02086625 -0.00052591 0.02713688
v -0.02079100 -0.00036500 0.03095300
v -0.02087156 -0.00434306 0.03277200
v -0.02103225 -0.01144587 0.03724294
v -0.02096500 -0.01039200 0.04012200
v -0.02079067 -0.00656667 0.04015578
v -0.02085119 -0.00475716 0.03505578
v -0.02077957 -0.00494769 0.03698122
v -0.02055294 0.00067550 0.03665400
v -0.02064079 -0.00297033 0.03943416
v -0.02037589 0.00135540 0.04247217
v -0.02096756 -0.00126706 0.02422944
v -0.02085900 0.00083450 0.02337400
v -0.02079994 0.00320756 0.02413787
v -0.02074963 0.00336200 0.02554112
v -0.02057997 0.00438588 0.02189337
v -0.02070941 0.00463403 0.02337634
v -0.02073437 0.00147512 0.02884388
v -0.02055450 0.00595887 0.02893063
v -0.02061091 0.00619603 0.02714162
v -0.02056900 0.00543900 0.03073850
v -0.02052619 0.00706056 0.02232556
v -0.02041663 0.00895050 0.02239137
v -0.02066337 0.00658087 0.02398175
v -0.02065400 0.00618200 0.02521100
v -0.02054431 0.00945550 0.02364887
v -0.02032325 0.01040750 0.02142825
v -0.02029625 0.01361363 0.01974150
v -0.02015444 0.01363681 0.02119819
v -0.02016747 0.01362731 0.02187772
v -0.02041100 0.01234450 0.02374650
v -0.02051095 0.00920795 0.02608908
v -0.02029913 0.01231428 0.02905181
v -0.02039163 0.01233712 0.02473888
v -0.02027500 0.01456750 0.02683800
v -0.02059750 0.00211975 0.03308900
v -0.02057475 0.00193225 0.03500763
v -0.02046500 0.00497775 0.03466275
v -0.02035322 0.00512269 0.03727656
v -0.02015273 0.01081347 0.03680123
v -0.02033150 0.00855100 0.03467700
v -0.02037392 0.00299303 0.03996363
v -0.02036150 0.01051225 0.03083800
v -0.02030300 0.01034400 0.03247906
v -0.02011700 0.01619375 0.03116125
v -0.01999450 0.01698300 0.03425375
v -0.01992131 0.01949875 0.03233013
v -0.02088675 -0.01140925 0.04653925
v -0.02102150 -0.01458369 0.04919175
v -0.02065438 -0.00549038 0.04452337
v -0.02063087 -0.00586388 0.04669100
v -0.02061706 -0.00557231 0.04943888
v -0.02076906 -0.00876569 0.05160656
v -0.02091425 -0.01146675 0.05307750
v -0.02046657 -0.00143457 0.04347478
v -0.02040988 -0.00128738 0.04596800
v -0.02032260 0.00025757 0.04814612
v -0.02046208 -0.00289137 0.04965066
v -0.02010160 0.00527204 0.04715430
v -0.02065098 -0.00541647 0.05287175
v -0.02069600 -0.00365150 0.05391850
v -0.02043038 -0.00222925 0.05098512
v -0.02054328 -0.00279166 0.05277828
v -0.02059650 -0.00161950 0.05329250
v -0.02038500 0.00075938 0.05245975
v -0.02027875 0.00087775 0.05057450
v -0.02012800 0.00394100 0.04971500
v -0.02018813 0.00374561 0.05104655
v -0.02063272 -0.00273181 0.05565484
v -0.02057400 -0.00085600 0.05413800
v -0.02051650 -0.00098362 0.05567969
v -0.02041156 0.00073400 0.05396950
v -0.02053600 -0.00164400 0.05709350
v -0.02042000 0.00095300 0.05609000
v -0.02043500 0.00187600 0.05407100
v -0.02025550 0.00345394 0.05265094
v -0.02031012 0.00266525 0.05573612
v -0.02020088 0.00514887 0.05437238
v -0.02018631 0.00638595 0.04153480
v -0.02013125 0.00934806 0.03973850
v -0.02010745 0.00602666 0.04515142
v -0.01981794 0.01289441 0.04598653
v -0.01992600 0.01647350 0.03676400
v -0.01978625 0.01653100 0.04169650
v -0.01971459 0.02041688 0.03917509
v -0.02002647 0.00657206 0.04903350
v -0.02009913 0.00550300 0.05065850
v -0.01991225 0.00944437 0.04836900
v -0.01991541 0.00961225 0.05010525
v -0.02000763 0.00853863 0.05142125
v -0.02026900 0.00435050 0.05267750
v -0.02016050 0.00608550 0.05166375
v -0.02006906 0.00719013 0.05168994
v -0.02007587 0.00664600 0.05440763
v -0.02007500 0.00784000 0.05412550
v -0.01984969 0.01116150 0.05240462
v -0.01994725 0.00994050 0.05155125
v -0.01999037 0.00882775 0.05483200
v -0.01991800 0.00964600 0.05444700
v -0.01952425 0.02214594 0.04349125
v -0.01964990 0.01573478 0.04961071
v -0.01953987 0.01916844 0.04803900
v -0.01982551 0.01226939 0.04972244
v -0.01972919 0.01349556 0.05190686
v -0.01938200 0.02174550 0.05117925
v -0.02049406 0.00070406 0.05725350
v -0.02034388 0.00220625 0.05772675
v -0.02022038 0.00475044 0.05593331
v -0.02034325 0.00348200 0.05741150
v -0.02042438 0.00339362 0.05873000
v -0.02026187 0.00524344 0.05842262
v -0.02070200 0.00350600 0.06003750
v -0.02050813 0.00504256 0.05957434
v -0.02076100 0.00369300 0.06059900
v -0.02064081 0.00500531 0.06122281
v -0.02014412 0.00650850 0.05745878
v -0.02009387 0.00754950 0.05544512
v -0.01999500 0.00815500 0.05684000
v -0.01993525 0.00922225 0.05611350
v -0.02003756 0.00878531 0.05775719
v -0.01983084 0.01192284 0.05435978
v -0.01989125 0.01038875 0.05696275
v -0.01981750 0.01277050 0.05447700
v -0.01975100 0.01254100 0.05590900
v -0.02043213 0.00658437 0.05919537
v -0.02053100 0.00702450 0.05996350
v -0.02026748 0.00853739 0.05918469
v -0.02031850 0.00991700 0.05946775
v -0.02056538 0.00647863 0.06160762
v -0.02048200 0.00807600 0.06137950
v -0.02044600 0.00913800 0.06100000
v -0.02050050 0.01035550 0.06306250
v -0.01994691 0.01195287 0.05765200
v -0.02017950 0.01169863 0.06000950
v -0.01976800 0.01359575 0.05630000
v -0.01988475 0.01413000 0.05683600
v -0.02040137 0.01036619 0.06049931
v -0.02041400 0.01118700 0.06230700
v -0.02003550 0.01294200 0.05923300
v -0.01988300 0.01570600 0.05947800
v -0.01978700 0.01366000 0.05320750
v -0.01963669 0.01590455 0.05267858
v -0.01967100 0.01457300 0.05480200
v -0.01960869 0.01691081 0.05491612
v -0.01942100 0.02015500 0.05364900
v -0.01946050 0.01962000 0.05477250
v -0.02001275 0.01454200 0.05799600
v -0.01989338 0.01553062 0.05774625
v -0.01972200 0.01577488 0.05608500
v -0.01984350 0.01659300 0.05733550
v -0.01972794 0.01734756 0.05751887
v -0.01977163 0.01679756 0.05919687
v -0.01965203 0.01850138 0.05730219
v -0.01946044 0.02067456 0.05698981
v -0.01933770 0.02303965 0.05583188
v -0.01959800 0.01964250 0.05831050
v -0.01977625 0.01871175 0.05959650
v -0.01942825 0.02245450 0.05827775
v -0.02056750 0.00810150 0.06281550
v -0.02076475 0.00901750 0.06482050
v -0.02061419 0.01118238 0.06487750
v -0.02031666 0.01242464 0.06212602
v -0.02044100 0.01116300 0.06333125
v -0.02030900 0.01298700 0.06200100
v -0.02025100 0.01448925 0.06291688
v -0.02040650 0.01369550 0.06356200
v -0.02030375 0.01512687 0.06302400
v -0.02081100 0.01169225 0.06634525
v -0.02070366 0.01411897 0.06624300
v -0.02051000 0.01513212 0.06485100
v -0.02088100 0.01323800 0.06802000
v -0.02077400 0.01523400 0.06762300
v -0.02093825 0.01445175 0.06838575
v -0.02088200 0.01617900 0.06874000
v -0.02006600 0.01675950 0.06185600
v -0.02003400 0.01463900 0.06070200
v -0.01985162 0.01726419 0.06071919
v -0.02024550 0.01769387 0.06404838
v -0.01985925 0.01913725 0.06108525
v -0.01956241 0.02129495 0.05916831
v -0.01987787 0.02046941 0.06179209
v -0.01977600 0.02173900 0.06157000
v -0.01961544 0.02382937 0.06075022
v -0.02047200 0.01733400 0.06581850
v -0.02060150 0.01862300 0.06772950
v -0.02039237 0.01953725 0.06602737
v -0.02022350 0.02397862 0.06614088
v -0.02037250 0.02167200 0.06645500
v -0.02068900 0.02052000 0.06801300
v -0.02109150 0.01684625 0.07030975
v -0.02087100 0.01835400 0.06993900
v -0.02075770 0.01963961 0.06876839
v -0.02112825 0.01612900 0.07063325
v -0.02083300 0.01938200 0.07066500
v -0.02067062 0.02182387 0.06906025
v -0.02081900 0.02033500 0.07009050
v -0.02062506 0.02480244 0.06969969
v -0.02106300 0.01649200 0.07217200
v -0.02101100 0.01959350 0.07169950
v -0.02114181 0.02048253 0.07294133
v -0.02117375 0.02206863 0.07371488
v -0.02098777 0.02534970 0.07328862
v -0.02075307 0.02772632 0.07210776
v -0.02139022 0.02278966 0.07652425
v -0.02121259 0.02815108 0.07706578
v -0.02147800 0.02483200 0.07812900
v -0.02161059 0.02540956 0.07891825
v -0.02133300 0.02899725 0.07812225
v -0.02171400 0.02645800 0.07975150
v -0.02160200 0.02836500 0.07917100
v -0.02159500 0.02905700 0.07968400
v -0.02155137 0.02819300 0.08019606
v -0.02122100 -0.04488900 0.05842100
v -0.02054653 -0.04514200 0.05809850
v -0.02187944 -0.04437106 0.05828450
v -0.02197344 -0.04444444 0.06063844
v -0.02147356 -0.04480028 0.06016787
v -0.02222750 -0.04401500 0.05981175
v -0.02245006 -0.04384880 0.06232202
v -0.02150663 -0.04476994 0.06293362
v -0.02204931 -0.04440694 0.06337088
v -0.02256388 -0.04331925 0.06205463
v -0.02255313 -0.04385606 0.06494269
v -0.01941825 -0.04525200 0.05993763
v -0.01880950 -0.04529700 0.05955400
v -0.02114541 -0.04488791 0.06317522
v -0.01959853 -0.04515375 0.06297350
v -0.01893683 -0.04518727 0.06413605
v -0.01649025 -0.04549875 0.06369269
v -0.01800930 -0.04531250 0.06479727
v -0.02264562 -0.04261838 0.06344637
v -0.02221063 -0.04433016 0.06588116
v -0.02270928 -0.04340322 0.06515891
v -0.02254462 -0.04402094 0.06701912
v -0.02273838 -0.04199800 0.06547125
v -0.02276386 -0.04360434 0.06771294
v -0.02168613 -0.04467856 0.06579438
v -0.01961387 -0.04513687 0.06532675
v -0.02110750 -0.04483203 0.06838563
v -0.02200556 -0.04454994 0.06839006
v -0.01902883 -0.04512859 0.06844870
v -0.01990000 -0.04504300 0.06966300
v -0.02292587 -0.04317912 0.06952600
v -0.02295919 -0.04205500 0.06962075
v -0.02170550 -0.04467741 0.06923672
v -0.02236975 -0.04427106 0.06877156
v -0.02264103 -0.04398044 0.07032772
v -0.02242578 -0.04428206 0.07196031
v -0.02292806 -0.04350675 0.07158131
v -0.02202134 -0.04455109 0.07240950
v -0.02170600 -0.04466687 0.07164525
v -0.01990537 -0.04489838 0.07266913
v -0.02289925 -0.04138994 0.06931441
v -0.01439256 -0.04554600 0.06649644
v -0.01544528 -0.04542359 0.06862216
v -0.01373050 -0.04562725 0.06381863
v -0.01864021 -0.04510462 0.07037855
v -0.01290875 -0.04548750 0.07111225
v -0.01059600 -0.04562500 0.06916550
v -0.01500311 -0.04532577 0.07281125
v -0.01746653 -0.04512172 0.07318384
v -0.01012500 -0.04559700 0.07349100
v -0.00626500 -0.04573687 0.07533750
v -0.01116038 -0.04602569 0.01094575
v -0.01333750 -0.04587519 0.01229556
v -0.00751550 -0.04621450 0.01136119
v -0.00891795 -0.04608520 0.01390567
v -0.01382925 -0.04581309 0.01438631
v -0.01145753 -0.04593237 0.01439636
v -0.01081300 -0.04594600 0.01403900
v -0.01188913 -0.04586319 0.01652019
v -0.00513805 -0.04631667 0.01278784
v -0.00288952 -0.04640387 0.01238528
v -0.00171137 -0.04637936 0.01536037
v -0.00778269 -0.04612444 0.01576652
v -0.00542450 -0.04621800 0.01683550
v -0.00800881 -0.04605594 0.01723331
v -0.00487650 -0.04619550 0.01755200
v -0.00152800 -0.04629800 0.01770975
v -0.00438291 -0.04625159 0.01845025
v -0.01735200 -0.04557600 0.01653500
v -0.01463988 -0.04572163 0.01729538
v -0.01682841 -0.04561029 0.01783748
v -0.01652325 -0.04561017 0.01921750
v -0.01340822 -0.04581803 0.01891847
v -0.01089839 -0.04595486 0.01756425
v -0.01302050 -0.04576275 0.01979913
v -0.01127400 -0.04593650 0.01907850
v -0.00966681 -0.04594769 0.01991631
v -0.01824328 -0.04547458 0.02060219
v -0.01652275 -0.04549863 0.02104687
v -0.01878209 -0.04532772 0.02204391
v -0.01712038 -0.04546662 0.02246087
v -0.01461769 -0.04560056 0.02336242
v -0.01502650 -0.04555100 0.02235200
v -0.01388019 -0.04566287 0.02154188
v -0.01102569 -0.04577725 0.02253631
v -0.01272094 -0.04568119 0.02240119
v -0.01035741 -0.04581894 0.02360403
v -0.01134775 -0.04577906 0.02565394
v -0.00736487 -0.04614369 0.01823987
v -0.00696075 -0.04615125 0.01922200
v -0.01017400 -0.04603900 0.01891300
v -0.00986775 -0.04590675 0.02182050
v -0.00673450 -0.04608150 0.02005450
v -0.00848575 -0.04600725 0.02138225
v -0.00630247 -0.04603978 0.02154437
v -0.00528250 -0.04620100 0.01938637
v -0.00165913 -0.04631875 0.01937969
v -0.00348244 -0.04618794 0.02003231
v -0.00437050 -0.04611650 0.02223600
v -0.00781919 -0.04593631 0.02264438
v -0.00968550 -0.04581175 0.02477650
v -0.00741050 -0.04597688 0.02368087
v -0.00631925 -0.04602425 0.02600375
v -0.00530645 -0.04603689 0.02282486
v -0.00514181 -0.04603988 0.02415234
v -0.00379733 -0.04606255 0.02501898
v 0.00159763 -0.04643650 0.01799612
v -0.00078956 -0.04637162 0.01814053
v -0.00001950 -0.04640950 0.01903600
v 0.00179900 -0.04646450 0.01923750
v -0.00193300 -0.04621500 0.01993250
v 0.00232738 -0.04638362 0.02037731
v 0.00022475 -0.04625544 0.02186550
v -0.00229900 -0.04620000 0.02216850
v -0.00227050 -0.04612150 0.02306850
v 0.00127250 -0.04625950 0.02372350
v 0.00328562 -0.04647769 0.01965956
v 0.00455750 -0.04641328 0.02022313
v 0.00251088 -0.04632988 0.02229138
v 0.00305172 -0.04626378 0.02330850
v 0.00557413 -0.04638794 0.02243269
v 0.00328025 -0.04628750 0.02392200
v -0.00216575 -0.04614275 0.02382212
v -0.00054037 -0.04615575 0.02496337
v -0.00363087 -0.04610956 0.02630556
v -0.00002819 -0.04621728 0.02674237
v 0.00205244 -0.04622063 0.02510444
v 0.00526578 -0.04631022 0.02579919
v 0.00160912 -0.04623625 0.02804750
v 0.00614494 -0.04633687 0.02373944
v 0.00627641 -0.04629575 0.02497203
v 0.00607775 -0.04634650 0.02777750
v 0.00932528 -0.04634016 0.03055700
v 0.01124791 -0.04638251 0.02897969
v 0.00127750 -0.04652650 0.01428350
v 0.00571523 -0.04654455 0.01559316
v 0.00302400 -0.04642750 0.01759750
v 0.00600287 -0.04647037 0.01726325
v 0.00458250 -0.04654050 0.01950550
v 0.00621075 -0.04652203 0.01889394
v 0.01051902 -0.04655001 0.01637811
v 0.00935725 -0.04653963 0.01838000
v 0.01184700 -0.04650675 0.01721600
v 0.01441550 -0.04654300 0.01759275
v 0.01259772 -0.04653178 0.01852453
v 0.00957850 -0.04656350 0.01961850
v 0.00725247 -0.04644863 0.02006653
v 0.00656916 -0.04638609 0.02128862
v 0.01168800 -0.04658300 0.01975900
v 0.01376550 -0.04648813 0.01990950
v 0.01509187 -0.04644963 0.01900650
v 0.01177175 -0.04640659 0.02280991
v 0.00980650 -0.04644450 0.02261050
v 0.01124494 -0.04644828 0.02058991
v 0.01356550 -0.04637800 0.02345325
v 0.01842500 -0.03662500 0.01533300
v 0.00827687 -0.04638519 0.02284163
v 0.00829350 -0.04636650 0.02408900
v 0.00977191 -0.04632491 0.02523422
v 0.01067003 -0.04638581 0.02393416
v 0.01206675 -0.04633263 0.02361463
v 0.01189275 -0.04637425 0.02595700
v -0.02023406 -0.04515381 0.02751544
v -0.01933513 -0.04532406 0.02644269
v -0.02065775 -0.04494325 0.02658119
v -0.02105009 -0.04462809 0.02825772
v -0.02081944 -0.04489384 0.02970744
v -0.01966600 -0.04527625 0.02914575
v -0.01841300 -0.04544500 0.02651500
v -0.01810200 -0.04537900 0.02904450
v -0.02121925 -0.04448462 0.02960300
v -0.02135894 -0.04396894 0.02960000
v -0.02013750 -0.04521300 0.03061400
v -0.02065844 -0.04504300 0.03101912
v -0.01876312 -0.04539456 0.03089906
v -0.01784150 -0.04538250 0.03146450
v -0.01635650 -0.04544000 0.03290650
v -0.01839200 -0.04540350 0.02339900
v -0.02000600 -0.04521900 0.02421737
v -0.01817287 -0.04543175 0.02488625
v -0.01713612 -0.04542531 0.02467625
v -0.01661325 -0.04548100 0.02581700
v -0.01464338 -0.04558550 0.02514900
v -0.01311550 -0.04570775 0.02571150
v -0.01326775 -0.04567388 0.02650512
v -0.02140966 -0.04249525 0.02993631
v -0.01433703 -0.04556400 0.02975050
v -0.00963625 -0.04587850 0.02557925
v -0.00903383 -0.04582409 0.03056203
v -0.01231062 -0.04564550 0.03375188
v -0.00461612 -0.04601537 0.03112638
v -0.02120025 -0.04458375 0.03109650
v -0.02133950 -0.04427000 0.03113800
v -0.02148354 -0.04354020 0.03323842
v -0.02087331 -0.04491419 0.03263034
v -0.02040525 -0.04515081 0.03253050
v -0.02126344 -0.04446362 0.03333437
v -0.02145113 -0.04403881 0.03404481
v -0.01982950 -0.04528450 0.03508550
v -0.02119784 -0.04463500 0.03476022
v -0.02044825 -0.04516906 0.03615447
v -0.01840675 -0.04538631 0.03284663
v -0.01403406 -0.04556233 0.03568989
v -0.01843100 -0.04535550 0.03585000
v -0.02082275 -0.04501778 0.03632613
v -0.02119044 -0.04472506 0.03688281
v -0.02158906 -0.04259438 0.03589716
v -0.02156925 -0.04388814 0.03736310
v -0.02143219 -0.04435144 0.03724794
v -0.02165850 -0.04338575 0.03886350
v -0.02158275 -0.04201525 0.03717100
v -0.01904850 -0.04535250 0.03632000
v -0.01961488 -0.04535925 0.03971681
v -0.01875750 -0.04541775 0.03873400
v -0.02097712 -0.04491850 0.03874512
v -0.01756000 -0.04544200 0.04039200
v -0.00990463 -0.04574488 0.03512506
v -0.00989075 -0.04575669 0.03872881
v -0.01349050 -0.04557875 0.03944594
v -0.01320750 -0.04563550 0.03744350
v -0.01525870 -0.04549953 0.03974947
v -0.01146700 -0.04571700 0.03907150
v -0.00855750 -0.04580494 0.03920644
v -0.01352794 -0.04555312 0.04111831
v -0.01135069 -0.04567647 0.04090938
v -0.00958300 -0.04570400 0.04022600
v -0.01225759 -0.04567066 0.04232656
v -0.02150138 -0.04148475 0.03397131
v -0.00772037 -0.04581916 0.03635859
v 0.00083163 -0.04616325 0.03258200
v -0.00256938 -0.04602425 0.03539700
v 0.00950812 -0.04628037 0.03491313
v 0.00303900 -0.04611800 0.03938900
v 0.00676041 -0.04621627 0.03699503
v -0.00752769 -0.04588444 0.04048181
v -0.00832450 -0.04580737 0.04360488
v -0.00728850 -0.04582925 0.04204812
v -0.00397066 -0.04594453 0.03720534
v -0.00697378 -0.04587725 0.03814150
v -0.00444950 -0.04594500 0.03994850
v -0.00131556 -0.04603300 0.03864906
v -0.00342250 -0.04602700 0.04107725
v -0.00591756 -0.04589544 0.04049113
v -0.00189537 -0.04602987 0.04100150
v -0.00540000 -0.04586962 0.04264369
v -0.00378989 -0.04595319 0.04287406
v -0.00262000 -0.04595800 0.04264300
v -0.00085900 -0.04594200 0.04386000
v 0.00161100 -0.04605900 0.03969000
v 0.00325975 -0.04612094 0.04222431
v 0.00587000 -0.04614725 0.03941425
v 0.00651788 -0.04615534 0.04238444
v -0.00022787 -0.04605375 0.04135744
v 0.00125238 -0.04610750 0.04157412
v -0.00097825 -0.04595412 0.04231362
v 0.00080481 -0.04607694 0.04385050
v 0.00181781 -0.04601225 0.04554750
v 0.00344275 -0.04607875 0.04321750
v 0.00504100 -0.04616350 0.04342250
v 0.00318100 -0.04601500 0.04365100
v 0.00564581 -0.04612850 0.04438606
v 0.00331300 -0.04595800 0.04613100
v 0.00534700 -0.04617200 0.04557300
v 0.01610644 -0.04615544 0.01638656
v 0.01552275 -0.04631950 0.01963525
v 0.01648334 -0.04564609 0.01850575
v 0.01608487 -0.04604456 0.01856488
v 0.01676266 -0.04511222 0.01901178
v 0.01693587 -0.04451781 0.01907138
v 0.01506700 -0.04636050 0.02057550
v 0.01433937 -0.04640684 0.02310213
v 0.01557375 -0.04624075 0.02147000
v 0.01554200 -0.04618638 0.02334278
v 0.01600069 -0.04592381 0.02330419
v 0.01607600 -0.04596300 0.02130400
v 0.01639128 -0.04556125 0.02181963
v 0.01676663 -0.04480025 0.02070625
v 0.01719838 -0.04283375 0.01969575
v 0.01670269 -0.04486078 0.02243625
v 0.01701100 -0.04334855 0.02093844
v 0.01718081 -0.04195481 0.02190750
v 0.01738662 -0.04264100 0.01634500
v 0.01794761 -0.03932000 0.01627948
v 0.01802200 -0.03779825 0.01955025
v 0.01763650 -0.03980787 0.02054313
v 0.01754541 -0.03970334 0.02199697
v 0.01846650 -0.03497956 0.01845156
v 0.01361200 -0.04640225 0.02509050
v 0.01517075 -0.04628537 0.02541913
v 0.01560813 -0.04611487 0.02564375
v 0.01613200 -0.04574925 0.02488850
v 0.01305362 -0.04642362 0.02732113
v 0.01428069 -0.04638175 0.02673506
v 0.01607247 -0.04555481 0.02749866
v 0.01488525 -0.04632225 0.02755138
v 0.01563328 -0.04595381 0.02837078
v 0.01646575 -0.04528825 0.02470987
v 0.01646412 -0.04500469 0.02634856
v 0.01663888 -0.04478438 0.02487625
v 0.01689225 -0.04351425 0.02413663
v 0.01717731 -0.04175034 0.02476087
v 0.01718162 -0.04172850 0.02352713
v 0.01690425 -0.04288862 0.02575956
v 0.01648603 -0.04458344 0.02790167
v 0.01349656 -0.04637106 0.03045238
v 0.01468519 -0.04628738 0.02946650
v 0.01531525 -0.04616350 0.02829325
v 0.01401791 -0.04630741 0.03238866
v 0.01622031 -0.04516094 0.02984009
v 0.01512413 -0.04611075 0.03124581
v 0.01561062 -0.04581038 0.03205425
v 0.01591575 -0.04552231 0.03183381
v 0.01664812 -0.04314363 0.03018519
v 0.01624380 -0.04474669 0.03278895
v 0.01675988 -0.04279363 0.02842650
v 0.01722466 -0.04023805 0.02723511
v 0.01691600 -0.04176387 0.02883225
v 0.01748803 -0.03947273 0.02457416
v 0.01787081 -0.03711088 0.02250509
v 0.01757866 -0.03865294 0.02591597
v 0.01789513 -0.03680594 0.02379556
v 0.01824850 -0.03547650 0.02142850
v 0.01854253 -0.03375700 0.02041869
v 0.01826925 -0.03372225 0.02338275
v 0.01789063 -0.03645481 0.02608150
v 0.01761200 -0.03765600 0.02703400
v 0.01747837 -0.03808113 0.02877287
v 0.01778800 -0.03589600 0.02853600
v 0.01754237 -0.03720344 0.02912212
v 0.01797581 -0.03569663 0.02542500
v 0.01837081 -0.03218406 0.02586975
v 0.01794362 -0.03516187 0.02729900
v 0.01822312 -0.03346750 0.02683656
v 0.01820139 -0.03262081 0.02816017
v 0.01257000 -0.04629425 0.03527175
v 0.01238475 -0.04624300 0.03834350
v 0.01391187 -0.04623031 0.03626481
v 0.01440384 -0.04612219 0.03866397
v 0.01496100 -0.04601694 0.03671987
v 0.01367300 -0.04617500 0.04022762
v 0.01518362 -0.04580338 0.03931275
v 0.00976494 -0.04616141 0.04143034
v 0.01273644 -0.04619372 0.04100763
v 0.01478250 -0.04599338 0.04064550
v 0.01513112 -0.04580225 0.04141800
v 0.01219712 -0.04613837 0.04537250
v 0.01380550 -0.04609231 0.04409881
v 0.00635269 -0.04612869 0.04626450
v 0.00826173 -0.04610853 0.04563819
v 0.01137362 -0.04608994 0.04635913
v 0.01321044 -0.04607962 0.04792700
v 0.01541956 -0.04543337 0.04255069
v 0.01567567 -0.04527445 0.04015452
v 0.01465981 -0.04592338 0.04346525
v 0.01559113 -0.04504469 0.04377744
v 0.01460500 -0.04588600 0.04574875
v 0.01393166 -0.04600380 0.04790608
v 0.01502400 -0.04564300 0.04579250
v 0.01571612 -0.04457575 0.04453688
v 0.01551288 -0.04504338 0.04601994
v 0.01444437 -0.04586319 0.04876969
v 0.01482800 -0.04566100 0.04937450
v 0.01535184 -0.04516406 0.04767600
v 0.01515622 -0.04531550 0.04930125
v 0.01545781 -0.04473638 0.04937325
v 0.01557631 -0.04443469 0.04858163
v 0.01553194 -0.04576444 0.03435894
v 0.01515862 -0.04604688 0.03389175
v 0.01609481 -0.04510212 0.03330738
v 0.01646400 -0.04321181 0.03386525
v 0.01474534 -0.04615219 0.03460759
v 0.01589231 -0.04519759 0.03574009
v 0.01670055 -0.04140617 0.03343180
v 0.01708850 -0.03936631 0.03211694
v 0.01652981 -0.04205638 0.03487469
v 0.01692512 -0.03921331 0.03469163
v 0.01545291 -0.04569034 0.03712984
v 0.01576875 -0.04532381 0.03775975
v 0.01597000 -0.04485306 0.03841719
v 0.01624713 -0.04331469 0.03797644
v 0.01642703 -0.04194108 0.03739425
v 0.01633600 -0.04157794 0.03978894
v 0.01680925 -0.04002887 0.03557975
v 0.01661769 -0.04085688 0.03767569
v 0.01687531 -0.03904162 0.03600038
v 0.01671412 -0.04010944 0.03799544
v 0.01682516 -0.03912166 0.03780131
v 0.01754375 -0.03619775 0.03185625
v 0.01738941 -0.03677684 0.03279075
v 0.01806682 -0.03236965 0.03039295
v 0.01777500 -0.03459400 0.03038500
v 0.01779128 -0.03338353 0.03309587
v 0.01727233 -0.03651305 0.03460903
v 0.01725331 -0.03586525 0.03547069
v 0.01755923 -0.03356278 0.03536606
v 0.01719111 -0.03607686 0.03711238
v 0.01773924 -0.03088940 0.03638399
v 0.01746875 -0.03360800 0.03660138
v 0.01655025 -0.04072950 0.03963325
v 0.01671881 -0.03942013 0.03981806
v 0.01673281 -0.03886675 0.03989094
v 0.01698213 -0.03686281 0.03937700
v 0.01659100 -0.03988900 0.04163800
v 0.01678628 -0.03680497 0.04190984
v 0.01656675 -0.03889963 0.04244437
v 0.01667781 -0.03664513 0.04376806
v 0.01583475 -0.04471200 0.04184706
v 0.01612925 -0.04322750 0.04090338
v 0.01622825 -0.04164075 0.04148550
v 0.01637050 -0.04086750 0.04216800
v 0.01648112 -0.03968806 0.04312794
v 0.01589037 -0.04321484 0.04552666
v 0.01613072 -0.04144219 0.04394191
v 0.01626369 -0.04082700 0.04402869
v 0.01595166 -0.04149581 0.04710684
v 0.01611513 -0.04088575 0.04659537
v 0.01644719 -0.03863219 0.04469094
v 0.01631500 -0.03927212 0.04689762
v 0.01716900 -0.03549500 0.03911200
v 0.01693250 -0.03618650 0.04019750
v 0.01704950 -0.03494450 0.04102800
v 0.01730238 -0.03441263 0.03941587
v 0.01721681 -0.03438494 0.04077981
v 0.01727247 -0.03348831 0.04075894
v 0.01760119 -0.03174469 0.03776375
v 0.01744766 -0.03188672 0.04012878
v 0.01762859 -0.03011947 0.03916050
v 0.01689650 -0.03483575 0.04307650
v 0.01701100 -0.03429181 0.04322700
v 0.01699900 -0.03363975 0.04383150
v 0.01731825 -0.03209600 0.04196987
v 0.01719625 -0.03162600 0.04348125
v 0.01748687 -0.02975337 0.04187225
v 0.01733256 -0.03072975 0.04321075
v 0.01734206 -0.02975312 0.04416631
v 0.01769313 -0.02816575 0.03972637
v 0.01655700 -0.03622631 0.04591181
v 0.01883691 -0.03321384 0.01625909
v 0.01937750 -0.03079300 0.01238056
v 0.01966494 -0.02880500 0.01169913
v 0.01948275 -0.02960850 0.01365700
v 0.01914700 -0.03051800 0.01587100
v 0.01965456 -0.02814669 0.01292875
v 0.01965850 -0.02802275 0.01401650
v 0.01938725 -0.02865050 0.01670050
v 0.01955781 -0.02698025 0.01608187
v 0.01935287 -0.02824550 0.01736569
v 0.01985050 -0.02632550 0.01357450
v 0.01994394 -0.02511769 0.01351638
v 0.02018723 -0.02299970 0.01197070
v 0.02055825 -0.01971425 0.01126675
v 0.01970725 -0.02609019 0.01524600
v 0.02000569 -0.02415997 0.01398147
v 0.01942112 -0.02703475 0.01860863
v 0.01960500 -0.02611900 0.01741200
v 0.01973384 -0.02490344 0.01659475
v 0.02000131 -0.02321206 0.01460234
v 0.02019800 -0.02131537 0.01377775
v 0.02001363 -0.02193450 0.01584388
v 0.02032659 -0.02008388 0.01379856
v 0.02019086 -0.02028077 0.01555423
v 0.01955923 -0.02484797 0.01915209
v 0.01995325 -0.02252125 0.01711975
v 0.01975950 -0.02227800 0.01937288
v 0.01971069 -0.02231005 0.02031012
v 0.02009413 -0.02046325 0.01734488
v 0.02013625 -0.01963775 0.01681850
v 0.01989406 -0.02100406 0.01902175
v 0.02013127 -0.01824695 0.01849528
v 0.01962503 -0.02207525 0.02200275
v 0.01978534 -0.02006716 0.02172100
v 0.01988956 -0.01936637 0.02074528
v 0.01989100 -0.01766062 0.02259881
v 0.02093033 -0.01617648 0.00929805
v 0.02056814 -0.01708150 0.01317195
v 0.02087209 -0.01460125 0.01138266
v 0.02045227 -0.01808058 0.01405850
v 0.02084745 -0.01240731 0.01303790
v 0.02063363 -0.01468575 0.01408488
v 0.02112022 -0.01084725 0.01076103
v 0.02129675 -0.00765500 0.01013250
v 0.02133188 -0.00374700 0.01129512
v 0.02035366 -0.01834778 0.01546753
v 0.02027206 -0.01725116 0.01765891
v 0.02041381 -0.01718100 0.01548994
v 0.02050819 -0.01524356 0.01623837
v 0.02035656 -0.01574738 0.01755388
v 0.02063300 -0.01331200 0.01608600
v 0.02074037 -0.01307837 0.01394131
v 0.02039284 -0.01386444 0.01880009
v 0.02053534 -0.01266653 0.01739628
v 0.02069650 -0.01164375 0.01536297
v 0.02002156 -0.01748522 0.02084750
v 0.02019219 -0.01595538 0.01958725
v 0.02017137 -0.01516612 0.02055600
v 0.02003808 -0.01491295 0.02241745
v 0.02041700 -0.01253150 0.01924300
v 0.02048400 -0.01063175 0.01879737
v 0.02026594 -0.01293831 0.02099772
v 0.02034852 -0.01042314 0.02088517
v 0.02101200 -0.00934400 0.01321063
v 0.02082437 -0.00880075 0.01584588
v 0.02096402 -0.00642020 0.01496666
v 0.02062687 -0.01031566 0.01686925
v 0.02073209 -0.00818670 0.01705505
v 0.02049853 -0.00924519 0.01956964
v 0.02044137 -0.00788681 0.02112556
v 0.02067019 -0.00759888 0.01857406
v 0.02085050 -0.00656900 0.01674650
v 0.02069912 -0.00640269 0.01819556
v 0.02098944 -0.00425044 0.01544669
v 0.02087300 -0.00416338 0.01636513
v 0.02078775 -0.00525775 0.01793575
v 0.02080525 -0.00336900 0.01788125
v 0.01965031 -0.01842825 0.02484981
v 0.01985797 -0.01467344 0.02471625
v 0.02009287 -0.01284422 0.02295978
v 0.02003900 -0.01299063 0.02394687
v 0.01971563 -0.01489700 0.02622287
v 0.02015725 -0.01014450 0.02322700
v 0.01993680 -0.01175478 0.02543252
v 0.02011088 -0.00965713 0.02450363
v 0.01957731 -0.01299802 0.02779834
v 0.01972094 -0.01153094 0.02736744
v 0.01957241 -0.00965977 0.02976278
v 0.01999350 -0.00822500 0.02592750
v 0.01991838 -0.00890031 0.02697181
v 0.01959509 -0.00923247 0.02902763
v 0.01968156 -0.00897087 0.02850519
v 0.02027634 -0.00862278 0.02278378
v 0.02055491 -0.00616300 0.02033544
v 0.02021200 -0.00784662 0.02412737
v 0.02034300 -0.00686825 0.02313400
v 0.02037850 -0.00606150 0.02221850
v 0.02066506 -0.00410019 0.01952494
v 0.02084900 -0.00239100 0.01862800
v 0.02065223 -0.00272889 0.02039658
v 0.02044284 -0.00446094 0.02215019
v 0.02043866 -0.00344784 0.02275381
v 0.02058375 -0.00177656 0.02195519
v 0.02067587 -0.00075991 0.02056856
v 0.02023875 -0.00583306 0.02445119
v 0.02025969 -0.00412441 0.02470819
v 0.01990300 -0.00643687 0.02773613
v 0.02016912 -0.00517325 0.02598919
v 0.02023300 -0.00286744 0.02596656
v 0.02035825 -0.00205025 0.02378575
v 0.02036312 -0.00104487 0.02422375
v 0.01942903 -0.01329172 0.03036938
v 0.01980825 -0.00659975 0.02848775
v 0.01964962 -0.00684800 0.02941662
v 0.01947497 -0.01028237 0.03138972
v 0.01950612 -0.00697852 0.03194088
v 0.01950400 -0.00776300 0.03249000
v 0.01998050 -0.00506950 0.02773250
v 0.01982306 -0.00430231 0.02877969
v 0.01962412 -0.00442925 0.02995212
v 0.01962666 -0.00416038 0.03060375
v 0.01999125 -0.00107500 0.02851925
v 0.02003744 -0.00101325 0.02789625
v 0.02023087 -0.00120481 0.02639500
v 0.01987150 -0.00108909 0.02941478
v 0.01969050 -0.00112750 0.03054350
v 0.01957534 -0.00360644 0.03209517
v 0.01950075 -0.00570394 0.03265712
v 0.01943723 -0.00496517 0.03364420
v 0.01912334 -0.00666809 0.03517272
v 0.01932095 -0.00211219 0.03497580
v 0.01949079 -0.00274439 0.03362691
v 0.01959938 -0.00042178 0.03229041
v 0.01964350 0.00003525 0.03067675
v 0.01964388 0.00155250 0.03117363
v 0.01965200 0.00085600 0.03198800
v 0.01906656 -0.03033634 0.01824800
v 0.01878862 -0.03100175 0.02125425
v 0.01873100 -0.03168800 0.02165100
v 0.01849019 -0.03282797 0.02257788
v 0.01899119 -0.02836738 0.02263294
v 0.01916528 -0.02824320 0.02100291
v 0.01924919 -0.02823289 0.01946450
v 0.01934950 -0.02624100 0.02143350
v 0.01939381 -0.02633712 0.01966275
v 0.01841806 -0.03224225 0.02400619
v 0.01875450 -0.02957200 0.02397775
v 0.01863578 -0.02992644 0.02474256
v 0.01846378 -0.03115406 0.02684762
v 0.01871981 -0.02825206 0.02739019
v 0.01880550 -0.02828800 0.02450250
v 0.01898212 -0.02779331 0.02364450
v 0.01918081 -0.02654128 0.02288072
v 0.01893400 -0.02640800 0.02601763
v 0.01903956 -0.02550394 0.02491994
v 0.01954037 -0.02450225 0.02127700
v 0.01940650 -0.02376675 0.02302112
v 0.01941063 -0.02342625 0.02370269
v 0.01943138 -0.02115205 0.02504273
v 0.01958713 -0.02009888 0.02410628
v 0.01861400 -0.02966000 0.02756400
v 0.01850294 -0.02958163 0.02890025
v 0.01833112 -0.02951056 0.03067213
v 0.01870642 -0.02739613 0.02908048
v 0.01888234 -0.02623853 0.02740059
v 0.01910025 -0.02385778 0.02687378
v 0.01890350 -0.02553163 0.02861387
v 0.01888331 -0.02423980 0.02985236
v 0.01825616 -0.02824200 0.03330647
v 0.01829025 -0.02716675 0.03375425
v 0.01808322 -0.02957256 0.03442425
v 0.01845187 -0.02650491 0.03265834
v 0.01871100 -0.02371425 0.03190487
v 0.01858750 -0.02335687 0.03383275
v 0.01915800 -0.02294000 0.02583400
v 0.01927288 -0.02096463 0.02646925
v 0.01918062 -0.02124963 0.02843088
v 0.01909425 -0.02255225 0.02949350
v 0.01951239 -0.01833040 0.02600840
v 0.01941591 -0.01800752 0.02726028
v 0.01924175 -0.01984937 0.02989900
v 0.01895109 -0.02121741 0.03137612
v 0.01884800 -0.02131087 0.03206963
v 0.01931663 -0.01796612 0.02899450
v 0.01948875 -0.01540875 0.02745050
v 0.01938006 -0.01519125 0.02999834
v 0.01927500 -0.01824000 0.03026300
v 0.01932900 -0.01655900 0.03063800
v 0.01815025 -0.02693725 0.03635075
v 0.01820214 -0.02596366 0.03616500
v 0.01778803 -0.02831381 0.03864819
v 0.01813100 -0.02519800 0.03812500
v 0.01835847 -0.02219622 0.03705787
v 0.01803600 -0.02444550 0.03942925
v 0.01777537 -0.02616306 0.04096056
v 0.01757400 -0.02711825 0.04216725
v 0.01760475 -0.02637681 0.04231856
v 0.01771216 -0.02508394 0.04246219
v 0.01824662 -0.02131313 0.03858106
v 0.01794000 -0.02386850 0.04089525
v 0.01812006 -0.02150913 0.03962625
v 0.01891763 -0.01899206 0.03267934
v 0.01869663 -0.01962828 0.03474794
v 0.01896625 -0.01697475 0.03297987
v 0.01932669 -0.01427403 0.03150634
v 0.01863191 -0.01785366 0.03640922
v 0.01884531 -0.01555919 0.03529041
v 0.01906237 -0.01409997 0.03342547
v 0.01841687 -0.01944987 0.03788075
v 0.01823550 -0.01913613 0.03942813
v 0.01845100 -0.01708631 0.03832075
v 0.01831202 -0.01621975 0.03997400
v 0.01865944 -0.01482163 0.03748434
v 0.01844163 -0.01527175 0.03912062
v 0.01948200 -0.01491500 0.02861850
v 0.01938722 -0.01173303 0.03222506
v 0.01945500 -0.01010200 0.03209800
v 0.01895225 -0.01249825 0.03561375
v 0.01905709 -0.01161116 0.03425028
v 0.01880250 -0.01160737 0.03713250
v 0.01890844 -0.01006669 0.03674837
v 0.01925900 -0.00834436 0.03392023
v -0.02156506 -0.04416209 0.04045522
v -0.02167525 -0.04378625 0.04134963
v -0.02167275 -0.04244500 0.03974375
v -0.02170088 -0.04129937 0.04238588
v -0.02036919 -0.04521481 0.03965094
v -0.02139494 -0.04447850 0.03942269
v -0.02116694 -0.04475198 0.04056497
v -0.02070006 -0.04508988 0.04149800
v -0.01881338 -0.04546212 0.04152725
v -0.02014366 -0.04530081 0.04218713
v -0.02150166 -0.04440516 0.04296850
v -0.02166472 -0.04404931 0.04315900
v -0.02128784 -0.04473366 0.04399750
v -0.01947900 -0.04540825 0.04449563
v -0.01879150 -0.04548225 0.04462700
v -0.02068931 -0.04514925 0.04389031
v -0.02099619 -0.04498637 0.04402088
v -0.02160012 -0.04442594 0.04581709
v -0.02178519 -0.04401463 0.04640338
v -0.02074400 -0.04524600 0.04858750
v -0.02134250 -0.04487475 0.04757775
v -0.02178500 -0.04260900 0.04380900
v -0.02185075 -0.04366063 0.04671144
v -0.02186050 -0.04252000 0.04589700
v -0.02165702 -0.03740580 0.04330856
v -0.01762800 -0.04547800 0.04163150
v -0.01529337 -0.04556088 0.04190538
v -0.01848850 -0.04541300 0.04233400
v -0.01726437 -0.04544375 0.04299025
v -0.01623544 -0.04556106 0.04259583
v -0.01571550 -0.04555450 0.04479400
v -0.01463975 -0.04571125 0.04404050
v -0.00958625 -0.04571125 0.04260500
v -0.01062766 -0.04574209 0.04393525
v -0.01310925 -0.04571675 0.04490225
v -0.01132925 -0.04565475 0.04501025
v -0.01703100 -0.04548950 0.04495000
v -0.01903800 -0.04559000 0.04714300
v -0.01806131 -0.04553545 0.04820364
v -0.01674097 -0.04558000 0.04707716
v -0.01524919 -0.04558511 0.04796484
v -0.01689200 -0.04562031 0.04943394
v -0.01502325 -0.04560800 0.05151050
v -0.01431502 -0.04560211 0.04538945
v -0.01379000 -0.04556000 0.04643500
v -0.01202788 -0.04568788 0.04715394
v -0.01377912 -0.04556450 0.04902075
v -0.01170175 -0.04568525 0.04895025
v -0.02158750 -0.03650394 0.03952756
v -0.02156362 -0.03311675 0.04177538
v -0.02165050 -0.04448900 0.04790875
v -0.02128409 -0.04487287 0.05026691
v -0.02159156 -0.04449644 0.04955741
v -0.02187756 -0.04392331 0.05019462
v -0.02194700 -0.04353256 0.05025600
v -0.02192675 -0.04272625 0.04885494
v -0.02186694 -0.04229756 0.04745737
v -0.02177915 -0.03962624 0.04735319
v -0.02186108 -0.04096570 0.05045337
v -0.02179000 -0.04424456 0.05313881
v -0.02197144 -0.04244055 0.05151689
v -0.02196122 -0.04377709 0.05352931
v -0.02205778 -0.04319366 0.05445803
v -0.02190550 -0.04110500 0.05314450
v -0.02180646 -0.03804920 0.05200887
v -0.01919117 -0.04555667 0.04908633
v -0.01966900 -0.04550900 0.05056000
v -0.02071362 -0.04520900 0.05239237
v -0.02108309 -0.04502981 0.05315481
v -0.02019853 -0.04537588 0.05283688
v -0.01934253 -0.04555791 0.05311587
v -0.01814750 -0.04558925 0.05069025
v -0.01810000 -0.04555450 0.05183850
v -0.01497375 -0.04569450 0.05293850
v -0.01702538 -0.04558412 0.05304462
v -0.01195950 -0.04569025 0.05061100
v -0.02155669 -0.04458522 0.05363922
v -0.01880700 -0.04565400 0.05480200
v -0.02077444 -0.04519762 0.05483888
v -0.02035700 -0.04534550 0.05540000
v -0.01219150 -0.04570350 0.05344450
v -0.01730575 -0.04564488 0.05579050
v -0.01359338 -0.04569831 0.05468344
v -0.01888025 -0.04560100 0.05606375
v -0.01747250 -0.04561325 0.05721250
v -0.01536087 -0.04569988 0.05700913
v -0.02168430 -0.03569589 0.04663055
v -0.02172420 -0.03605730 0.04944367
v -0.02156925 -0.03160272 0.04487103
v -0.02162600 -0.03130250 0.04998700
v -0.02172725 -0.03444750 0.05266088
v -0.02150387 -0.02771050 0.04852900
v -0.00943500 -0.04583500 0.04503000
v -0.00642125 -0.04582912 0.04362387
v -0.00647769 -0.04589988 0.04549106
v -0.01082572 -0.04573238 0.04609181
v -0.00778550 -0.04581700 0.04668900
v -0.00858688 -0.04572250 0.04708725
v -0.00480550 -0.04586600 0.04408775
v -0.00644700 -0.04590794 0.04726487
v -0.00413003 -0.04591822 0.04582772
v -0.00472362 -0.04591925 0.04719500
v -0.00248559 -0.04598056 0.04652328
v -0.01127875 -0.04580800 0.04750375
v -0.00896800 -0.04570400 0.04829300
v -0.01071575 -0.04568350 0.04901275
v -0.00901775 -0.04578750 0.05001525
v -0.00860356 -0.04576575 0.04918756
v -0.00706063 -0.04588225 0.04809525
v -0.00609661 -0.04583561 0.04973058
v -0.00422600 -0.04587800 0.04836475
v -0.00469956 -0.04590059 0.04955519
v -0.00687925 -0.04570425 0.05028956
v -0.00341350 -0.04593681 0.04934844
v -0.00256644 -0.04595931 0.04900281
v -0.00136133 -0.04596717 0.04819627
v -0.00228475 -0.04591150 0.04969050
v -0.00137750 -0.04595950 0.05155550
v -0.00042187 -0.04593712 0.05054650
v -0.00316887 -0.04590950 0.05164787
v -0.00491400 -0.04576400 0.05245700
v -0.00243613 -0.04592212 0.05145000
v -0.00014300 -0.04583950 0.05225850
v -0.00084208 -0.04590527 0.05339514
v 0.00120287 -0.04595875 0.05375725
v -0.00124544 -0.04595338 0.04602563
v 0.00005144 -0.04603750 0.04590500
v 0.00030844 -0.04600603 0.04763347
v -0.00041100 -0.04604225 0.04821188
v 0.00519175 -0.04608938 0.04673775
v 0.00397156 -0.04606913 0.04732700
v 0.00205200 -0.04610050 0.04796000
v 0.00252175 -0.04604138 0.04849437
v 0.00380041 -0.04602259 0.05030569
v 0.00169850 -0.04605400 0.04979200
v 0.00232850 -0.04598350 0.05024550
v 0.00205912 -0.04593275 0.05217125
v 0.00352813 -0.04599050 0.05198363
v 0.00177300 -0.04587800 0.05344800
v -0.00969800 -0.04577200 0.05384200
v -0.01128875 -0.04563625 0.05043050
v -0.00940050 -0.04571562 0.05120400
v -0.00706413 -0.04570375 0.05126450
v -0.00790275 -0.04575250 0.05276000
v -0.00656044 -0.04580744 0.05373669
v -0.00552713 -0.04579875 0.05165125
v -0.00522006 -0.04582153 0.05400387
v -0.00776800 -0.04581794 0.05541688
v -0.01224150 -0.04571675 0.06004375
v -0.00789019 -0.04580531 0.05843275
v -0.00355681 -0.04583419 0.05356056
v -0.00193275 -0.04588900 0.05379325
v -0.00400200 -0.04589150 0.05570150
v -0.00202400 -0.04582200 0.05505250
v 0.00022875 -0.04601475 0.05553600
v -0.00129700 -0.04591650 0.05761500
v 0.00051000 -0.04595525 0.05630550
v -0.00427700 -0.04587300 0.05869300
v -0.00233750 -0.04592950 0.05926300
v 0.00089000 -0.04594463 0.05865775
v -0.00268500 -0.04589400 0.06075200
v -0.02145825 -0.02707775 0.04422625
v -0.02188359 -0.03770250 0.05521786
v -0.02203762 -0.04027388 0.05691288
v -0.02193150 -0.03603000 0.05717750
v -0.02141119 -0.04476513 0.05620425
v -0.02204434 -0.04396584 0.05667684
v -0.01969525 -0.04546987 0.05614525
v -0.02211969 -0.04269456 0.05578038
v -0.02234944 -0.04308813 0.05859675
v -0.02233200 -0.04365700 0.05929350
v -0.02218888 -0.04256150 0.05702375
v -0.02223131 -0.04134150 0.05848169
v -0.01613306 -0.04565134 0.05858766
v -0.02243969 -0.04183894 0.06062225
v -0.02256913 -0.04103550 0.06359112
v -0.02225050 -0.03772550 0.06067650
v -0.02210256 -0.03429756 0.05991112
v -0.02172525 -0.03134650 0.05508375
v -0.02157037 -0.02855538 0.05249913
v -0.02187800 -0.03174700 0.05791300
v -0.02165275 -0.02780400 0.05582725
v -0.02243178 -0.03690596 0.06327046
v -0.02269587 -0.03988219 0.06632625
v -0.02276297 -0.03708801 0.06837630
v -0.02299239 -0.03940172 0.07192052
v -0.02269238 -0.03448233 0.06802845
v -0.02219078 -0.03167903 0.06206763
v -0.02194369 -0.02756752 0.06038127
v -0.02173262 -0.02623081 0.05818509
v -0.02222775 -0.02878375 0.06358575
v -0.02205950 -0.02492146 0.06289248
v -0.02232212 -0.02430569 0.06629250
v -0.02245038 -0.02935148 0.06626174
v -0.02264377 -0.02985676 0.06875863
v -0.01495200 -0.04566725 0.06077775
v -0.01065109 -0.04570844 0.06456116
v -0.00655000 -0.04582400 0.06525750
v -0.00247900 -0.04590600 0.06643500
v 0.00228878 -0.04595903 0.06295394
v -0.00739375 -0.04577300 0.06764100
v -0.00492522 -0.04583325 0.06791288
v -0.00258375 -0.04590313 0.06861388
v -0.00695400 -0.04578075 0.07114650
v -0.00518000 -0.04586100 0.06940475
v -0.00454572 -0.04584941 0.07208381
v -0.02136675 -0.02208150 0.05300475
v -0.02150494 -0.02412694 0.05508288
v -0.02129800 -0.01770150 0.05642325
v -0.02117231 -0.01765575 0.05199012
v -0.02118650 -0.01747650 0.05381800
v -0.02102194 -0.01374469 0.05252944
v -0.02148466 -0.02163803 0.05682691
v -0.02180766 -0.02339900 0.06040941
v -0.02152208 -0.01998347 0.05849935
v -0.02217525 -0.02186700 0.06539575
v -0.02187233 -0.02138903 0.06230087
v -0.02166166 -0.01990313 0.06036041
v -0.02190403 -0.01893669 0.06349120
v -0.02133175 -0.01629844 0.05728116
v -0.02121163 -0.01467194 0.05622119
v -0.02109512 -0.01440337 0.05458475
v -0.02129300 -0.01384200 0.05713100
v -0.02131037 -0.01456562 0.05805331
v -0.02102900 -0.01126700 0.05537400
v -0.02141500 -0.01499050 0.05930450
v -0.02145075 -0.01630675 0.05962275
v -0.02161375 -0.01702250 0.06119737
v -0.02158600 -0.01489825 0.06240800
v -0.02176550 -0.01595000 0.06352250
v -0.02129600 -0.01381300 0.05948100
v -0.02124591 -0.01248062 0.05818300
v -0.02140569 -0.01335056 0.06097594
v -0.02118500 -0.01019694 0.05924481
v -0.02131950 -0.01146675 0.06099250
v 0.00725916 -0.04609931 0.04813009
v 0.00865950 -0.04612950 0.04846650
v 0.00535600 -0.04607681 0.04916419
v 0.00647550 -0.04613150 0.04847200
v 0.00727313 -0.04605356 0.05002769
v 0.01057000 -0.04611400 0.05030600
v 0.01206900 -0.04610606 0.04970725
v 0.00842400 -0.04612800 0.05036200
v 0.01025737 -0.04612112 0.05216975
v 0.00613263 -0.04608687 0.05161987
v 0.00605100 -0.04607812 0.05310187
v 0.00668400 -0.04603612 0.05106112
v 0.00394950 -0.04594400 0.05206700
v 0.00375363 -0.04590088 0.05393700
v 0.00470513 -0.04600894 0.05402662
v 0.00681245 -0.04602386 0.05301641
v 0.00632700 -0.04593300 0.05427700
v 0.00803000 -0.04603500 0.05360100
v 0.01095450 -0.04604034 0.05427953
v 0.00855200 -0.04607900 0.05436600
v 0.00980644 -0.04604713 0.05558387
v 0.01331638 -0.04603250 0.05197900
v 0.01378009 -0.04596687 0.05276034
v 0.01437463 -0.04582131 0.05125081
v 0.01482078 -0.04544403 0.05275628
v 0.01518755 -0.04493348 0.05280712
v 0.01566038 -0.04302775 0.05063675
v 0.01538123 -0.04439153 0.05271673
v 0.01409369 -0.04585069 0.05438919
v 0.01197862 -0.04603087 0.05571891
v 0.01359031 -0.04590447 0.05698927
v 0.01419325 -0.04573525 0.05667119
v 0.01298609 -0.04594447 0.05870222
v 0.01446813 -0.04571281 0.05325331
v 0.01551502 -0.04284495 0.05343919
v 0.01480216 -0.04527475 0.05661928
v 0.01500906 -0.04499638 0.05673294
v 0.01530569 -0.04454694 0.05491269
v 0.01532600 -0.04431900 0.05651200
v 0.01542463 -0.04360200 0.05546025
v 0.01535219 -0.04315425 0.05608737
v 0.01548200 -0.04139800 0.05535750
v 0.00387375 -0.04594075 0.05535700
v 0.00305631 -0.04596670 0.05891350
v 0.00460306 -0.04598175 0.05736419
v 0.00726962 -0.04596231 0.06335512
v 0.00798256 -0.04598619 0.05985400
v 0.00905000 -0.04600862 0.05697675
v 0.01123087 -0.04596063 0.06024475
v 0.00636113 -0.04596288 0.05624369
v 0.00862800 -0.04602800 0.05552900
v 0.01162200 -0.04601700 0.05796100
v 0.01455013 -0.04546006 0.05788756
v 0.01426363 -0.04565025 0.05850013
v 0.01361350 -0.04582309 0.05998531
v 0.01458803 -0.04519119 0.06053597
v 0.01493147 -0.04472559 0.06002306
v 0.01394300 -0.04565938 0.06154862
v 0.01529500 -0.04214187 0.05819338
v 0.01548931 -0.04054750 0.05706887
v 0.01512441 -0.04418500 0.05909834
v 0.01529156 -0.04237981 0.05924556
v 0.01511850 -0.04323516 0.06161481
v 0.01532025 -0.04119337 0.05961150
v 0.01263513 -0.04588813 0.06339181
v 0.01006478 -0.04591294 0.06687413
v 0.01131013 -0.04592950 0.06426525
v 0.01324119 -0.04580247 0.06413241
v 0.01468572 -0.04489337 0.06322894
v 0.01490087 -0.04428475 0.06346369
v 0.01373125 -0.04564984 0.06447878
v 0.01436522 -0.04524494 0.06392594
v 0.01525809 -0.04132109 0.06153675
v 0.01508050 -0.04217294 0.06340119
v 0.01541725 -0.03988337 0.06064500
v 0.01550664 -0.03804711 0.06233339
v 0.01526606 -0.03996400 0.06371547
v 0.01615075 -0.03967756 0.04833806
v 0.01576775 -0.04137631 0.05068794
v 0.01596125 -0.04072488 0.04980150
v 0.01605662 -0.03975762 0.05009187
v 0.01610416 -0.03877588 0.05015147
v 0.01628838 -0.03877681 0.04729969
v 0.01665600 -0.03468600 0.04682800
v 0.01636588 -0.03611338 0.04867850
v 0.01629200 -0.03641248 0.04983563
v 0.01645212 -0.03490406 0.04964550
v 0.01565163 -0.04129650 0.05297925
v 0.01577444 -0.04027269 0.05368725
v 0.01600303 -0.03919222 0.05189784
v 0.01590642 -0.03872930 0.05394080
v 0.01614588 -0.03643713 0.05219247
v 0.01623356 -0.03497681 0.05276575
v 0.01641200 -0.03398700 0.05210400
v 0.01683469 -0.03420559 0.04579203
v 0.01695375 -0.03138125 0.04710662
v 0.01711922 -0.03086534 0.04543841
v 0.01738700 -0.02874900 0.04416300
v 0.01719731 -0.02922081 0.04587234
v 0.01708938 -0.02965169 0.04710588
v 0.01744400 -0.02645250 0.04401950
v 0.01706350 -0.02858506 0.04811688
v 0.01736419 -0.02652581 0.04589931
v 0.01699425 -0.02726800 0.04991800
v 0.01683722 -0.03283800 0.04698869
v 0.01663781 -0.03420131 0.04873575
v 0.01664686 -0.03217150 0.05019861
v 0.01695775 -0.03061469 0.04784044
v 0.01670006 -0.03087412 0.05026088
v 0.01632919 -0.03260825 0.05424253
v 0.01665384 -0.03047159 0.05198409
v 0.01696755 -0.02916730 0.04916762
v 0.01686900 -0.03020100 0.04965563
v 0.01682109 -0.02949537 0.05106772
v 0.01683269 -0.02864581 0.05127550
v 0.01573666 -0.03921748 0.05620069
v 0.01579000 -0.03860925 0.05573850
v 0.01603387 -0.03574775 0.05468150
v 0.01589075 -0.03717637 0.05699725
v 0.01569625 -0.03861638 0.05758725
v 0.01556000 -0.03869837 0.05936700
v 0.01623112 -0.03419087 0.05467763
v 0.01599463 -0.03595500 0.05654150
v 0.01611488 -0.03432469 0.05651275
v 0.01555916 -0.03804353 0.06137219
v 0.01579050 -0.03571575 0.05918950
v 0.01580400 -0.03494650 0.06067125
v 0.01586619 -0.03561156 0.05829381
v 0.01604166 -0.03372997 0.05771497
v 0.01622150 -0.03181738 0.05638425
v 0.01606775 -0.03335900 0.05847950
v 0.01600606 -0.03283875 0.05930431
v 0.01645513 -0.03141837 0.05295287
v 0.01662925 -0.02966988 0.05356381
v 0.01640075 -0.03100275 0.05502475
v 0.01643956 -0.02956744 0.05560988
v 0.01668925 -0.02858450 0.05313400
v 0.01692770 -0.02566845 0.05175914
v 0.01670187 -0.02663663 0.05446213
v 0.01676912 -0.02567013 0.05365963
v 0.01624215 -0.03114455 0.05730945
v 0.01638919 -0.02831037 0.05791806
v 0.01624066 -0.02937350 0.05951384
v 0.01654456 -0.02725967 0.05642055
v 0.01666825 -0.02593925 0.05550225
v 0.01687325 -0.02460900 0.05378687
v 0.01671541 -0.02470225 0.05591612
v 0.01646197 -0.02656659 0.05882769
v 0.01671900 -0.02334500 0.05605200
v -0.00014562 -0.04593600 0.06864475
v 0.00592750 -0.04597088 0.06643400
v 0.00372175 -0.04597000 0.06964131
v 0.01156675 -0.04588150 0.06856150
v 0.00659350 -0.04597717 0.07051975
v 0.01244647 -0.04581234 0.07226138
v 0.01303262 -0.04575812 0.06903238
v 0.01349244 -0.04553163 0.07172947
v 0.01075825 -0.04588800 0.07196500
v 0.01295981 -0.04572169 0.07268750
v 0.01407297 -0.04537359 0.06663522
v 0.01443612 -0.04504994 0.06635081
v 0.01497150 -0.04298000 0.06570850
v 0.01467213 -0.04442869 0.06742072
v 0.01476406 -0.04393544 0.06756687
v 0.01352956 -0.04564241 0.06783191
v 0.01442572 -0.04477956 0.06892431
v 0.01370481 -0.04551756 0.06921962
v 0.01506875 -0.04200475 0.06471025
v 0.01542225 -0.03744875 0.06472875
v 0.01470625 -0.04249125 0.07167625
v 0.01495850 -0.04063700 0.06979900
v 0.01521781 -0.03762281 0.06948050
v 0.00014900 -0.04598325 0.07020200
v -0.00080333 -0.04596211 0.07177813
v -0.00143978 -0.04592728 0.07452275
v 0.00220388 -0.04599162 0.07069600
v 0.00374673 -0.04600305 0.07247019
v 0.00288545 -0.04601430 0.07493817
v -0.00381369 -0.04584100 0.07653000
v -0.00153031 -0.04590747 0.07782478
v 0.00118667 -0.04601398 0.07696777
v 0.00145319 -0.04605869 0.07959863
v 0.00425461 -0.04604917 0.07808273
v 0.00773863 -0.04596137 0.07444800
v 0.00640375 -0.04600625 0.07441450
v 0.01128425 -0.04588750 0.07522187
v 0.01135934 -0.04589662 0.07645959
v 0.00881375 -0.04603250 0.07784900
v 0.00400881 -0.04609031 0.07938150
v 0.00619300 -0.04609650 0.07904900
v 0.00797300 -0.04622675 0.07995375
v 0.01018550 -0.04610250 0.07895550
v 0.00955200 -0.04616700 0.07983525
v 0.01046600 -0.04608400 0.07950500
v 0.01416612 -0.04498048 0.07150548
v 0.01401106 -0.04521875 0.07037106
v 0.01452363 -0.04419613 0.07149775
v 0.01419370 -0.04471147 0.07402692
v 0.01468938 -0.04124037 0.07470325
v 0.01325550 -0.04560950 0.07429381
v 0.01357650 -0.04543006 0.07430656
v 0.01272072 -0.04573200 0.07649738
v 0.01378400 -0.04517712 0.07513669
v 0.01326375 -0.04551988 0.07644225
v 0.01386600 -0.04485900 0.07676250
v 0.01410238 -0.04436287 0.07686831
v 0.01191375 -0.04590413 0.07771288
v 0.01297200 -0.04561900 0.07772200
v 0.01253075 -0.04571800 0.07823850
v 0.01272850 -0.04548450 0.07904700
v 0.01358600 -0.04509000 0.07822800
v 0.01443250 -0.04341850 0.07837275
v 0.01406850 -0.04430875 0.07880800
v 0.01036200 -0.04594400 0.08013400
v 0.01209437 -0.04554100 0.07971512
v 0.01273700 -0.04485600 0.08053350
v 0.01373100 -0.04455000 0.07983800
v 0.01400100 -0.04402900 0.07994600
v 0.01469162 -0.04241394 0.07897794
v 0.01325200 -0.04472700 0.08032600
v 0.01345100 -0.04456000 0.08033700
v 0.01372525 -0.04414075 0.08041075
v 0.01434663 -0.04270938 0.08009487
v 0.01434800 -0.04406900 0.07508500
v 0.01450500 -0.04271300 0.07579200
v 0.01451225 -0.04209225 0.07590975
v 0.01502077 -0.03794312 0.07432383
v 0.01497313 -0.03767137 0.07608437
v 0.01526575 -0.03370775 0.07700975
v 0.01430300 -0.04312700 0.07694000
v 0.01454537 -0.04237313 0.07807819
v 0.01441775 -0.04095341 0.07724866
v 0.01449206 -0.04038056 0.07777175
v 0.01460038 -0.03864413 0.07761087
v 0.01500844 -0.04063931 0.07933347
v 0.01458794 -0.04086944 0.08038256
v 0.01504175 -0.04044837 0.07896131
v 0.01523700 -0.03823375 0.08014450
v 0.01515700 -0.03900000 0.07902600
v 0.01497388 -0.03663700 0.07703462
v 0.01461763 -0.03841981 0.07809444
v 0.01498575 -0.03782525 0.07888556
v 0.01481469 -0.03618475 0.07860925
v 0.01493239 -0.03517817 0.07840133
v 0.01551325 -0.03655875 0.06470125
v 0.01574697 -0.03551212 0.06234362
v 0.01580800 -0.03405728 0.06295744
v 0.01573050 -0.03395825 0.06430475
v 0.01593870 -0.03301944 0.06178714
v 0.01603762 -0.03110000 0.06195681
v 0.01588650 -0.03153300 0.06444100
v 0.01558500 -0.03332200 0.06831300
v 0.01569775 -0.03066113 0.06969981
v 0.01631503 -0.02832866 0.05981828
v 0.01621289 -0.02853369 0.06123591
v 0.01615144 -0.02851962 0.06202475
v 0.01638645 -0.02418116 0.06140082
v 0.01595300 -0.02678600 0.06826300
v 0.01629450 -0.02158200 0.06543988
v 0.01543000 -0.03325000 0.07289800
v 0.01577750 -0.02828300 0.07129800
v 0.01550100 -0.03074500 0.07508375
v 0.01574500 -0.02593700 0.07595200
v 0.01608850 -0.02156125 0.07055925
v 0.01585100 -0.02302800 0.07722250
v 0.01526512 -0.03295906 0.07799837
v 0.01544909 -0.02985328 0.07902572
v 0.01913069 -0.00335975 0.03590444
v 0.01917684 -0.00045459 0.03622384
v 0.01897625 -0.00203781 0.03779987
v 0.01952369 0.00056788 0.03423231
v 0.01930997 0.00123544 0.03582716
v 0.01956884 0.00289453 0.03350525
v 0.01948350 0.00237000 0.03499450
v 0.01912588 0.00162875 0.03703300
v 0.01950000 0.00444250 0.03543750
v 0.01874744 -0.00127525 0.04020069
v 0.01909227 0.00420281 0.03776488
v 0.01866250 0.00155825 0.04134300
v 0.01866569 0.00599694 0.04217563
v 0.01853450 0.00293750 0.04239300
v 0.01837512 0.00039237 0.04357400
v 0.01837437 0.00252425 0.04371113
v 0.01833375 0.00399012 0.04398850
v 0.01830562 0.00461862 0.04494937
v -0.02092925 -0.01036013 0.05394675
v -0.02082762 -0.00841062 0.05391700
v -0.02109038 -0.00990538 0.05572538
v -0.02093709 -0.00774350 0.05565659
v -0.02082259 -0.00697666 0.05434394
v -0.02113050 -0.01081175 0.05730350
v -0.02107900 -0.00949775 0.05805775
v -0.02096900 -0.00833700 0.05674400
v -0.02109650 -0.00958200 0.05933750
v -0.02096875 -0.00710937 0.05906200
v -0.02081100 -0.00545619 0.05520187
v -0.02084800 -0.00610600 0.05740525
v -0.02078187 -0.00447425 0.05632988
v -0.02089552 -0.00524594 0.05859591
v -0.02072200 -0.00379300 0.05811300
v -0.02071200 -0.00210400 0.05828000
v 0.01746656 -0.02546609 0.04510703
v 0.01774412 -0.02375413 0.04349025
v 0.01769518 -0.02318984 0.04406954
v 0.01788500 -0.02297534 0.04193734
v 0.01806700 -0.02151400 0.04064200
v 0.01783226 -0.02135736 0.04351730
v 0.01783563 -0.02035156 0.04380837
v 0.01728300 -0.02555559 0.04742887
v 0.01715328 -0.02563759 0.04870881
v 0.01743875 -0.02364825 0.04664250
v 0.01740400 -0.02302713 0.04765300
v 0.01710200 -0.02595800 0.04967400
v 0.01722850 -0.02408825 0.04939725
v 0.01720862 -0.02333013 0.04899225
v 0.01763550 -0.02070163 0.04577863
v 0.01772491 -0.01919322 0.04570819
v 0.01747238 -0.02117150 0.04739686
v 0.01749383 -0.01990381 0.04752284
v 0.01824744 -0.01793288 0.04049950
v 0.01810753 -0.01742244 0.04249934
v 0.01805928 -0.01959272 0.04225894
v 0.01811800 -0.01841088 0.04248387
v 0.01793316 -0.01878563 0.04397600
v 0.01828713 -0.01624650 0.04062175
v 0.01834600 -0.01226931 0.04116844
v 0.01814753 -0.01427578 0.04271047
v 0.01818300 -0.01354800 0.04217163
v 0.01784772 -0.01762659 0.04534987
v 0.01802087 -0.01706275 0.04403212
v 0.01797903 -0.01607253 0.04417309
v 0.01772513 -0.01740362 0.04678756
v 0.01782200 -0.01627838 0.04623219
v 0.01798700 -0.01323300 0.04420800
v 0.01825891 -0.01174509 0.04283984
v 0.01791000 -0.01371637 0.04545038
v 0.01806619 -0.01173294 0.04476750
v 0.01794069 -0.01274437 0.04537600
v 0.01797038 -0.01505613 0.04478787
v 0.01768038 -0.01462600 0.04791125
v 0.01698600 -0.02499300 0.05082700
v 0.01715931 -0.02323912 0.05024641
v 0.01704275 -0.02374800 0.05239175
v 0.01706000 -0.02214000 0.05199100
v 0.01706006 -0.02233000 0.05295781
v 0.01729333 -0.02161870 0.04934880
v 0.01730191 -0.02027944 0.04951044
v 0.01718708 -0.02050659 0.05138158
v 0.01740152 -0.01912466 0.04923345
v 0.01746637 -0.01773163 0.04915700
v 0.01709519 -0.02039669 0.05302469
v 0.01732538 -0.01808013 0.05027087
v 0.01721825 -0.01951175 0.05178475
v 0.01714250 -0.01778100 0.05352700
v 0.01705325 -0.02035187 0.05434053
v 0.01698787 -0.01902112 0.05538944
v 0.01714800 -0.01800500 0.05479500
v 0.01709463 -0.01665300 0.05520350
v 0.01693681 -0.02437644 0.05268537
v 0.01690188 -0.02130500 0.05538413
v 0.01668850 -0.02120500 0.05836450
v 0.01685306 -0.01987669 0.05651088
v 0.01769647 -0.01590172 0.04727525
v 0.01757000 -0.01641175 0.04934500
v 0.01747419 -0.01563794 0.04977337
v 0.01735644 -0.01695105 0.05082683
v 0.01807577 -0.01061830 0.04473720
v 0.01762125 -0.01314325 0.04843475
v 0.01768855 -0.01239830 0.04847909
v 0.01786530 -0.01126884 0.04672283
v 0.01732931 -0.01429077 0.05213741
v 0.01741194 -0.01332700 0.05121719
v 0.01776123 -0.01096006 0.04822188
v 0.01725339 -0.01624419 0.05241428
v 0.01716817 -0.01539432 0.05435292
v 0.01728800 -0.01379497 0.05322219
v 0.01746359 -0.01206000 0.05123166
v 0.01757900 -0.01079212 0.05007500
v 0.01729575 -0.01271325 0.05351000
v 0.01739463 -0.01080606 0.05194663
v 0.01735975 -0.01132575 0.05277000
v 0.01757775 -0.00780100 0.04989200
v 0.01732209 -0.01000775 0.05311833
v 0.01857350 -0.01227950 0.03938025
v 0.01856653 -0.00952169 0.03987891
v 0.01894992 -0.00658240 0.03710035
v 0.01841400 -0.01125100 0.04127300
v 0.01873400 -0.00649800 0.03949250
v 0.01877100 -0.00594300 0.03907700
v 0.01832894 -0.00944119 0.04229363
v 0.01835775 -0.00860113 0.04152688
v 0.01830700 -0.00806200 0.04323600
v 0.01801256 -0.00873006 0.04551188
v 0.01842581 -0.00676812 0.04172862
v 0.01842619 -0.00529125 0.04204294
v 0.01833356 -0.00608031 0.04313250
v 0.01817425 -0.00712875 0.04404600
v 0.01821537 -0.00645650 0.04460837
v 0.01858653 -0.00323828 0.04102700
v 0.01832588 -0.00452775 0.04337130
v 0.01836000 -0.00318900 0.04265900
v 0.01852675 -0.00109700 0.04187450
v 0.01791219 -0.00769663 0.04690084
v 0.01777713 -0.00839337 0.04781688
v 0.01762825 -0.00837350 0.04947425
v 0.01793150 -0.00657650 0.04662400
v 0.01806675 -0.00533450 0.04634775
v 0.01822069 -0.00440962 0.04428906
v 0.01803900 -0.00603300 0.04640525
v 0.01781750 -0.00541250 0.04840000
v 0.01787000 -0.00463400 0.04788156
v 0.01804619 -0.00440969 0.04615031
v 0.01800638 -0.00253125 0.04687650
v 0.01761338 -0.00675887 0.05004187
v 0.01776250 -0.00662175 0.04862281
v 0.01769275 -0.00619475 0.05006425
v 0.01743991 -0.00558359 0.05288547
v 0.01734534 -0.00859812 0.05293038
v 0.01735591 -0.00755292 0.05339911
v 0.01739412 -0.00657450 0.05201988
v 0.01778847 -0.00383516 0.04868359
v 0.01770475 -0.00476900 0.05070975
v 0.01760288 -0.00402838 0.05086956
v 0.01758750 -0.00504875 0.05176900
v 0.01792119 -0.00120094 0.04821538
v 0.01760559 -0.00265716 0.05083172
v 0.01824425 -0.00172694 0.04488481
v 0.01834800 0.00004200 0.04334700
v 0.01825150 -0.00064200 0.04452700
v 0.01814644 -0.00069981 0.04561250
v 0.01819213 0.00034262 0.04589563
v 0.01829800 0.00159400 0.04407900
v 0.01806463 0.00148112 0.04678509
v 0.01810400 -0.00151350 0.04701050
v 0.01791025 -0.00050222 0.04795728
v 0.01801516 0.00053328 0.04767372
v 0.01767025 -0.00020688 0.05036666
v 0.01781847 0.00149072 0.04979850
v 0.01791469 0.00186634 0.04859866
v 0.01783000 0.00058250 0.04974625
v 0.01814172 0.00271338 0.04639256
v 0.01809684 0.00416519 0.04697119
v 0.01812375 0.00467600 0.04628325
v 0.01790723 0.00348684 0.04871927
v 0.01821781 0.00565719 0.04588731
v 0.01802275 0.00510850 0.04773450
v 0.01805002 0.00604400 0.04793414
v 0.01695350 -0.01667350 0.05630300
v 0.01666825 -0.01684338 0.06060862
v 0.01704491 -0.01415438 0.05582837
v 0.01649750 -0.01542850 0.06431050
v 0.01715969 -0.01192037 0.05537219
v 0.01687850 -0.01343300 0.05819250
v 0.01716737 -0.01174013 0.05493663
v 0.01715969 -0.00967759 0.05565862
v 0.01702505 -0.00996647 0.05723895
v 0.01715406 -0.00682464 0.05586120
v 0.01685050 -0.00966200 0.05936550
v 0.01658200 -0.01202250 0.06343600
v 0.01703550 -0.00728531 0.05766387
v 0.01682487 -0.00588712 0.05993813
v 0.01625300 -0.01620800 0.07009100
v 0.01619819 -0.01458231 0.07441050
v 0.01643000 -0.01151550 0.06709738
v 0.01629700 -0.01239600 0.07100000
v 0.01655800 -0.00904900 0.06407400
v 0.01647613 -0.00353725 0.06652750
v 0.01639100 -0.00770775 0.06902975
v 0.01729469 -0.00667131 0.05338575
v 0.01741475 -0.00435825 0.05258950
v 0.01722950 -0.00680450 0.05463775
v 0.01718050 -0.00462600 0.05549225
v 0.01738800 -0.00234300 0.05313400
v 0.01750025 -0.00038250 0.05190800
v 0.01726575 -0.00387950 0.05437325
v 0.01728800 -0.00184800 0.05369300
v 0.01735850 -0.00029050 0.05378288
v 0.01731728 -0.00070669 0.05442188
v 0.01710431 -0.00569363 0.05732956
v 0.01701562 -0.00362531 0.05824081
v 0.01713520 -0.00293977 0.05672273
v 0.01715294 -0.00095225 0.05669259
v 0.01726500 0.00051500 0.05517600
v 0.01711700 -0.00232500 0.05778400
v 0.01708462 0.00019250 0.05760037
v 0.01761731 0.00120956 0.05202081
v 0.01742900 0.00036800 0.05405350
v 0.01754900 0.00201100 0.05193200
v 0.01748494 0.00271813 0.05307981
v 0.01737337 0.00189475 0.05396150
v 0.01775250 0.00466887 0.05068794
v 0.01793750 0.00469756 0.04903319
v 0.01778731 0.00576281 0.05024294
v 0.01752744 0.00396638 0.05281875
v 0.01759809 0.00516167 0.05176477
v 0.01759356 0.00629469 0.05266887
v 0.01782963 0.00725075 0.05066363
v 0.01747775 0.00139475 0.05363600
v 0.01720400 0.00256325 0.05595475
v 0.01726788 0.00418656 0.05550594
v 0.01759300 0.00472300 0.05336400
v 0.01750500 0.00531000 0.05347225
v 0.01741281 0.00418094 0.05422944
v 0.01752559 0.00750972 0.05312628
v 0.01729769 0.00590697 0.05544175
v 0.01720406 0.00553919 0.05641612
v 0.01747275 0.00688087 0.05416137
v 0.01733000 0.00707300 0.05615100
v 0.01724238 0.00751900 0.05634750
v 0.01682275 -0.00185150 0.06034175
v 0.01663600 -0.00327100 0.06331100
v 0.01704469 0.00083797 0.05875763
v 0.01678456 0.00165013 0.06108675
v 0.01656200 0.00249500 0.06478800
v 0.01697700 0.00275650 0.05939500
v 0.01721625 0.00456850 0.05680675
v 0.01709053 0.00521672 0.05816972
v 0.01691550 0.00362613 0.05963156
v 0.01691887 0.00509525 0.05975950
v 0.01737125 0.00808488 0.05509700
v 0.01711291 0.00783106 0.05765612
v 0.01703200 0.00678487 0.05873000
v 0.01686072 0.00614728 0.06082609
v 0.01701275 0.00719500 0.05991062
v 0.01697394 0.00959256 0.05978975
v 0.01672687 0.00419100 0.06200113
v 0.01668538 0.00504175 0.06200669
v 0.01674106 0.00638903 0.06213437
v 0.01653400 0.00398900 0.06489850
v 0.01663969 0.00526994 0.06363663
v 0.01664300 0.00648175 0.06437350
v 0.01658450 0.00495750 0.06559450
v 0.01680706 0.00758144 0.06149025
v 0.01691662 0.01034500 0.06086725
v 0.01666238 0.00727075 0.06287587
v 0.01665900 0.00852250 0.06235750
v 0.01682250 0.00952050 0.06187325
v 0.01666194 0.00903312 0.06305412
v 0.01671438 0.01172687 0.06248600
v -0.02310300 -0.04263425 0.07258575
v -0.02288294 -0.04384181 0.07389900
v -0.02309125 -0.04333500 0.07324025
v -0.02017431 -0.04487775 0.07475169
v -0.02164350 -0.04465800 0.07398700
v -0.02241275 -0.04430112 0.07457506
v -0.02308388 -0.04340669 0.07488188
v -0.02329584 -0.04284041 0.07646900
v -0.02219581 -0.04441695 0.07601908
v -0.02191800 -0.04450994 0.07665119
v -0.02290987 -0.04398275 0.07813650
v -0.02294234 -0.04376200 0.07633269
v -0.02333413 -0.04337522 0.07837069
v -0.02292325 -0.04419850 0.07971862
v -0.02360250 -0.04350700 0.07990650
v -0.02333587 -0.04187144 0.07657369
v -0.02316187 -0.03915250 0.07453187
v -0.02334906 -0.04092381 0.07730556
v -0.02347525 -0.04241200 0.07836925
v -0.02340200 -0.03959450 0.07820350
v -0.02327525 -0.04394950 0.08034825
v -0.02343650 -0.04335825 0.08115512
v -0.02367500 -0.04333100 0.08035400
v -0.02370050 -0.04260500 0.08100550
v -0.02385100 -0.04210800 0.08034300
v -0.02330125 -0.04275200 0.08171025
v -0.02352775 -0.04173400 0.08146700
v -0.02376550 -0.04284200 0.07989700
v -0.02356700 -0.04114000 0.07930800
v -0.02345350 -0.03678550 0.07816400
v -0.02374525 -0.04023850 0.07978025
v -0.02359875 -0.03779669 0.07912081
v -0.02377444 -0.04139381 0.08089606
v -0.02327006 -0.04145187 0.08181650
v -0.02350900 -0.03910500 0.08156100
v -0.02326250 -0.03983450 0.08183700
v -0.02271500 -0.04082875 0.08210312
v -0.02375006 -0.03973681 0.08084344
v -0.02378700 -0.03876500 0.08051900
v -0.02364225 -0.03784275 0.08105662
v -0.02331925 -0.03777975 0.08163000
v -0.02262450 -0.03833587 0.08208062
v -0.01953477 -0.04487886 0.07505238
v -0.02034013 -0.04477700 0.07807025
v -0.01568000 -0.04518875 0.07618962
v -0.01288644 -0.04537638 0.07540506
v -0.01698475 -0.04504637 0.07764875
v -0.01977712 -0.04479237 0.07797275
v -0.02227450 -0.04445750 0.07964950
v -0.02060225 -0.04476100 0.07921650
v -0.02006900 -0.04471500 0.07963900
v -0.02116847 -0.04453541 0.08022859
v -0.01945244 -0.04449231 0.08052519
v -0.01677825 -0.04480312 0.08023812
v -0.01524025 -0.04509188 0.07935300
v -0.01523081 -0.04501556 0.07985231
v -0.01680400 -0.04445200 0.08093800
v -0.01579150 -0.04474000 0.08045375
v -0.01571875 -0.04476375 0.08041500
v -0.01477225 -0.04492575 0.08020325
v -0.01440838 -0.04447988 0.08122938
v -0.01707250 -0.04442050 0.08104400
v -0.01075300 -0.04547500 0.07740800
v -0.00923425 -0.04556000 0.07676375
v -0.01181319 -0.04531563 0.07921356
v -0.00704894 -0.04561787 0.07886750
v -0.00449658 -0.04575952 0.07835167
v -0.00847175 -0.04548875 0.07975675
v -0.01120150 -0.04517900 0.08012550
v -0.01301050 -0.04502550 0.08024300
v -0.01216600 -0.04503900 0.08033500
v -0.01198500 -0.04506700 0.08028900
v -0.00979525 -0.04532975 0.08001075
v -0.01450231 -0.04429769 0.08189375
v -0.01035888 -0.04477602 0.08109377
v -0.01302700 -0.04421050 0.08214394
v -0.01000137 -0.04443331 0.08188338
v -0.00981100 -0.04419875 0.08227944
v -0.01034650 -0.04528850 0.07996950
v -0.00903150 -0.04540700 0.07998200
v -0.00803600 -0.04549800 0.07987600
v -0.00597081 -0.04543237 0.08051231
v -0.00650450 -0.04553100 0.08007550
v -0.00544428 -0.04488403 0.08145831
v -0.01199516 -0.04399344 0.08240300
v -0.01060888 -0.04378438 0.08251600
v -0.00856950 -0.04386750 0.08258300
v -0.00592387 -0.04437400 0.08246975
v -0.00726300 -0.04411575 0.08261550
v -0.00969100 -0.04324700 0.08257750
v -0.00729337 -0.04320538 0.08271138
v -0.00656600 -0.04382900 0.08280500
v -0.02299113 -0.04411862 0.08055513
v -0.02255250 -0.04399200 0.08165500
v -0.02317750 -0.04356975 0.08148475
v -0.02164650 -0.04418875 0.08114900
v -0.02148200 -0.04415000 0.08185350
v -0.02052825 -0.04424613 0.08095750
v -0.01866034 -0.04432528 0.08130316
v -0.02157350 -0.04412475 0.08195675
v -0.01968050 -0.04419450 0.08176150
v -0.01984700 -0.04417600 0.08183800
v -0.02248925 -0.04383000 0.08189000
v -0.02264000 -0.04353800 0.08200900
v -0.02272225 -0.04311025 0.08205675
v -0.02088600 -0.04313200 0.08255300
v -0.02102675 -0.04402850 0.08219675
v -0.02041400 -0.04344200 0.08257000
v -0.01963462 -0.04374463 0.08247588
v -0.01849063 -0.04433338 0.08131050
v -0.01679400 -0.04416200 0.08214500
v -0.01857925 -0.04399662 0.08228875
v -0.02215300 -0.04023100 0.08216500
v -0.02020575 -0.04259750 0.08262887
v -0.01884000 -0.04332500 0.08266200
v -0.02087862 -0.03836713 0.08251206
v -0.02043659 -0.03768319 0.08260187
v -0.01958438 -0.03735912 0.08267400
v -0.01821762 -0.04366675 0.08254325
v -0.01603500 -0.04391537 0.08245475
v -0.01666600 -0.04348006 0.08262250
v -0.01634834 -0.04275188 0.08265619
v -0.01626131 -0.03772278 0.08269344
v -0.01257102 -0.03892988 0.08258214
v -0.01438044 -0.04404763 0.08234000
v -0.01343800 -0.04364812 0.08254738
v -0.01438000 -0.04342825 0.08261950
v -0.01158381 -0.04330900 0.08256687
v -0.00444719 -0.04570509 0.07990144
v -0.00474175 -0.04562400 0.08024150
v -0.00452725 -0.04561738 0.08029588
v -0.00083416 -0.04593528 0.07995191
v -0.00241550 -0.04563950 0.08072250
v -0.00377566 -0.04544450 0.08084078
v -0.00260369 -0.04505794 0.08142675
v -0.00551775 -0.04403750 0.08276187
v -0.02298353 -0.03664675 0.07213284
v -0.02286147 -0.03207955 0.07128989
v -0.02315253 -0.03458583 0.07519708
v -0.02330400 -0.03628425 0.07700200
v -0.02302364 -0.03102705 0.07412070
v -0.02256719 -0.02543884 0.06925733
v -0.02286538 -0.02661347 0.07295503
v -0.02273728 -0.02329216 0.07241809
v -0.02368112 -0.03745163 0.08023012
v -0.02368200 -0.03569800 0.08082000
v -0.02364350 -0.03603350 0.07966450
v -0.02340550 -0.03387581 0.07837869
v -0.02319472 -0.03000952 0.07718397
v -0.02331625 -0.03208200 0.07825675
v -0.02353306 -0.03385850 0.08012319
v -0.02351113 -0.03678319 0.08137931
v -0.02309000 -0.03631200 0.08178475
v -0.02198884 -0.03711456 0.08217672
v -0.02260300 -0.03599300 0.08205800
v -0.02342713 -0.03557750 0.08138012
v -0.02344387 -0.03436069 0.08107813
v -0.02347825 -0.03247294 0.08048369
v -0.02317316 -0.03266559 0.08136219
v -0.02238888 -0.03343819 0.08203644
v -0.02175781 -0.03288891 0.08217184
v -0.02268287 -0.03152256 0.08181325
v -0.02345250 -0.03079900 0.07990437
v -0.02338600 -0.03093000 0.08085600
v -0.02336275 -0.02928856 0.08047394
v -0.02227475 -0.03116262 0.08204512
v -0.02290137 -0.03061287 0.08158813
v -0.02320588 -0.03034856 0.08113900
v -0.02048072 -0.02976328 0.08253384
v -0.02155653 -0.02860837 0.08214134
v -0.02306325 -0.02686487 0.07622425
v -0.02330500 -0.02858475 0.07928775
v -0.02314800 -0.02564600 0.07860300
v -0.02291581 -0.02362731 0.07505164
v -0.02324844 -0.02666969 0.08032553
v -0.02311288 -0.02634894 0.08092262
v -0.02304162 -0.02833850 0.08129050
v -0.02253775 -0.02863894 0.08182256
v -0.02207237 -0.02755287 0.08200412
v -0.02281625 -0.02712263 0.08150650
v -0.02246887 -0.02650825 0.08177344
v -0.02284775 -0.02407000 0.08132575
v -0.01994717 -0.02580341 0.08257434
v -0.01926138 -0.02559700 0.08266975
v -0.02302639 -0.02215323 0.07794805
v -0.02315081 -0.02415494 0.07872437
v -0.02317141 -0.02380878 0.07986266
v -0.02309063 -0.02281556 0.08049369
v -0.02312250 -0.02126250 0.07982584
v -0.00666963 -0.04105147 0.08255022
v -0.01449868 -0.03813801 0.08264746
v -0.01423100 -0.03225500 0.08274924
v -0.01262094 -0.03472606 0.08263781
v -0.02074894 -0.03481763 0.08252375
v -0.01955512 -0.03350256 0.08268950
v -0.02018956 -0.03309556 0.08262956
v -0.01682448 -0.03396161 0.08273957
v -0.01697423 -0.03064214 0.08278034
v -0.00929125 -0.04016375 0.08252325
v -0.01040619 -0.03738800 0.08255025
v -0.00529400 -0.03997258 0.08256031
v -0.01004600 -0.03411200 0.08259100
v -0.00763400 -0.03697100 0.08255850
v -0.00406700 -0.03834600 0.08258400
v -0.00356200 -0.03598400 0.08265325
v -0.01779862 -0.02791972 0.08276159
v -0.01405825 -0.02795463 0.08285012
v -0.01418200 -0.02362200 0.08293000
v -0.01100925 -0.02479200 0.08293625
v -0.00946850 -0.03002900 0.08274000
v -0.00663850 -0.03254350 0.08265500
v -0.00697075 -0.02994450 0.08275025
v -0.00383406 -0.03333181 0.08273206
v -0.00564100 -0.02564250 0.08298100
v -0.00280250 -0.02969875 0.08294900
v -0.00757325 -0.02620050 0.08291000
v -0.02242612 -0.02277037 0.06804300
v -0.02241300 -0.02167150 0.06749000
v -0.02220634 -0.02017234 0.06587844
v -0.02208475 -0.01824194 0.06500944
v -0.02228562 -0.01986963 0.06721212
v -0.02225650 -0.01787663 0.06597625
v -0.02257150 -0.02230500 0.07037700
v -0.02253112 -0.02106338 0.07031013
v -0.02234825 -0.02002225 0.06916175
v -0.02265500 -0.02013800 0.07180600
v -0.02222500 -0.01887200 0.06764500
v -0.02224125 -0.01748938 0.06766081
v -0.02237269 -0.01813225 0.06949963
v -0.02257581 -0.01942644 0.07158369
v -0.02230700 -0.01620100 0.06988800
v -0.02248150 -0.01768438 0.07171400
v -0.02269263 -0.02207025 0.07322637
v -0.02208166 -0.01595191 0.06545516
v -0.02184600 -0.01499500 0.06397350
v -0.02195031 -0.01396194 0.06531019
v -0.02142750 -0.01235975 0.06268000
v -0.02139800 -0.01147200 0.06232300
v -0.02121800 -0.00947900 0.06114900
v -0.02169725 -0.01147313 0.06357087
v -0.02147737 -0.00991050 0.06302600
v -0.02168400 -0.00969400 0.06427400
v -0.02141156 -0.01333825 0.06198600
v -0.02170212 -0.01293962 0.06384950
v -0.02188725 -0.01180925 0.06469700
v -0.02212837 -0.01508019 0.06709206
v -0.02216550 -0.01542150 0.06929750
v -0.02192300 -0.01329800 0.06619300
v -0.02205000 -0.01335400 0.06773300
v -0.02224769 -0.01356831 0.06949137
v -0.02206100 -0.01207000 0.06876700
v -0.02172200 -0.01004550 0.06537800
v -0.02194650 -0.01122925 0.06715950
v -0.02183706 -0.00923313 0.06720000
v -0.02174134 -0.00886963 0.06595988
v -0.02252588 -0.01817112 0.07314000
v -0.02241700 -0.01571800 0.07115600
v -0.02251975 -0.01600975 0.07258575
v -0.02254906 -0.01705337 0.07317969
v -0.02252650 -0.01605675 0.07415600
v -0.02242750 -0.01506550 0.07361450
v -0.02254050 -0.01476675 0.07506925
v -0.02273253 -0.02016863 0.07425181
v -0.02282266 -0.02115605 0.07553831
v -0.02273391 -0.01883744 0.07561688
v -0.02251637 -0.01836187 0.07438488
v -0.02293547 -0.01988442 0.07758869
v -0.02308131 -0.01998406 0.07892219
v -0.02284525 -0.01752150 0.07709650
v -0.02263700 -0.01693494 0.07549025
v -0.02273100 -0.01420625 0.07672725
v -0.02286413 -0.01608138 0.07805212
v -0.02299500 -0.01793950 0.07945775
v -0.02286600 -0.01451350 0.07819050
v -0.02231834 -0.01477234 0.07143953
v -0.02233608 -0.01318089 0.07208191
v -0.02240800 -0.01310400 0.07374700
v -0.02224809 -0.01153628 0.07094784
v -0.02224113 -0.01202475 0.07286925
v -0.02218500 -0.00953350 0.07013800
v -0.02199450 -0.00955438 0.06877325
v -0.02203975 -0.00865356 0.07006313
v -0.02227100 -0.01020700 0.07145300
v -0.02220512 -0.01077825 0.07281775
v -0.02203250 -0.00698850 0.07046850
v -0.02207700 -0.00817100 0.07200900
v -0.02259662 -0.01320512 0.07551119
v -0.02232325 -0.01111362 0.07388600
v -0.02267875 -0.01153425 0.07719413
v -0.02246525 -0.01000612 0.07501250
v -0.02234269 -0.00960370 0.07383392
v -0.02215900 -0.00714500 0.07199700
v -0.02230000 -0.00715400 0.07296000
v -0.02255200 -0.00938200 0.07731075
v -0.02238750 -0.00752200 0.07539925
v -0.01269500 -0.02230000 0.08299600
v -0.00926869 -0.01991919 0.08307538
v -0.00693100 -0.02166800 0.08308100
v -0.00466050 -0.02270700 0.08312450
v -0.00209100 -0.02550550 0.08318050
v -0.00410800 -0.01524150 0.08326200
v -0.00193600 -0.02126200 0.08330600
v -0.00307000 -0.01850450 0.08328700
v -0.00227375 -0.01529019 0.08334731
v 0.00205000 -0.01760200 0.08360300
v -0.00043862 -0.01353763 0.08343387
v -0.02140627 -0.02481227 0.08209111
v -0.02207912 -0.02540925 0.08196431
v -0.02294869 -0.02323369 0.08102613
v -0.02259050 -0.02469975 0.08166550
v -0.02242853 -0.02291287 0.08167472
v -0.02266025 -0.02085538 0.08135950
v -0.02206188 -0.02359981 0.08192644
v -0.02032014 -0.02318103 0.08243780
v -0.02188041 -0.02109184 0.08190075
v -0.01969123 -0.02075130 0.08254476
v -0.01918197 -0.02140184 0.08263322
v -0.01709800 -0.01915275 0.08278500
v -0.02299977 -0.01896348 0.08031008
v -0.02283206 -0.01971519 0.08098350
v -0.02227602 -0.01989500 0.08167795
v -0.02252769 -0.01810669 0.08141294
v -0.02186375 -0.01780088 0.08187938
v -0.02119225 -0.01920538 0.08202500
v -0.02285800 -0.01715900 0.08092200
v -0.02117600 -0.01663928 0.08197600
v -0.02014391 -0.01855838 0.08238219
v -0.01753564 -0.01617352 0.08272223
v -0.02295037 -0.01660469 0.08014800
v -0.02288063 -0.01410825 0.07972350
v -0.02258444 -0.01475281 0.08111900
v -0.02274466 -0.01366267 0.08062195
v -0.02240453 -0.01566022 0.08142294
v -0.02192700 -0.01564350 0.08178538
v -0.02217178 -0.01249358 0.08149830
v -0.02081514 -0.01303056 0.08201795
v -0.01973259 -0.01569556 0.08243466
v -0.01876600 -0.01320700 0.08258800
v -0.01997062 -0.01294775 0.08233850
v -0.01935950 -0.01310825 0.08249950
v -0.02273400 -0.01107250 0.07853762
v -0.02263350 -0.00842800 0.07838012
v -0.02284025 -0.00953225 0.07974650
v -0.02249963 -0.00781562 0.07716394
v -0.02230950 -0.00658175 0.07578850
v -0.02282400 -0.00830800 0.08014300
v -0.02262512 -0.00615587 0.07859825
v -0.02246675 -0.00522850 0.07782850
v -0.02279875 -0.01002900 0.08029575
v -0.02264834 -0.01084909 0.08076106
v -0.02272500 -0.00830500 0.08054500
v -0.02269800 -0.00668900 0.07973600
v -0.02247987 -0.00726744 0.08074363
v -0.02264394 -0.00581259 0.08019547
v -0.02251150 -0.00458325 0.08055025
v -0.02211109 -0.00629237 0.08123778
v -0.02268025 -0.00468431 0.07977337
v -0.02278588 -0.01172288 0.08004762
v -0.02245506 -0.01104094 0.08113687
v -0.01682409 -0.01120320 0.08274266
v -0.02157588 -0.01216887 0.08182100
v -0.02169250 -0.00992150 0.08174125
v -0.02238525 -0.00867500 0.08110750
v -0.02065950 -0.00917650 0.08196050
v -0.01947452 -0.01017978 0.08240492
v -0.01830381 -0.00792769 0.08256056
v -0.02161300 -0.00810950 0.08171000
v -0.02023187 -0.00745894 0.08210856
v -0.02148484 -0.00563506 0.08167003
v -0.02084838 -0.00483250 0.08179588
v -0.01889627 -0.00493220 0.08243505
v -0.01959612 -0.00493850 0.08227100
v -0.01545750 -0.00791933 0.08280930
v -0.01476183 -0.01445220 0.08291976
v -0.01234312 -0.01538306 0.08304487
v -0.01208677 -0.01103173 0.08304299
v -0.00622700 -0.01386313 0.08319706
v -0.00788875 -0.01206153 0.08315066
v -0.00905900 -0.01079600 0.08314000
v -0.00615800 -0.00984100 0.08320600
v -0.00309931 -0.01208675 0.08329306
v -0.00195188 -0.01238225 0.08337638
v -0.00107400 -0.01037825 0.08337850
v 0.00063350 -0.01298975 0.08351800
v -0.00066350 -0.04588038 0.08040019
v -0.00227675 -0.04566525 0.08069125
v -0.00036191 -0.04580269 0.08071344
v 0.00017000 -0.04546400 0.08118700
v 0.00208950 -0.04605175 0.08006025
v 0.00132850 -0.04600550 0.08049550
v 0.00263500 -0.04580887 0.08098806
v 0.00069100 -0.04559200 0.08110200
v 0.00061150 -0.04557900 0.08110700
v -0.00282000 -0.04445200 0.08243700
v -0.00545200 -0.04365200 0.08281300
v -0.00383300 -0.04236525 0.08263625
v -0.00427050 -0.04427262 0.08261900
v -0.00265644 -0.04409994 0.08263219
v -0.00212538 -0.04190250 0.08260300
v 0.00103356 -0.04467294 0.08231013
v -0.00157681 -0.04435444 0.08251287
v -0.00075550 -0.04456500 0.08233575
v -0.00165375 -0.04364975 0.08266925
v 0.00007769 -0.04392512 0.08262812
v 0.00175825 -0.04449350 0.08256988
v 0.00121825 -0.04380875 0.08270975
v 0.00072900 -0.04152400 0.08271600
v -0.00129375 -0.04021475 0.08263225
v -0.00160800 -0.03662300 0.08272550
v 0.00304600 -0.04130050 0.08298975
v 0.00037600 -0.03822800 0.08281000
v 0.00284087 -0.03751319 0.08313100
v 0.00405813 -0.04604300 0.08071331
v 0.00695225 -0.04621825 0.08024025
v 0.00577912 -0.04607037 0.08080600
v 0.00227450 -0.04545550 0.08133100
v 0.00428975 -0.04548250 0.08138425
v 0.00234225 -0.04544700 0.08134550
v 0.00338509 -0.04518328 0.08172159
v 0.00440400 -0.04473500 0.08260475
v 0.00423537 -0.04548237 0.08138300
v 0.00569444 -0.04592506 0.08099281
v 0.00650800 -0.04519850 0.08169200
v 0.00787913 -0.04618400 0.08026763
v 0.00728613 -0.04590663 0.08085775
v 0.00867400 -0.04522150 0.08145400
v 0.00939962 -0.04589937 0.08050225
v 0.01027200 -0.04530300 0.08100800
v 0.00869700 -0.04521625 0.08145575
v 0.00615550 -0.04526388 0.08162738
v 0.00759300 -0.04506100 0.08184000
v 0.00591637 -0.04459138 0.08266613
v 0.00699900 -0.04432600 0.08268663
v 0.01009800 -0.04527800 0.08108650
v 0.01048113 -0.04501550 0.08134275
v 0.00848225 -0.04465750 0.08217825
v 0.00980300 -0.04424775 0.08210825
v 0.00837625 -0.04372613 0.08261275
v 0.00835100 -0.04195400 0.08291000
v 0.01145500 -0.04387300 0.08174300
v 0.01047850 -0.04124125 0.08253337
v 0.00391500 -0.04446175 0.08285150
v 0.00233775 -0.04406725 0.08281075
v 0.00405450 -0.04402100 0.08300300
v 0.00546262 -0.04419050 0.08293625
v 0.00520550 -0.04360425 0.08305050
v 0.00487875 -0.04134450 0.08312163
v 0.00651200 -0.04395800 0.08290550
v 0.00731587 -0.03973213 0.08317175
v 0.00689737 -0.03699914 0.08331834
v 0.00429598 -0.03776302 0.08323331
v 0.00713200 -0.04244275 0.08301350
v 0.00892425 -0.03938025 0.08308225
v -0.00149450 -0.03325550 0.08289625
v 0.00334300 -0.03432475 0.08332075
v 0.00544800 -0.03397300 0.08343400
v 0.01196681 -0.03599989 0.08296494
v 0.01086566 -0.03574180 0.08319008
v 0.00963425 -0.03537950 0.08334700
v 0.00849300 -0.03317450 0.08347375
v 0.01015800 -0.03296925 0.08344313
v 0.01126166 -0.03271894 0.08338456
v 0.01285350 -0.03288100 0.08317400
v 0.00112375 -0.03116388 0.08323862
v 0.00416500 -0.03167550 0.08346300
v 0.00183300 -0.02844475 0.08339875
v 0.00571125 -0.02915800 0.08356725
v 0.01156000 -0.04512000 0.08085200
v 0.01242800 -0.04488800 0.08073200
v 0.01120431 -0.04467212 0.08147650
v 0.01125550 -0.04435600 0.08164550
v 0.01324850 -0.04456950 0.08056850
v 0.01257200 -0.04405300 0.08126400
v 0.01287622 -0.04202997 0.08155619
v 0.01360850 -0.04420800 0.08053400
v 0.01365825 -0.04358100 0.08075550
v 0.01390475 -0.04325350 0.08061900
v 0.01388850 -0.04298000 0.08072700
v 0.01189438 -0.04124612 0.08211662
v 0.01395975 -0.04223375 0.08082825
v 0.01386400 -0.04251400 0.08084200
v 0.01422950 -0.04118550 0.08083900
v 0.01364175 -0.04058925 0.08150475
v 0.01455462 -0.03827475 0.08132238
v 0.01267235 -0.03655120 0.08270054
v 0.01318300 -0.03946950 0.08198100
v 0.01381500 -0.03669100 0.08228450
v 0.01383100 -0.03867200 0.08182350
v 0.01390050 -0.03918950 0.08166050
v 0.01390400 -0.03788850 0.08196300
v 0.01529366 -0.03844381 0.07963347
v 0.01495275 -0.03604681 0.07910463
v 0.01529950 -0.03730400 0.08049275
v 0.01549562 -0.03637387 0.08045844
v 0.01509913 -0.03395187 0.07985538
v 0.01533600 -0.03652450 0.07965900
v 0.01550669 -0.03564588 0.08025794
v 0.01544550 -0.03434575 0.08032000
v 0.01475925 -0.03602863 0.08176875
v 0.01441806 -0.03606750 0.08207212
v 0.01398300 -0.03755700 0.08199800
v 0.01384400 -0.03675875 0.08225400
v 0.01544656 -0.03528775 0.08110881
v 0.01560250 -0.03449438 0.08096825
v 0.01428350 -0.03465150 0.08252075
v 0.01383825 -0.03304075 0.08295625
v 0.01421625 -0.03487175 0.08250500
v 0.01481500 -0.03400100 0.08229212
v 0.01538625 -0.03425350 0.08159125
v 0.01286238 -0.03066187 0.08333013
v 0.01396500 -0.02774200 0.08337600
v 0.01571600 -0.02474400 0.08068500
v 0.01592750 -0.02106725 0.07801925
v 0.01588588 -0.02012075 0.08118700
v 0.01610925 -0.01498150 0.07923975
v 0.00341675 -0.02656050 0.08355350
v 0.00424950 -0.02425425 0.08361425
v 0.00719250 -0.02622575 0.08360575
v 0.00316150 -0.02097950 0.08362200
v 0.00866694 -0.02384937 0.08358491
v 0.00193100 -0.02121450 0.08357550
v 0.01065700 -0.02923700 0.08353500
v 0.01154787 -0.02712550 0.08352175
v 0.01428300 -0.02599000 0.08342600
v 0.01417700 -0.02565300 0.08344200
v 0.01118500 -0.02062150 0.08352300
v 0.00432200 -0.01757450 0.08365350
v 0.00735469 -0.01751303 0.08360284
v 0.00275000 -0.01408913 0.08357425
v 0.00520162 -0.01429200 0.08360787
v 0.00317975 -0.01320838 0.08359887
v 0.00597688 -0.01247137 0.08362225
v 0.00995869 -0.01332120 0.08352191
v 0.01453250 -0.02342950 0.08340800
v 0.01453900 -0.02321000 0.08340300
v 0.01482900 -0.02227800 0.08331800
v 0.01474650 -0.02146200 0.08334700
v 0.01331333 -0.01912022 0.08344045
v 0.01473300 -0.02098800 0.08334450
v 0.01573831 -0.02076716 0.08202672
v 0.01586975 -0.01826850 0.08183163
v 0.01504206 -0.02025269 0.08321094
v 0.01529787 -0.02122138 0.08298300
v 0.01553316 -0.02131242 0.08258486
v 0.01570169 -0.01639056 0.08252816
v 0.01455700 -0.02013200 0.08338750
v 0.01461550 -0.02044100 0.08337275
v 0.01444200 -0.01956500 0.08338600
v 0.01507581 -0.01902269 0.08321272
v 0.01441850 -0.01626788 0.08337137
v 0.01541406 -0.01881531 0.08289997
v 0.01541556 -0.01671869 0.08296425
v 0.01466950 -0.01815650 0.08336250
v 0.01464450 -0.01727000 0.08335150
v 0.01500612 -0.01709275 0.08325562
v 0.01155429 -0.01560524 0.08347109
v 0.01508300 -0.03303100 0.07976800
v 0.01521200 -0.03199550 0.08036113
v 0.01556900 -0.03334062 0.08089525
v 0.01551991 -0.03243947 0.08137088
v 0.01519000 -0.03189363 0.07987313
v 0.01451600 -0.03324400 0.08264600
v 0.01534531 -0.03208487 0.08204338
v 0.01489663 -0.03149791 0.08265378
v 0.01541309 -0.03018278 0.08141159
v 0.01541681 -0.03084519 0.08200813
v 0.01410250 -0.03043050 0.08315350
v 0.01414400 -0.03143850 0.08304800
v 0.01416700 -0.03143600 0.08304125
v 0.01470744 -0.03029169 0.08294494
v 0.01408825 -0.03000225 0.08319425
v 0.01424050 -0.02856950 0.08327525
v 0.01548175 -0.02750978 0.08181703
v 0.01534209 -0.02935084 0.08230328
v 0.01520563 -0.02876413 0.08264256
v 0.01512325 -0.02787206 0.08284219
v 0.01429000 -0.02839800 0.08327600
v 0.01470313 -0.02759500 0.08320012
v 0.01536587 -0.02704019 0.08254106
v 0.01502513 -0.02621350 0.08311425
v 0.01525944 -0.02526656 0.08288750
v 0.01570025 -0.02323912 0.08170588
v 0.01550506 -0.02440722 0.08235937
v 0.01463100 -0.02602050 0.08335450
v 0.01423000 -0.02582150 0.08343400
v 0.01461700 -0.02414100 0.08338600
v 0.01518275 -0.02355000 0.08306075
v -0.02127384 -0.00872238 0.06133228
v -0.02095400 -0.00580900 0.06047100
v -0.02166200 -0.00873600 0.06339800
v -0.02126008 -0.00690081 0.06180580
v -0.02149488 -0.00694800 0.06313850
v -0.02081119 -0.00259713 0.05964250
v -0.02110775 -0.00516900 0.06141375
v -0.02094600 -0.00417200 0.06055700
v -0.02127975 -0.00484925 0.06221350
v -0.02111200 -0.00246812 0.06157975
v -0.02173400 -0.00902700 0.06399500
v -0.02152975 -0.00673837 0.06496775
v -0.02151300 -0.00590000 0.06346400
v -0.02180947 -0.00716000 0.06762625
v -0.02166713 -0.00591700 0.06708581
v -0.02154894 -0.00530444 0.06548275
v -0.02129400 -0.00421900 0.06350300
v -0.02125200 -0.00262450 0.06247850
v -0.02156450 -0.00321300 0.06706075
v -0.02144100 -0.00269213 0.06591612
v -0.02132425 -0.00235388 0.06430037
v -0.02139700 -0.00139500 0.06586500
v -0.02056675 -0.00053925 0.05832962
v -0.02066650 -0.00127000 0.05961725
v -0.02088250 -0.00054750 0.06104550
v -0.02063853 0.00061816 0.05959397
v -0.02058850 0.00242925 0.05991700
v -0.02040662 0.00230775 0.05869500
v -0.02101709 -0.00090587 0.06193441
v -0.02089400 0.00058100 0.06062600
v -0.02096800 0.00105500 0.06129300
v -0.02112250 0.00076281 0.06389525
v -0.02117900 -0.00025800 0.06472900
v -0.02079600 0.00254075 0.06121100
v -0.02102300 0.00147900 0.06372900
v -0.02094809 0.00365403 0.06423116
v -0.02081300 0.00373700 0.06207400
v -0.02082575 0.00519544 0.06400913
v -0.02080463 0.00634180 0.06394275
v -0.02172394 -0.00472238 0.06762875
v -0.02189300 -0.00492000 0.07105600
v -0.02175750 -0.00322744 0.06907844
v -0.02189053 -0.00599281 0.06973300
v -0.02155200 -0.00115000 0.06714150
v -0.02182375 -0.00383575 0.07039600
v -0.02168975 -0.00144787 0.06889000
v -0.02154400 0.00018500 0.06772300
v -0.02221087 -0.00571638 0.07266775
v -0.02204731 -0.00437156 0.07203331
v -0.02212262 -0.00353344 0.07283769
v -0.02229638 -0.00531425 0.07390600
v -0.02229406 -0.00455969 0.07586875
v -0.02217425 -0.00272562 0.07407212
v -0.02165500 -0.00246300 0.07047600
v -0.02161200 -0.00057975 0.07031100
v -0.02148600 0.00045850 0.06937350
v -0.02167541 -0.00044841 0.07097866
v -0.02182234 0.00092334 0.07199519
v -0.02192105 0.00054291 0.07266727
v -0.02185887 -0.00241119 0.07170456
v -0.02134250 0.00134997 0.06674516
v -0.02106300 0.00302800 0.06538900
v -0.02146256 0.00105716 0.06807912
v -0.02139862 0.00255775 0.06764350
v -0.02122813 0.00373175 0.06733100
v -0.02109788 0.00492175 0.06601300
v -0.02108097 0.00608736 0.06697856
v -0.02076566 0.00728025 0.06425978
v -0.02143556 0.00236269 0.06929925
v -0.02148700 0.00162750 0.07012200
v -0.02120200 0.00454800 0.06835850
v -0.02168000 0.00320675 0.07140050
v -0.02143300 0.00454200 0.07028200
v -0.02158369 0.00513022 0.07117453
v -0.02119200 0.00556100 0.06838900
v -0.02104600 0.00638800 0.06806700
v -0.02100150 0.00838250 0.06798688
v -0.02105250 0.00745950 0.06857250
v -0.02120525 0.00856762 0.06948825
v -0.02146150 0.00852000 0.07115950
v -0.02092163 0.00867006 0.06641081
v -0.02084088 0.01016937 0.06651475
v -0.02108500 0.00972400 0.06921900
v -0.02097475 0.01082500 0.06719450
v -0.02110313 0.01183363 0.06897937
v -0.02234025 -0.00249687 0.07703913
v -0.02256522 -0.00422487 0.07862328
v -0.02249025 -0.00126425 0.07860350
v -0.02191634 0.00371727 0.07400791
v -0.02216412 0.00178134 0.07660112
v -0.02235425 -0.00029275 0.07796400
v -0.02267700 -0.00139200 0.07947200
v -0.02231769 -0.00332781 0.08085806
v -0.02206869 -0.00313547 0.08119106
v -0.02172319 -0.00230322 0.08143444
v -0.02268350 -0.00142800 0.07990250
v -0.02255650 -0.00115700 0.08032700
v -0.02134537 -0.00235656 0.08162044
v -0.02231719 -0.00022237 0.08069344
v -0.02231119 0.00133231 0.07813419
v -0.02250644 0.00119950 0.07939688
v -0.02216725 0.00481713 0.07785956
v -0.02257500 -0.00048800 0.07960300
v -0.02246388 0.00122700 0.08019819
v -0.02201400 0.00088894 0.08104866
v -0.02068612 0.00076800 0.08170031
v -0.02244619 0.00289444 0.07971412
v -0.02242400 0.00367800 0.07909700
v -0.02059028 -0.00286950 0.08181675
v -0.01941261 -0.00110917 0.08225288
v -0.01901247 -0.00247550 0.08238906
v -0.01736825 -0.00252213 0.08259250
v -0.01846169 0.00038669 0.08243038
v -0.01516609 -0.00520853 0.08280163
v -0.01210450 -0.00531275 0.08299700
v -0.01405250 0.00070500 0.08281600
v -0.01646675 0.00273786 0.08259303
v -0.01183825 -0.00062400 0.08295450
v -0.02198650 0.00503600 0.07580725
v -0.02181175 0.00734700 0.07432400
v -0.02201750 0.00681350 0.07707250
v -0.02232362 0.00678100 0.07939025
v -0.02183706 0.01082513 0.07637363
v -0.02205950 0.00870000 0.07782250
v -0.02197150 0.01200025 0.07802200
v -0.02133112 0.00094375 0.08155675
v -0.02168287 0.00262512 0.08128788
v -0.02199547 0.00362606 0.08090647
v -0.02222250 0.00323400 0.08048850
v -0.02018144 0.00275609 0.08181613
v -0.02150638 0.00393103 0.08135691
v -0.02051097 0.00475897 0.08164709
v -0.01909094 0.00218100 0.08227819
v -0.02241488 0.00453963 0.07958150
v -0.02233425 0.00512694 0.08009444
v -0.02204575 0.00596819 0.08069094
v -0.02106838 0.00473325 0.08153825
v -0.01933588 0.00515287 0.08211712
v -0.02222831 0.00674775 0.08025688
v -0.02168878 0.00750769 0.08104434
v -0.02230069 0.00796981 0.07980794
v -0.02104972 0.00796967 0.08147261
v -0.02017400 0.00742775 0.08169825
v -0.02225513 0.00922100 0.07911813
v -0.02223000 0.00888619 0.07996956
v -0.02230900 0.01096850 0.07954300
v -0.02226062 0.01175013 0.07920162
v -0.02220263 0.01041275 0.08004525
v -0.02196725 0.00988138 0.08053200
v -0.02207075 0.01229131 0.08028175
v -0.02171691 0.01051972 0.08087547
v -0.02127800 0.00896044 0.08131906
v -0.02027925 0.00939750 0.08159750
v -0.01888781 0.00571481 0.08224522
v -0.01898178 0.00943688 0.08213634
v -0.02085203 0.01127153 0.08143194
v -0.02126494 0.01271175 0.08118712
v -0.01892603 0.01327181 0.08204941
v -0.01818324 0.01262305 0.08224463
v -0.01822970 0.00657093 0.08235323
v -0.01537100 0.00704300 0.08260950
v -0.01324100 0.00362924 0.08279904
v -0.01225000 0.00727600 0.08278200
v -0.01735881 0.01090388 0.08237459
v -0.01515150 0.01049950 0.08255850
v -0.00911400 0.00574875 0.08294362
v -0.00981850 0.00990175 0.08282675
v -0.00958613 -0.00510475 0.08309475
v -0.00713663 -0.00586900 0.08314912
v -0.00881112 0.00158075 0.08303637
v -0.00521562 -0.00058750 0.08311837
v -0.00239384 -0.00915400 0.08334194
v -0.00329375 -0.00634075 0.08328350
v 0.00052750 -0.01045138 0.08348025
v 0.00229812 -0.00911312 0.08353837
v 0.00087225 -0.00840487 0.08345738
v -0.00108869 -0.00477512 0.08332506
v 0.00119950 -0.00734950 0.08349050
v 0.00303375 -0.00626475 0.08352025
v 0.00145425 -0.00405975 0.08343288
v -0.00151300 -0.00133100 0.08324350
v -0.00408750 0.00182400 0.08313850
v -0.00598500 0.00369550 0.08304200
v -0.00650700 0.00747550 0.08296300
v -0.00308300 0.00347400 0.08313100
v -0.00390688 0.00833700 0.08297062
v -0.00270725 0.00596350 0.08307225
v 0.00099453 -0.00316947 0.08342359
v 0.00307500 -0.00156550 0.08346150
v 0.00155788 -0.00105000 0.08342413
v 0.00221845 0.00079270 0.08342370
v 0.00334350 0.00093650 0.08347350
v -0.00200525 0.00078187 0.08319562
v 0.00018562 0.00078844 0.08333306
v 0.00027564 0.00282203 0.08330234
v -0.00075813 0.00428356 0.08321156
v -0.00104613 0.00509425 0.08320962
v 0.00218325 0.00635800 0.08336200
v 0.00615412 0.00211019 0.08345450
v -0.02126500 0.01003300 0.07037500
v -0.02111800 0.01348400 0.07044500
v -0.02130400 0.01238050 0.07166300
v -0.02159038 0.01285388 0.07442575
v -0.02135087 0.01320500 0.07290425
v -0.02110187 0.01432925 0.06982175
v -0.02116500 0.01414400 0.07195800
v -0.02109806 0.01528637 0.07157194
v -0.02143437 0.01570462 0.07399163
v -0.02174050 0.01545600 0.07727825
v -0.02128838 0.01765650 0.07368794
v -0.02151956 0.02166231 0.07725838
v -0.02194275 0.01534337 0.07850981
v -0.02219425 0.01325225 0.07944825
v -0.02218187 0.01372312 0.07973687
v -0.02160594 0.01301925 0.08087900
v -0.02204775 0.01422888 0.08023400
v -0.02210162 0.01602281 0.07955587
v -0.02201025 0.01571162 0.08015625
v -0.01995300 0.01343200 0.08158500
v -0.02164300 0.01937200 0.07771400
v -0.02181150 0.01783525 0.07826675
v -0.02211900 0.01723200 0.07920700
v -0.02142716 0.01601594 0.08093059
v -0.02092600 0.01442475 0.08134425
v -0.01967947 0.01646502 0.08162853
v -0.02015200 0.01612188 0.08147644
v -0.02081437 0.01698386 0.08130047
v -0.01714964 0.01633339 0.08228852
v -0.01809936 0.01669192 0.08218142
v -0.02215100 0.01744450 0.07964750
v -0.02202200 0.01770100 0.08011100
v -0.02161569 0.01882925 0.08060666
v -0.02197287 0.01897925 0.07916687
v -0.02195975 0.01880088 0.07994337
v -0.02200350 0.02036200 0.07972200
v -0.02116675 0.01957250 0.08101550
v -0.02010000 0.01843300 0.08144100
v -0.02059941 0.01982272 0.08135300
v -0.01868866 0.01677703 0.08204087
v -0.01866012 0.01962334 0.08199631
v -0.01438348 0.01639599 0.08245094
v -0.01552194 0.01335738 0.08247037
v -0.01330166 0.01280356 0.08259878
v -0.00945804 0.01286466 0.08276169
v -0.00976602 0.01636634 0.08265061
v -0.00663625 0.01575063 0.08275837
v -0.01394755 0.01921828 0.08237217
v -0.01232313 0.01763853 0.08249320
v -0.02180350 0.02172075 0.07891425
v -0.02199600 0.02033800 0.07921300
v -0.02185338 0.02151994 0.07958175
v -0.02185550 0.02302250 0.07975350
v -0.02154725 0.02198588 0.08050162
v -0.02112238 0.02220569 0.08096044
v -0.02060794 0.02198694 0.08128331
v -0.01985850 0.02080362 0.08148300
v -0.02118594 0.02393459 0.08084441
v -0.02184275 0.02359975 0.07948288
v -0.02170887 0.02364563 0.08014813
v -0.01946103 0.02307684 0.08154144
v -0.01993794 0.02367059 0.08138384
v -0.02037650 0.02520237 0.08128000
v -0.01838649 0.02337870 0.08193143
v -0.01792319 0.02100825 0.08210225
v -0.01662649 0.02083998 0.08219865
v -0.01768894 0.02399669 0.08203206
v -0.01531813 0.02324206 0.08217906
v -0.02170450 0.02492300 0.07978300
v -0.02159869 0.02516381 0.08015844
v -0.02060463 0.02589325 0.08117125
v -0.02150737 0.02651225 0.08036325
v -0.02122409 0.02642078 0.08071178
v -0.01272009 0.02476919 0.08221453
v -0.01394237 0.02799569 0.08207400
v -0.00943794 0.01953175 0.08253219
v -0.00703225 0.02040144 0.08255413
v -0.01004300 0.02395250 0.08233525
v -0.00664054 0.02434098 0.08240509
v -0.00141203 0.00889484 0.08309256
v -0.00050534 0.00690606 0.08319550
v 0.00024500 0.01086050 0.08315550
v 0.00135300 0.01072825 0.08325712
v 0.00539600 0.00471400 0.08344500
v 0.00547100 0.00658550 0.08340375
v 0.00718031 0.00778131 0.08336812
v 0.00466188 0.01176375 0.08335238
v 0.00654338 0.01211200 0.08333638
v 0.00813400 0.01223300 0.08324000
v 0.00498373 0.01618034 0.08326664
v 0.00669564 0.01816012 0.08323230
v 0.00838352 0.01596689 0.08317988
v -0.00603550 0.01169750 0.08288450
v -0.00284688 0.00972187 0.08300113
v -0.00442600 0.01478388 0.08279600
v -0.00374500 0.01075400 0.08288500
v -0.00321666 0.01383222 0.08285525
v -0.00086350 0.01184513 0.08306022
v 0.00252706 0.01524441 0.08321250
v -0.00349364 0.01809155 0.08271584
v -0.00193146 0.01658467 0.08284652
v 0.00202900 0.01775253 0.08311206
v 0.00009734 0.01957093 0.08288703
v -0.00401378 0.02272003 0.08250128
v -0.00224073 0.02145972 0.08262783
v 0.00276222 0.02145947 0.08305322
v 0.00454232 0.01975459 0.08320347
v 0.00941878 0.01698931 0.08305303
v 0.01607487 -0.01514513 0.08070037
v 0.01633425 -0.00778525 0.07738700
v 0.01631913 -0.00880288 0.07277475
v 0.01647188 0.00220362 0.06722887
v 0.01635400 -0.00668300 0.07533100
v 0.01638975 -0.00278775 0.07282400
v 0.00439906 -0.01097037 0.08360725
v 0.00817031 -0.01051495 0.08355705
v 0.00924732 -0.00876269 0.08351295
v 0.01159281 -0.00711775 0.08339400
v 0.01601819 -0.01548650 0.08140850
v 0.01595831 -0.01487466 0.08189488
v 0.01487200 -0.01600300 0.08330900
v 0.01480050 -0.01581800 0.08332450
v 0.01542613 -0.01409572 0.08300144
v 0.01584953 -0.01226129 0.08244519
v 0.01641762 -0.00594300 0.07924775
v 0.01623058 -0.00919044 0.08149445
v 0.01611644 -0.00999737 0.08192019
v 0.01097850 -0.01087906 0.08346769
v 0.01477550 -0.01245050 0.08327200
v 0.01497350 -0.01328650 0.08325350
v 0.01515600 -0.01403400 0.08319300
v 0.01475950 -0.00842750 0.08321350
v 0.01483463 -0.01243500 0.08326350
v 0.01523262 -0.01226413 0.08314350
v 0.01561075 -0.01113000 0.08286962
v 0.01504000 -0.01056000 0.08322600
v 0.01518100 -0.01090200 0.08317100
v 0.01587913 -0.00968019 0.08255119
v 0.01499550 -0.00950450 0.08320400
v 0.01505500 -0.00928400 0.08319600
v 0.01572675 -0.00867825 0.08281950
v 0.01544150 -0.00857387 0.08305387
v 0.01643781 -0.00548687 0.08078331
v 0.01461600 -0.00700200 0.08320000
v 0.01505250 -0.00533650 0.08313850
v 0.01494200 -0.00557700 0.08315700
v 0.01362944 -0.00354275 0.08319419
v 0.01534347 -0.00625581 0.08309069
v 0.01525400 -0.00361200 0.08307200
v 0.01620069 -0.00660481 0.08209537
v 0.01570034 -0.00628959 0.08290441
v 0.01647812 -0.00382137 0.08144662
v 0.01601859 -0.00591659 0.08254863
v 0.01473025 -0.00835300 0.08321575
v 0.01661712 -0.00153650 0.08094862
v 0.01542300 -0.00394700 0.08304500
v 0.01578856 -0.00330331 0.08285544
v 0.01559000 -0.00244500 0.08296700
v 0.01608363 -0.00331497 0.08256447
v 0.01520200 -0.00090600 0.08302800
v 0.01618591 0.00014600 0.08254988
v 0.01638031 -0.00059200 0.08224819
v 0.01643697 -0.00300309 0.08184966
v 0.01665303 0.00114575 0.08176625
v 0.01643600 0.00166350 0.07034750
v 0.01652650 0.00466142 0.06693581
v 0.01643700 0.00393200 0.06853100
v 0.01647725 0.00644088 0.07118513
v 0.01648006 -0.00018087 0.07521287
v 0.01656172 0.00688264 0.06520339
v 0.01654856 0.00679138 0.06617363
v 0.01646925 0.00642525 0.06771450
v 0.01650000 0.00743253 0.06851325
v 0.01666250 0.00818525 0.06450675
v 0.01669825 0.00912400 0.06410150
v 0.01665200 0.01066975 0.06312325
v 0.01660584 0.01023625 0.06523300
v 0.01649613 0.01028144 0.06669656
v 0.01656425 0.01121300 0.06603275
v 0.01658200 0.00800175 0.06606150
v 0.01649250 0.00889900 0.06618400
v 0.01653675 0.00792275 0.06763412
v 0.01659000 0.00871900 0.06759100
v 0.01648137 0.00661225 0.06955975
v 0.01649275 0.00794906 0.07016438
v 0.01653737 0.01155700 0.06734019
v 0.01646250 0.00861200 0.06850700
v 0.01652267 0.00979384 0.06814248
v 0.01649875 0.01236306 0.06926647
v 0.01649981 0.01028331 0.07034737
v 0.01660150 -0.00078225 0.07899887
v 0.01662894 0.00278250 0.07685678
v 0.01659825 0.00598575 0.07480175
v 0.01684772 0.00443127 0.07946339
v 0.01686444 0.00319447 0.08088631
v 0.01663425 -0.00028981 0.08151250
v 0.01683813 0.00439950 0.08167309
v 0.01655000 0.01030350 0.07213300
v 0.01668900 0.01017125 0.07498675
v 0.01658597 0.01465687 0.07193363
v 0.01679575 0.01274525 0.07580275
v 0.01691856 0.00886481 0.07831331
v 0.01710325 0.01580025 0.07910700
v 0.01712200 0.00790100 0.08076825
v 0.01717075 0.01243050 0.07989625
v 0.01729200 0.01148100 0.08099525
v 0.00497372 -0.00727581 0.08358750
v 0.00417963 -0.00326369 0.08353925
v 0.00834834 -0.00653566 0.08350931
v 0.00657675 -0.00475106 0.08356138
v 0.00636575 -0.00082650 0.08352050
v 0.00755259 -0.00274378 0.08350122
v 0.00916372 -0.00477319 0.08348133
v 0.00932375 -0.00168775 0.08342400
v 0.00766875 0.00149300 0.08343038
v 0.01222799 0.00039395 0.08317166
v 0.00967028 0.00358825 0.08325823
v 0.01591984 0.00061147 0.08276178
v 0.00693575 0.00475000 0.08340738
v 0.01202450 0.00583562 0.08298025
v 0.01411244 0.00472094 0.08283388
v 0.01198137 0.01002938 0.08283413
v 0.01427125 0.00848575 0.08260175
v 0.00835512 0.00690738 0.08330662
v 0.00905500 0.00903200 0.08320100
v 0.01538300 0.00288300 0.08285800
v 0.01556300 0.00042500 0.08290500
v 0.01590244 0.00303319 0.08272969
v 0.01653781 0.00258644 0.08218256
v 0.01645244 0.00386688 0.08233444
v 0.01594500 0.00554025 0.08263600
v 0.01607375 0.00516175 0.08260925
v 0.01602500 0.00492300 0.08263500
v 0.01702500 0.00621300 0.08144150
v 0.01656981 0.00589394 0.08226087
v 0.01689925 0.00668587 0.08186919
v 0.01593450 0.00643250 0.08258850
v 0.01597100 0.00666900 0.08256200
v 0.01646988 0.00776413 0.08229625
v 0.01573100 0.00769000 0.08252000
v 0.01586200 0.00968400 0.08234100
v 0.01585700 0.01105400 0.08226100
v 0.00948400 0.01301300 0.08308500
v 0.01185000 0.01566400 0.08272787
v 0.01595700 0.01376800 0.08211900
v 0.01577300 0.01289400 0.08219000
v 0.01610188 0.01611412 0.08199162
v 0.01310650 0.01763050 0.08248575
v 0.01622000 0.01435800 0.08204100
v 0.01712238 0.00841694 0.08143412
v 0.01695187 0.00861587 0.08187538
v 0.01727563 0.01116438 0.08140338
v 0.01581450 0.00788800 0.08249650
v 0.01589800 0.00808600 0.08247300
v 0.01619913 0.00888650 0.08234800
v 0.01578000 0.00946100 0.08237000
v 0.01694713 0.01009475 0.08187738
v 0.01717487 0.01094863 0.08164113
v 0.01649300 0.01101000 0.08213700
v 0.01713012 0.01231566 0.08171822
v 0.01736775 0.01325300 0.08142450
v 0.01678084 0.01312613 0.08192531
v 0.01611000 0.01181800 0.08218700
v 0.01745662 0.01428125 0.08115475
v 0.01724312 0.01633205 0.07984102
v 0.01727231 0.01477950 0.08159206
v 0.01747706 0.01573619 0.08134513
v 0.01676550 0.01583750 0.08187000
v -0.01949187 0.02682283 0.08143652
v -0.02106175 0.02815363 0.08080425
v -0.02040050 0.02904722 0.08118719
v -0.01928628 0.02962444 0.08139262
v -0.01842869 0.02602231 0.08184509
v -0.01783497 0.02846072 0.08188313
v -0.01704750 0.02872300 0.08194475
v -0.02381037 -0.04029400 0.08030875
v -0.02031247 0.01014206 -0.00901447
v -0.02020737 0.01104131 -0.01106313
v -0.02001292 0.01437815 -0.00977980
v -0.01997503 0.01492070 -0.00704473
v -0.02046025 0.00768509 -0.00812216
v -0.02043884 0.00855075 -0.00530353
v -0.02014442 0.01304252 -0.00565241
v -0.01973066 0.01740412 -0.01185067
v -0.01934450 0.02119600 -0.01470550
v -0.01936888 0.02123125 -0.01278344
v -0.01970144 0.01855494 -0.00970850
v -0.01969209 0.01848984 -0.00761209
v -0.01940850 0.02181025 -0.00932625
v -0.02032308 0.01088545 -0.00208895
v -0.02019769 0.01341709 0.00068395
v -0.02025931 0.01274334 0.00272000
v -0.01999294 0.01592075 -0.00207131
v -0.01998037 0.01682750 0.00186112
v -0.01986884 0.01716928 -0.00460141
v -0.01959125 0.02006812 -0.00628725
v -0.01928722 0.02303759 -0.00684497
v -0.01935450 0.02299831 -0.00462081
v -0.01937200 0.02345800 -0.00255800
v -0.01978050 0.01878600 -0.00262625
v -0.01981519 0.01888313 0.00143144
v -0.01946869 0.02219075 -0.00046431
v -0.01904675 0.02365062 -0.01598250
v -0.01864225 0.02716175 -0.01524600
v -0.01903375 0.02479750 -0.01148288
v -0.01900000 0.02569900 -0.00954088
v -0.01866800 0.02841850 -0.00995550
v -0.01836025 0.03041075 -0.01115600
v -0.01822550 0.02970800 -0.01788400
v -0.01823738 0.03068925 -0.01344600
v -0.01777325 0.03301988 -0.01661319
v -0.01729875 0.03528425 -0.02020500
v -0.01755038 0.03549706 -0.01307406
v -0.01732922 0.03621578 -0.01481097
v -0.01904375 0.02548675 -0.00750650
v -0.01846720 0.03012884 -0.00753072
v -0.01911356 0.02560031 -0.00419469
v -0.01886011 0.02738628 -0.00583073
v -0.01895716 0.02738811 -0.00122973
v -0.01843950 0.03134800 -0.00390850
v -0.01812025 0.03254013 -0.00788462
v -0.01794075 0.03382250 -0.00949625
v -0.01746463 0.03633200 -0.01103538
v -0.01780122 0.03569694 -0.00513459
v -0.01766600 0.03576000 -0.00846100
v -0.01738050 0.03747650 -0.00955600
v -0.01743375 0.03753050 -0.00778200
v -0.01742200 0.03757800 -0.00810900
v -0.01766650 0.03666362 -0.00383822
v -0.01746500 0.03760500 -0.00655400
v -0.01751600 0.03751225 -0.00550100
v -0.01753575 0.03749800 -0.00499725
v -0.02038094 0.01139992 0.00494319
v -0.02032850 0.01322737 0.00644363
v -0.02011147 0.01528531 0.00430606
v -0.02037481 0.01165756 0.00917788
v -0.02024379 0.01412457 0.00787845
v -0.02029525 0.01359319 0.01004275
v -0.02003303 0.01737316 0.00635459
v -0.02014675 0.01553656 0.00943869
v -0.01945808 0.02298752 0.00170059
v -0.01982437 0.01908325 0.00381825
v -0.01948753 0.02341634 0.00423641
v -0.01921133 0.02522983 0.00048945
v -0.01976250 0.02094800 0.00599350
v -0.01989644 0.01915806 0.00916625
v -0.01968150 0.02192263 0.00782813
v -0.01944613 0.02467944 0.00586347
v -0.02032131 0.01496331 0.01261487
v -0.02037569 0.01286300 0.01322769
v -0.02023497 0.01547331 0.01383872
v -0.02016634 0.01686256 0.01097581
v -0.02010400 0.01781075 0.01359275
v -0.01995253 0.02000556 0.01298147
v -0.02034419 0.01350319 0.01607419
v -0.02052800 0.01386000 0.01759800
v -0.02020500 0.01593800 0.01615000
v -0.02020056 0.01719800 0.01656487
v -0.02038275 0.01626800 0.01776550
v -0.01995087 0.02008600 0.01588750
v -0.01970809 0.02186006 0.00976522
v -0.01991506 0.02040594 0.01095312
v -0.01991500 0.02099500 0.01221850
v -0.01938931 0.02526444 0.00897962
v -0.01917984 0.02746942 0.00702936
v -0.01939369 0.02608688 0.01017437
v -0.01962500 0.02417375 0.01093787
v -0.01978038 0.02244762 0.01586750
v -0.01956903 0.02517745 0.01326147
v -0.01955525 0.02540275 0.01582450
v -0.01955644 0.02533944 0.01198187
v -0.01929591 0.02824884 0.01284896
v -0.01862300 0.03027350 -0.00236100
v -0.01885850 0.02901750 0.00160550
v -0.01854300 0.03090400 -0.00017400
v -0.01830000 0.03375388 0.00203469
v -0.01898325 0.02840575 0.00375288
v -0.01902381 0.02866869 0.00535119
v -0.01884050 0.03083100 0.00612150
v -0.01814788 0.03587762 0.00448350
v -0.01791775 0.03564675 -0.00211325
v -0.01742666 0.03856544 -0.00404988
v -0.01761900 0.03740500 -0.00317400
v -0.01761000 0.03767450 -0.00206950
v -0.01761763 0.03769175 -0.00190763
v -0.01748875 0.03905731 -0.00146163
v -0.01797931 0.03598550 0.00095992
v -0.01768700 0.03771300 -0.00040500
v -0.01782100 0.03666500 0.00018025
v -0.01795825 0.03665900 0.00360325
v -0.01768200 0.03823800 0.00154200
v -0.01762138 0.03900656 0.00140831
v -0.01772800 0.03812800 0.00206800
v -0.01902300 0.02889000 0.00879900
v -0.01891213 0.02998688 0.00761400
v -0.01882687 0.03100025 0.00923350
v -0.01858300 0.03293900 0.00675400
v -0.01927100 0.02844162 0.01156019
v -0.01911925 0.02946125 0.01054713
v -0.01902238 0.03102862 0.01173550
v -0.01846131 0.03453487 0.00928144
v -0.01883000 0.03273100 0.01280050
v -0.01879900 0.03353600 0.01192650
v -0.01840225 0.03592550 0.01062825
v -0.01779900 0.03832375 0.00403100
v -0.01774800 0.03841600 0.00326900
v -0.01782600 0.03826100 0.00444600
v -0.01741125 0.04116725 0.00339300
v -0.01771534 0.03957456 0.00503228
v -0.01758900 0.04117413 0.00728112
v -0.01827806 0.03558763 0.00687062
v -0.01810812 0.03687962 0.00781100
v -0.01787350 0.03896888 0.00709963
v -0.01787350 0.03890663 0.00694813
v -0.01793300 0.03927600 0.00897200
v -0.01820875 0.03707350 0.01039488
v -0.01801775 0.03913025 0.01022550
v -0.01771791 0.04126484 0.01063537
v -0.01758673 0.04185698 0.01074641
v -0.01597323 0.04173978 -0.02091486
v -0.01697362 0.03706437 -0.02036300
v -0.01710175 0.03648800 -0.01859225
v -0.01705350 0.03650300 -0.01952450
v -0.01685400 0.03808250 -0.01945944
v -0.01661353 0.03964837 -0.01999087
v -0.01715000 0.03647300 -0.01766000
v -0.01715900 0.03688400 -0.01621600
v -0.01719150 0.03681575 -0.01575625
v -0.01686103 0.03899234 -0.01679309
v -0.01708384 0.03790986 -0.01449139
v -0.01722400 0.03674750 -0.01529650
v -0.01724837 0.03712112 -0.01354162
v -0.01724975 0.03713000 -0.01349375
v -0.01649472 0.04079361 -0.01742925
v -0.01624581 0.04141175 -0.01867838
v -0.01592300 0.04202997 -0.01842003
v -0.01535669 0.04248766 -0.01854441
v -0.01548550 0.04255338 -0.01554225
v -0.01655742 0.04117765 -0.01359570
v -0.01632184 0.04151122 -0.01659684
v -0.01624298 0.04198720 -0.01320456
v -0.01584866 0.04232831 -0.01467944
v -0.01473681 0.04265678 -0.02155878
v -0.01534456 0.04237138 -0.02156963
v -0.01562062 0.04215244 -0.02166425
v -0.01386431 0.04306556 -0.02215816
v -0.01198625 0.04333900 -0.02032700
v -0.01114481 0.04326912 -0.01999125
v -0.01414520 0.04310631 -0.01779603
v -0.01371725 0.04320869 -0.02013519
v -0.01327100 0.04332850 -0.01987950
v -0.01291478 0.04338550 -0.01792091
v -0.01086437 0.04320625 -0.02166613
v -0.00879100 0.04319200 -0.02122600
v -0.00862900 0.04315253 -0.02072816
v -0.00667450 0.04309250 -0.02068887
v -0.00726800 0.04315625 -0.01986975
v -0.01021925 0.04330875 -0.01965113
v -0.00909950 0.04325700 -0.01911750
v -0.00945556 0.04336806 -0.01828525
v -0.01361419 0.04337647 -0.01500622
v -0.01176931 0.04338769 -0.01660919
v -0.01109700 0.04335900 -0.01833350
v -0.01047331 0.04341906 -0.01526244
v -0.01331762 0.04342119 -0.01510281
v -0.01161583 0.04348298 -0.01313362
v -0.01262500 0.04353800 -0.01311400
v -0.00908462 0.04340363 -0.01555906
v -0.00994947 0.04346287 -0.01467525
v -0.00607100 0.04329950 -0.01874850
v -0.00737187 0.04335925 -0.01772722
v -0.00520456 0.04310400 -0.02023866
v -0.00352500 0.04308000 -0.02082225
v -0.00319900 0.04307638 -0.02033975
v -0.00559963 0.04320481 -0.01956331
v -0.00334750 0.04320500 -0.01958250
v -0.00351369 0.04325244 -0.01874463
v -0.00294250 0.04337375 -0.01737475
v -0.00222500 0.04322500 -0.01983400
v -0.00131500 0.04309150 -0.02021450
v -0.00011575 0.04317075 -0.01907575
v 0.00005962 0.04315719 -0.01958794
v 0.00004150 0.04326950 -0.01818500
v -0.00035669 0.04334019 -0.01679438
v -0.00424900 0.04342650 -0.01553450
v -0.00670575 0.04342525 -0.01380475
v -0.00054325 0.04338719 -0.01207419
v -0.01727800 0.03741500 -0.01203150
v -0.01696400 0.03907500 -0.01444400
v -0.01710094 0.03900962 -0.01104581
v -0.01734925 0.03741825 -0.01025300
v -0.01683166 0.04100058 -0.00894244
v -0.01470700 0.04312100 -0.01166400
v -0.01660464 0.04154750 -0.01058655
v -0.01603300 0.04240613 -0.01095375
v -0.01570400 0.04264000 -0.01094725
v -0.01449933 0.04326631 -0.00989602
v -0.01371188 0.04346094 -0.01104619
v -0.01716100 0.03963800 -0.00776800
v -0.01635313 0.04220625 -0.00905556
v -0.01672909 0.04170234 -0.00690872
v -0.01577500 0.04271875 -0.00865850
v -0.01432944 0.04341600 -0.00777908
v -0.01235156 0.04353950 -0.01073450
v -0.01288500 0.04361300 -0.00873250
v -0.01659119 0.04211694 -0.00568950
v -0.01635250 0.04242423 -0.00562097
v -0.01595113 0.04275672 -0.00547584
v -0.01379150 0.04357150 -0.00686175
v -0.01137938 0.04351138 -0.00986650
v -0.01127291 0.04357578 -0.00701894
v -0.01022153 0.04350950 -0.01191841
v -0.00925806 0.04349206 -0.01144306
v -0.01060775 0.04352350 -0.00974525
v -0.01003062 0.04357162 -0.00951925
v -0.00526979 0.04347535 -0.01061334
v -0.00186213 0.04342087 -0.00901463
v -0.00548850 0.04349706 -0.00819737
v -0.00149202 0.04343058 -0.00783861
v -0.00932100 0.04350300 -0.00898300
v -0.00815953 0.04351720 -0.00842127
v -0.01029281 0.04362731 -0.00384569
v -0.00636750 0.04353641 -0.00571875
v -0.00259975 0.04347025 -0.00555450
v -0.00227756 0.04345481 -0.00208681
v 0.00176200 0.04312850 -0.01886075
v 0.00297650 0.04314775 -0.01854900
v 0.00473062 0.04314888 -0.01757863
v 0.00104850 0.04331625 -0.01548925
v 0.00711800 0.04305569 -0.01698525
v 0.00481881 0.04319581 -0.01443125
v 0.00638850 0.04310013 -0.01573200
v 0.00801917 0.04303393 -0.01407002
v 0.00261050 0.04326325 -0.01320225
v 0.00381000 0.04325100 -0.01178400
v 0.00605500 0.04318350 -0.01078250
v 0.00872250 0.04300525 -0.01682425
v 0.01180400 0.04283700 -0.01418700
v 0.01031428 0.04292616 -0.01123034
v 0.00713025 0.04311525 -0.00988325
v 0.00966925 0.04294775 -0.00968588
v 0.01259000 0.04278500 -0.01076400
v 0.01484925 0.04262950 -0.01371475
v 0.01390825 0.04269953 -0.00932006
v 0.00918500 0.04299956 -0.00837888
v -0.00131400 0.04337300 -0.00964600
v 0.00128506 0.04335144 -0.00938094
v 0.00070506 0.04336425 -0.00642125
v 0.00312919 0.04327669 -0.00952319
v 0.00418270 0.04323414 -0.00763102
v 0.00102981 0.04335993 -0.00337620
v 0.00424150 0.04323900 -0.00348700
v 0.00687416 0.04310356 -0.00756966
v 0.00779266 0.04303397 -0.00651141
v 0.00845269 0.04300284 -0.00466909
v 0.01068500 0.04288131 -0.00700397
v 0.01280181 0.04277278 -0.00744772
v 0.01113750 0.04285400 -0.00540650
v 0.01310294 0.04276431 -0.00580613
v 0.01181505 0.04282861 -0.00342266
v 0.00590050 0.04311450 -0.00167350
v 0.00914800 0.04300475 -0.00290450
v 0.00715269 0.04307419 -0.00037106
v 0.01079331 0.04289119 -0.00119766
v 0.01381350 0.04266150 -0.01526300
v 0.01554575 0.04254175 -0.01493825
v -0.01719377 0.04021853 -0.00429167
v -0.01700553 0.04115844 -0.00452778
v -0.01690928 0.04190353 -0.00216641
v -0.01641431 0.04257250 -0.00220500
v -0.01460837 0.04345750 -0.00369356
v -0.01418603 0.04354600 -0.00488381
v -0.01375108 0.04362886 -0.00369353
v -0.01254043 0.04362518 -0.00465793
v -0.01587062 0.04295150 -0.00212675
v -0.01512512 0.04335606 -0.00096463
v -0.01726300 0.04083097 -0.00066703
v -0.01715825 0.04152087 -0.00001088
v -0.01675119 0.04219444 -0.00212981
v -0.01650381 0.04268025 0.00051978
v -0.01698558 0.04213869 0.00110888
v -0.01622344 0.04297081 0.00232994
v -0.01439425 0.04368500 0.00118000
v -0.01384381 0.04373653 -0.00055303
v -0.00956622 0.04358377 -0.00332022
v -0.01180816 0.04363544 -0.00154062
v -0.01071163 0.04366988 -0.00176225
v -0.00655631 0.04359103 -0.00170881
v -0.01297656 0.04370275 -0.00056138
v -0.01047500 0.04367350 0.00007050
v -0.01503903 0.04356759 0.00403597
v -0.01224897 0.04371531 0.00204266
v -0.01383550 0.04380706 0.00413309
v -0.01054400 0.04374700 0.00219300
v -0.00896108 0.04361158 -0.00032065
v -0.00755038 0.04365913 0.00167494
v -0.00520209 0.04359753 0.00106319
v -0.01009037 0.04367125 0.00285944
v -0.01729483 0.04187987 0.00486497
v -0.01670037 0.04267438 0.00300013
v -0.01696919 0.04241306 0.00368759
v -0.01650266 0.04296525 0.00613950
v -0.01699694 0.04259709 0.00701709
v -0.01438781 0.04376463 0.00454653
v -0.01115462 0.04373106 0.00370703
v -0.01222475 0.04376050 0.00545525
v -0.00900400 0.04368863 0.00551841
v -0.00618744 0.04365459 0.00344650
v -0.01081775 0.04377612 0.00667406
v -0.00857150 0.04368725 0.00687600
v -0.01726506 0.04223906 0.00742172
v -0.01487059 0.04378069 0.00809839
v -0.01446494 0.04384956 0.00808906
v -0.01285625 0.04381988 0.00781225
v -0.01649428 0.04313984 0.00993275
v -0.01737444 0.04246547 0.01192884
v -0.01536450 0.04364200 0.00900100
v -0.01361861 0.04390461 0.00995398
v -0.01226300 0.04374700 0.00755400
v -0.01027988 0.04375778 0.00849006
v -0.00914375 0.04375375 0.00799275
v -0.01010200 0.04379747 0.01020644
v -0.00333301 0.04358105 0.00523191
v 0.00372841 0.04326027 -0.00024622
v 0.00127400 0.04339600 0.00169300
v 0.00078863 0.04340713 0.00341425
v -0.00028653 0.04347716 0.00563875
v 0.00465800 0.04324900 0.00210800
v 0.00880300 0.04299250 0.00106562
v 0.00698919 0.04312072 0.00299941
v 0.00836225 0.04306150 0.00344163
v 0.00975834 0.04292047 -0.00008706
v 0.00378897 0.04324397 0.00285287
v 0.00637297 0.04314066 0.00477159
v 0.00191985 0.04339297 0.00586822
v 0.00468117 0.04325569 0.00545325
v 0.01017350 0.04292875 0.00321000
v 0.00627400 0.04321200 0.00701900
v -0.00630675 0.04366537 0.00622137
v -0.00422150 0.04365400 0.00671100
v -0.00508094 0.04364969 0.00795456
v -0.00182150 0.04352475 0.00677275
v -0.00229888 0.04359713 0.00783312
v -0.00777237 0.04374433 0.00966736
v -0.00661638 0.04374862 0.00960837
v -0.00441644 0.04368616 0.00973756
v -0.00732012 0.04376112 0.01129950
v -0.00379697 0.04365425 0.01055038
v -0.00240700 0.04357287 0.00878144
v 0.00027245 0.04348884 0.00834889
v -0.00045488 0.04354725 0.01006444
v -0.00315500 0.04369500 0.01183100
v -0.00382887 0.04372963 0.01319025
v -0.00066987 0.04354781 0.01082700
v 0.00272422 0.04342606 0.00992487
v 0.00202787 0.04344200 0.01072475
v -0.00050475 0.04362650 0.01322937
v 0.00240419 0.04348825 0.01322719
v 0.00415675 0.04332400 0.01078900
v 0.00558955 0.04330458 0.01221171
v 0.00558873 0.04331105 0.01399198
v 0.00216119 0.04341878 0.00706713
v 0.00403784 0.04332816 0.00790656
v 0.00264925 0.04336850 0.00866525
v 0.00701619 0.04316606 0.00862947
v 0.00915559 0.04304567 0.00748342
v 0.00597522 0.04327386 0.01037241
v -0.02025642 0.01533725 0.01910670
v -0.02028300 0.01806950 0.01772900
v -0.02009775 0.01819231 0.01896356
v -0.02003025 0.02170750 0.01732800
v -0.02001262 0.01998675 0.01875669
v -0.01996569 0.01776088 0.02069000
v -0.01981288 0.02093225 0.02105931
v -0.01987038 0.02295919 0.01686056
v -0.01996253 0.02194462 0.01822316
v -0.01961219 0.02342031 0.02082078
v -0.01986825 0.02412175 0.01752812
v -0.01971206 0.02438300 0.01871934
v -0.01965169 0.02598794 0.01682487
v -0.01930775 0.02823819 0.01563744
v -0.01963972 0.02669347 0.01775369
v -0.01970213 0.02298981 0.02234225
v -0.01933638 0.02697400 0.02130337
v -0.01954723 0.02611503 0.02286152
v -0.01979394 0.02365744 0.02362681
v -0.01940108 0.02790553 0.01903764
v -0.01922556 0.02850541 0.02072669
v -0.01966044 0.02547044 0.02446338
v -0.01935744 0.02888416 0.02297187
v -0.01947869 0.02813131 0.02408119
v -0.01908987 0.03047962 0.02186506
v -0.01929187 0.03118588 0.02645959
v -0.01928444 0.03057300 0.02444813
v -0.01936181 0.02988241 0.02815181
v -0.02033250 0.01381850 0.02344950
v -0.02007202 0.01641181 0.02247856
v -0.02019950 0.01663669 0.02362062
v -0.02026087 0.01559687 0.02483363
v -0.02015187 0.01727813 0.02502538
v -0.01989537 0.02027200 0.02273650
v -0.01999825 0.02009237 0.02345812
v -0.02004062 0.01942319 0.02500144
v -0.02009038 0.01862013 0.02630675
v -0.02003581 0.01845856 0.02835131
v -0.01977375 0.02399644 0.02671709
v -0.01981500 0.02265750 0.02862650
v -0.01995213 0.01996625 0.03085875
v -0.01968750 0.02539625 0.03076200
v -0.01959719 0.02609925 0.03305006
v -0.01957194 0.02698708 0.02853856
v -0.01939669 0.03010781 0.03061313
v -0.01868000 0.03472350 0.01536800
v -0.01901750 0.03121675 0.01559250
v -0.01951000 0.02835175 0.01723275
v -0.01924734 0.03137256 0.01751788
v -0.01860028 0.03479200 0.01329788
v -0.01886400 0.03284500 0.01578250
v -0.01927656 0.03027606 0.01810600
v -0.01916212 0.03009100 0.01993088
v -0.01906725 0.03317913 0.01750938
v -0.01885641 0.03323670 0.01978105
v -0.01880627 0.03305608 0.02093733
v -0.01885709 0.03446869 0.01646750
v -0.01838175 0.03736162 0.01564462
v -0.01877850 0.03576700 0.01747300
v -0.01897237 0.03434213 0.01735512
v -0.01878725 0.03495850 0.01836625
v -0.01845100 0.03636000 0.01191500
v -0.01824975 0.03765400 0.01219756
v -0.01804575 0.03918325 0.01141800
v -0.01805200 0.03990800 0.01473600
v -0.01805500 0.03921600 0.01208900
v -0.01788044 0.04100781 0.01322694
v -0.01789350 0.04162475 0.01591525
v -0.01774884 0.04211975 0.01559894
v -0.01811125 0.03995300 0.01586075
v -0.01846088 0.03868375 0.01708663
v -0.01823200 0.03969300 0.01888100
v -0.01825350 0.03992700 0.01694700
v -0.01824200 0.03976700 0.01665500
v -0.01826500 0.04008700 0.01723900
v -0.01804700 0.03998700 0.01487100
v -0.01709131 0.04277828 0.01158162
v -0.01732419 0.04283381 0.01631375
v -0.01695575 0.04300031 0.01335738
v -0.01805425 0.04156444 0.01732838
v -0.01770038 0.04237556 0.01697644
v -0.01930256 0.03039431 0.02360094
v -0.01862437 0.03518837 0.02122888
v -0.01900194 0.03370044 0.02349894
v -0.01882706 0.03461442 0.02269058
v -0.01837747 0.03740700 0.02083769
v -0.01865013 0.03734813 0.02342962
v -0.01853386 0.03731448 0.02235823
v -0.01914925 0.03286025 0.02823025
v -0.01900000 0.03467850 0.02668087
v -0.01893263 0.03573688 0.02859019
v -0.01858350 0.03888206 0.02667294
v -0.01809875 0.03987150 0.02044000
v -0.01810850 0.03992950 0.02131950
v -0.01825012 0.04017988 0.02276125
v -0.01813875 0.04002075 0.02175200
v -0.01792728 0.04170028 0.02089666
v -0.01804150 0.04073325 0.02149475
v -0.01799050 0.04154537 0.01905975
v -0.01789487 0.04196413 0.01905372
v -0.01758638 0.04252837 0.02044687
v -0.01723050 0.04299850 0.01912325
v -0.01673837 0.04331812 0.01685625
v -0.01586356 0.04386163 0.01913300
v -0.01667938 0.04343788 0.01936462
v -0.01779519 0.04252972 0.02185219
v -0.01650900 0.04361950 0.02142050
v -0.01714413 0.04311113 0.02079763
v -0.01698938 0.04337863 0.02203319
v -0.01532694 0.04408663 0.02121838
v -0.01838800 0.03998800 0.02367000
v -0.01820316 0.04126506 0.02272556
v -0.01823163 0.04176794 0.02487831
v -0.01845087 0.04053100 0.02682400
v -0.01845425 0.04050062 0.02689575
v -0.01804450 0.04216681 0.02288131
v -0.01754700 0.04297800 0.02222100
v -0.01778462 0.04279494 0.02357219
v -0.01552100 0.04414300 0.02332450
v -0.01465800 0.04420675 0.02278450
v -0.01534856 0.04420456 0.02519800
v -0.01792831 0.04273434 0.02549575
v -0.01735013 0.04328256 0.02492181
v -0.01816925 0.04242297 0.02717228
v -0.01628600 0.04391325 0.02548250
v -0.01568788 0.04421012 0.02689200
v -0.01340087 0.04413137 0.02298525
v -0.01306300 0.04413000 0.02531500
v -0.01504250 0.04429600 0.02739300
v -0.01325450 0.04418938 0.02722947
v -0.01201612 0.04415425 0.02653500
v -0.01977763 0.02212375 0.03436075
v -0.01973300 0.02151000 0.03643625
v -0.01937409 0.03048094 0.03364994
v -0.01943512 0.02922963 0.03539375
v -0.01938837 0.02882500 0.03905350
v -0.01910750 0.03520062 0.03647363
v -0.01912323 0.03469971 0.03892844
v -0.01929216 0.02769031 0.04498731
v -0.01921700 0.02589400 0.05085200
v -0.01910156 0.03399431 0.04245916
v -0.01901591 0.03349972 0.04829694
v -0.01905131 0.03070337 0.05118528
v -0.01911900 0.03409700 0.03059250
v -0.01884424 0.03800561 0.03210509
v -0.01865072 0.04014500 0.03181533
v -0.01834553 0.04175919 0.02775587
v -0.01860250 0.04082550 0.03085650
v -0.01857100 0.04184300 0.03309900
v -0.01831728 0.04249725 0.03087331
v -0.01808437 0.04276775 0.02843900
v -0.01768600 0.04311325 0.02675025
v -0.01755800 0.04336100 0.02841100
v -0.01794531 0.04306753 0.02991331
v -0.01751675 0.04341863 0.02966150
v -0.01636100 0.04401400 0.02981700
v -0.01865787 0.04076000 0.03236250
v -0.01864375 0.04074425 0.03199150
v -0.01778575 0.04337072 0.03238653
v -0.01815770 0.04302588 0.03320431
v -0.01870862 0.04114737 0.03550313
v -0.01726872 0.04364406 0.03184728
v -0.01844506 0.04275850 0.03554694
v -0.01900581 0.03651097 0.03415013
v -0.01882500 0.03962003 0.03619159
v -0.01197375 0.04419175 0.02818450
v -0.01224512 0.04421406 0.03061487
v -0.01552169 0.04429681 0.02971438
v -0.01352341 0.04425675 0.02969891
v -0.01017469 0.04405406 0.02719806
v -0.01107175 0.04415631 0.02983831
v -0.00913669 0.04407967 0.02958572
v -0.01152700 0.04415300 0.03158250
v -0.01025319 0.04417416 0.03167872
v -0.00927537 0.04411725 0.03161538
v -0.00840987 0.04414298 0.03290938
v -0.01869300 0.04112600 0.03493600
v -0.01595575 0.04425175 0.03099381
v -0.01561375 0.04436450 0.03154925
v -0.01485787 0.04438206 0.03212325
v -0.01336812 0.04422850 0.03137938
v -0.01652781 0.04413397 0.03466309
v -0.01574894 0.04432131 0.03347206
v -0.01380855 0.04432147 0.03345384
v -0.01497400 0.04442450 0.03550887
v -0.01204800 0.04429400 0.03311200
v -0.01092769 0.04420400 0.03374438
v -0.00945188 0.04418025 0.03433150
v -0.01256588 0.04430430 0.03450495
v -0.01116000 0.04428925 0.03506475
v -0.00792450 0.04402825 0.03072400
v -0.00737478 0.04409416 0.03339934
v -0.00639206 0.04404547 0.03227756
v -0.00939775 0.04421888 0.03570537
v -0.00538306 0.04411838 0.03518281
v -0.00627694 0.04412250 0.03671594
v -0.00328822 0.04401278 0.03652622
v -0.00611175 0.04419844 0.03760069
v -0.01891234 0.03878459 0.03850359
v -0.01889900 0.03915871 0.04058295
v -0.01873800 0.04114750 0.03673450
v -0.01878500 0.04096000 0.03830100
v -0.01886806 0.03984313 0.04256381
v -0.01895020 0.03661890 0.04526434
v -0.01867722 0.04216848 0.03874380
v -0.01879100 0.04137200 0.04032400
v -0.01880100 0.04128700 0.04055800
v -0.01880500 0.04143350 0.04227250
v -0.01880500 0.04133100 0.04199100
v -0.01873319 0.04227481 0.04264738
v -0.01859588 0.04221731 0.03603200
v -0.01769363 0.04359937 0.03544625
v -0.01833269 0.04306831 0.03641144
v -0.01809828 0.04343266 0.03717353
v -0.01856600 0.04287450 0.03992350
v -0.01774625 0.04368300 0.03713450
v -0.01666638 0.04426931 0.03718819
v -0.01637375 0.04449175 0.03842400
v -0.01548962 0.04444800 0.03625487
v -0.01260234 0.04433662 0.03635606
v -0.01585500 0.04448713 0.03681794
v -0.01452325 0.04444875 0.03684675
v -0.01526550 0.04461600 0.03779200
v -0.01594875 0.04460187 0.03841463
v -0.00928838 0.04427994 0.03705809
v -0.01103950 0.04436050 0.03729100
v -0.01361675 0.04447962 0.03714537
v -0.01461200 0.04454375 0.03859650
v -0.01336150 0.04457000 0.03833100
v -0.01183100 0.04451500 0.03833400
v -0.01118138 0.04447394 0.03861075
v -0.01210625 0.04441409 0.03919403
v -0.01839353 0.04324212 0.04001925
v -0.01788731 0.04377219 0.03981550
v -0.01816269 0.04359131 0.04078081
v -0.01732500 0.04403400 0.03953800
v -0.01685775 0.04417306 0.04053237
v -0.01510263 0.04458288 0.03940719
v -0.01586563 0.04445400 0.04026512
v -0.01855659 0.04302413 0.04281881
v -0.01774900 0.04398987 0.04230825
v -0.01594438 0.04446494 0.04178350
v -0.01510975 0.04456125 0.04081300
v -0.01462709 0.04455878 0.04194766
v -0.01437850 0.04448250 0.04045187
v -0.01377584 0.04449562 0.04174612
v -0.01154206 0.04440375 0.04336850
v -0.01251600 0.04441700 0.04047900
v -0.01087763 0.04432275 0.04087688
v -0.01124022 0.04435953 0.04230509
v -0.00887875 0.04433112 0.03782113
v -0.00894406 0.04429200 0.03917619
v -0.00915100 0.04442800 0.03839850
v -0.00862912 0.04425725 0.04060912
v -0.00723875 0.04429950 0.03870525
v -0.00611512 0.04419200 0.03903906
v -0.00687113 0.04419287 0.04099287
v -0.00458400 0.04418500 0.03873800
v -0.00134169 0.04399330 0.03794061
v -0.00244625 0.04407275 0.03886800
v -0.00458350 0.04410369 0.03968947
v -0.00173275 0.04398500 0.03963763
v -0.00486619 0.04412937 0.04168650
v -0.00962850 0.04430525 0.04125863
v -0.00900056 0.04424862 0.04232225
v -0.00660950 0.04420656 0.04268631
v -0.00865775 0.04428538 0.04364350
v -0.00405670 0.04407839 0.04305520
v -0.00582175 0.04418688 0.04397087
v -0.00903400 0.04436888 0.04420050
v -0.01618608 0.04344353 0.01319992
v -0.01476978 0.04391309 0.01173656
v -0.01518630 0.04388117 0.01405325
v -0.01241381 0.04388562 0.01158994
v -0.01407650 0.04398088 0.01327488
v -0.01122569 0.04389812 0.01183813
v -0.01252612 0.04393469 0.01449919
v -0.01109969 0.04392262 0.01323044
v -0.01565712 0.04376388 0.01582975
v -0.01482287 0.04399050 0.01542938
v -0.01289125 0.04400875 0.01590900
v -0.01120300 0.04398025 0.01531225
v -0.01452450 0.04401800 0.01602675
v -0.01600600 0.04378300 0.01720300
v -0.01529462 0.04405903 0.01896603
v -0.01402200 0.04407550 0.01786144
v -0.01481400 0.04411000 0.01880400
v -0.01298338 0.04398887 0.01710537
v -0.01199350 0.04401937 0.01732513
v -0.01178000 0.04387600 0.01863200
v -0.01248481 0.04394825 0.01959188
v -0.01339750 0.04407675 0.02040075
v -0.01456800 0.04415550 0.02029600
v -0.01032434 0.04386475 0.01374172
v -0.00798491 0.04380819 0.01362297
v -0.01016000 0.04387300 0.01522700
v -0.00664150 0.04380025 0.01540625
v -0.00390600 0.04372075 0.01544075
v -0.00166397 0.04365878 0.01523150
v -0.00967369 0.04394103 0.01633844
v -0.01145325 0.04401287 0.01645519
v -0.01121950 0.04395900 0.01731250
v -0.00830059 0.04385941 0.01554013
v -0.00830850 0.04394550 0.01616500
v -0.00683500 0.04387312 0.01647175
v -0.00767900 0.04388200 0.01671900
v -0.01011350 0.04401225 0.01793700
v -0.00841900 0.04402900 0.01761200
v -0.00939350 0.04388000 0.01926750
v -0.00630300 0.04393100 0.01767700
v -0.00516750 0.04384675 0.01620250
v -0.00498100 0.04379888 0.01761550
v -0.00795781 0.04383537 0.01951175
v -0.00657413 0.04387225 0.01948375
v -0.00601950 0.04394000 0.01996200
v -0.00444100 0.04376750 0.01931150
v -0.00484287 0.04383175 0.02031606
v -0.00204572 0.04374781 0.01641244
v -0.00261169 0.04375969 0.01739406
v 0.00168263 0.04350013 0.01488800
v 0.00176738 0.04356653 0.01631356
v -0.00124353 0.04367759 0.01742063
v 0.00063800 0.04363125 0.01749119
v 0.00418659 0.04344834 0.01629377
v 0.00268088 0.04349738 0.01753506
v 0.00450800 0.04335500 0.01758250
v 0.00452400 0.04345800 0.01858400
v -0.00149212 0.04369625 0.01957462
v -0.00234300 0.04374950 0.02021900
v -0.00043750 0.04370250 0.01831400
v 0.00016100 0.04360900 0.01996100
v -0.00139294 0.04367694 0.02088806
v 0.00166537 0.04360350 0.01901444
v 0.00191600 0.04363500 0.01832500
v 0.00326900 0.04345787 0.01897087
v 0.00165600 0.04368100 0.02032200
v -0.00028600 0.04357300 0.02158200
v 0.00103213 0.04356875 0.02133425
v 0.00287600 0.04357500 0.02033300
v 0.00321031 0.04350794 0.02113450
v 0.00205325 0.04346700 0.02169200
v 0.00265862 0.04351919 0.02219794
v -0.01096037 0.04392081 0.01902169
v -0.01177925 0.04395475 0.02063000
v -0.00908800 0.04383900 0.02118300
v -0.00848900 0.04381400 0.02000125
v -0.01163331 0.04406319 0.02190606
v -0.01090888 0.04399225 0.02173650
v -0.00825044 0.04391113 0.02212406
v -0.00727138 0.04380487 0.02128925
v -0.00542978 0.04380787 0.02124462
v -0.00616325 0.04388238 0.02295694
v -0.00978919 0.04401600 0.02508591
v -0.01160819 0.04412694 0.02468281
v -0.00790169 0.04399420 0.02735848
v -0.00541488 0.04389227 0.02567406
v -0.00331438 0.04370388 0.02136750
v -0.00386600 0.04378359 0.02209284
v -0.00173625 0.04372812 0.02263350
v -0.00253530 0.04379774 0.02560077
v 0.00206780 0.04358633 0.02452325
v -0.00550242 0.04391094 0.02809745
v -0.00088100 0.04373594 0.02784662
v -0.00180453 0.04385250 0.03066472
v -0.00028525 0.04375450 0.02939300
v -0.00638256 0.04400225 0.02980131
v -0.00423067 0.04394277 0.03004494
v -0.00511891 0.04398219 0.03254269
v -0.00339116 0.04394541 0.03242566
v -0.00105200 0.04376500 0.03119800
v -0.00157000 0.04391500 0.03317900
v -0.00011400 0.04375463 0.03233700
v 0.00039663 0.04380162 0.03400506
v -0.00417175 0.04397700 0.03422175
v -0.00233450 0.04393650 0.03406250
v -0.00059663 0.04392262 0.03545512
v -0.01911284 0.02799709 0.05564791
v -0.01915250 0.02734700 0.05733975
v -0.01897248 0.03151370 0.05547906
v -0.01886272 0.03548609 0.05280378
v -0.01918975 0.02762775 0.05837825
v -0.01951850 0.02624737 0.06090625
v -0.01909375 0.02975400 0.05831025
v -0.01932400 0.02878325 0.06006250
v -0.01998169 0.02820947 0.06561831
v -0.01961144 0.02922119 0.06279650
v -0.01906172 0.03225600 0.05922075
v -0.01879362 0.03587276 0.05634912
v -0.01868421 0.03912408 0.05530294
v -0.01882425 0.03519800 0.05820300
v -0.01892813 0.03280062 0.05797650
v -0.01937000 0.03354950 0.06220500
v -0.01913500 0.03652781 0.06111075
v -0.01876700 0.03818800 0.05908400
v -0.01872573 0.03759681 0.05807950
v -0.01907675 0.04071200 0.06139087
v -0.01883450 0.04045350 0.04535338
v -0.01878442 0.03875669 0.05060645
v -0.01877725 0.04021950 0.04892625
v -0.01857809 0.04295406 0.04482472
v -0.01875100 0.04211000 0.04495800
v -0.01875600 0.04195500 0.04678550
v -0.01856694 0.04315438 0.04778025
v -0.01877000 0.04106100 0.04950800
v -0.01832450 0.04389348 0.04953814
v -0.01868800 0.04233519 0.05169450
v -0.01852514 0.04345923 0.05160839
v -0.01794897 0.04387681 0.04338169
v -0.01830000 0.04359550 0.04520800
v -0.01737244 0.04435681 0.04487594
v -0.01671800 0.04446050 0.04301450
v -0.01786275 0.04410987 0.04581869
v -0.01594788 0.04459416 0.04314131
v -0.01513200 0.04468300 0.04360900
v -0.01695450 0.04451650 0.04440100
v -0.01621825 0.04474387 0.04559875
v -0.01326788 0.04450525 0.04340025
v -0.01540050 0.04482962 0.04612238
v -0.01305913 0.04464000 0.04523138
v -0.01504600 0.04487400 0.04837900
v -0.01321478 0.04471516 0.04721238
v -0.01812800 0.04402562 0.04775350
v -0.01656599 0.04491540 0.04947011
v -0.01761200 0.04451100 0.04851800
v -0.01725513 0.04475519 0.04979144
v -0.01560875 0.04504938 0.05017613
v -0.01802584 0.04436044 0.05099834
v -0.01305094 0.04488238 0.05053131
v -0.00979408 0.04459831 0.04849077
v -0.00714092 0.04435542 0.04624134
v -0.00651769 0.04442012 0.04893137
v -0.01500625 0.04503250 0.05130175
v -0.01015138 0.04474438 0.05153325
v -0.00718350 0.04452631 0.05092219
v -0.01866650 0.04089650 0.05418281
v -0.01872600 0.04155100 0.05190200
v -0.01873138 0.04156788 0.05240100
v -0.01858100 0.04326300 0.05462225
v -0.01868525 0.04203856 0.05488550
v -0.01870700 0.04185800 0.05428550
v -0.01863825 0.04246125 0.05657325
v -0.01827966 0.04419128 0.05409331
v -0.01772831 0.04466181 0.05211662
v -0.01779519 0.04475644 0.05538225
v -0.01807881 0.04450231 0.05591963
v -0.01743350 0.04500150 0.05502431
v -0.01860025 0.04039125 0.05736850
v -0.01862800 0.04260900 0.05717100
v -0.01837691 0.04401302 0.05733005
v -0.01698025 0.04521438 0.05638187
v -0.01747125 0.04501700 0.05711050
v -0.01864225 0.04252800 0.05837225
v -0.01856005 0.04335533 0.05848092
v -0.01807500 0.04446100 0.05876525
v -0.01873800 0.04067550 0.05932856
v -0.01870388 0.04261962 0.05938163
v -0.01650894 0.04534819 0.05892269
v -0.01759062 0.04493069 0.05908044
v -0.01571087 0.04547775 0.05774088
v -0.01732800 0.04497075 0.05326325
v -0.01692650 0.04515350 0.05406600
v -0.01621450 0.04523181 0.05377469
v -0.01546100 0.04521400 0.05421400
v -0.01494312 0.04531281 0.05582256
v -0.01287775 0.04521692 0.05684872
v -0.00775387 0.04467731 0.05415169
v -0.00982075 0.04496341 0.05654681
v -0.01567969 0.04539731 0.05565581
v -0.01548100 0.04553700 0.05880000
v -0.01470950 0.04555575 0.06040581
v -0.01102600 0.04515050 0.05848138
v -0.00892219 0.04493294 0.05793512
v -0.01016600 0.04505400 0.05930200
v -0.02044775 0.02746325 0.06929200
v -0.02021300 0.03088725 0.06859775
v -0.01987025 0.03397775 0.06676125
v -0.02044725 0.02988284 0.07028519
v -0.02001922 0.03537753 0.06873828
v -0.01960541 0.03489497 0.06473516
v -0.01947450 0.04033600 0.06560800
v -0.01917100 0.03904969 0.06205537
v -0.01938144 0.04101637 0.06466775
v -0.01972550 0.03872900 0.06752450
v -0.02024694 0.03614331 0.07117419
v -0.01972750 0.04089950 0.06845600
v -0.02090756 0.03128669 0.07551531
v -0.02054928 0.03253938 0.07253559
v -0.02058713 0.03704312 0.07543975
v -0.02110450 0.03186200 0.07750150
v -0.02148050 0.03163350 0.07961050
v -0.02072938 0.03790312 0.07716200
v -0.02088725 0.03519950 0.07731987
v -0.02122369 0.03337581 0.07850206
v -0.01991731 0.04088656 0.07038675
v -0.02039386 0.04014816 0.07505663
v -0.01996575 0.04156900 0.07068000
v -0.02011841 0.04183606 0.07291103
v -0.02011150 0.04247050 0.07370650
v -0.02042475 0.04191150 0.07595775
v -0.02035450 0.04252375 0.07602675
v -0.01830825 0.04434350 0.05978100
v -0.01875075 0.04267125 0.05975025
v -0.01910700 0.04160462 0.06138050
v -0.01891900 0.04276500 0.06071400
v -0.01893300 0.04282650 0.06084050
v -0.01923300 0.04267850 0.06328525
v -0.01921500 0.04272700 0.06307200
v -0.01892700 0.04386400 0.06266550
v -0.01863844 0.04371000 0.06014938
v -0.01818844 0.04467906 0.06079412
v -0.01716687 0.04517700 0.05972025
v -0.01769038 0.04519837 0.06198587
v -0.01560875 0.04559075 0.06142412
v -0.01816669 0.04495906 0.06294913
v -0.01666100 0.04552100 0.06139100
v -0.01731106 0.04536850 0.06274031
v -0.01655388 0.04549450 0.06314312
v -0.01597175 0.04546375 0.06336463
v -0.01446325 0.04541741 0.06282122
v -0.01230500 0.04537378 0.06128966
v -0.01157525 0.04530200 0.06304737
v -0.01242913 0.04529225 0.06418512
v -0.01937525 0.04271575 0.06474200
v -0.01940325 0.04292550 0.06551550
v -0.01889713 0.04418550 0.06423113
v -0.01965288 0.04180462 0.06737100
v -0.01961700 0.04280300 0.06788650
v -0.01944272 0.04360738 0.06754959
v -0.01918347 0.04412606 0.06677453
v -0.01855137 0.04467750 0.06379113
v -0.01816562 0.04498300 0.06473550
v -0.01757103 0.04523794 0.06534519
v -0.01668166 0.04536347 0.06569969
v -0.01879300 0.04461800 0.06583100
v -0.01890850 0.04448850 0.06692638
v -0.01824825 0.04495269 0.06701419
v -0.01607038 0.04535506 0.06666850
v -0.01481625 0.04524775 0.06533200
v -0.01348813 0.04526787 0.06574875
v -0.01239900 0.04521700 0.06514000
v -0.01085300 0.04533700 0.06508300
v -0.01535534 0.04522678 0.06749763
v -0.01362589 0.04526161 0.06688400
v -0.01215338 0.04524275 0.06768413
v -0.01432144 0.04520150 0.06834600
v -0.01058439 0.04524872 0.06208131
v -0.01949050 0.04387075 0.06952337
v -0.01880500 0.04466381 0.06919681
v -0.01977150 0.04288250 0.06986400
v -0.01991500 0.04284700 0.07164500
v -0.01991325 0.04327575 0.07317150
v -0.01916781 0.04435044 0.07010437
v -0.01838481 0.04488975 0.07126331
v -0.01799350 0.04507069 0.06857544
v -0.01779048 0.04514176 0.07241720
v -0.01655206 0.04534038 0.06928769
v -0.01564656 0.04523256 0.06975112
v -0.01319500 0.04516000 0.06919600
v -0.01668975 0.04532125 0.07256363
v -0.01350337 0.04519137 0.07179150
v -0.01488109 0.04523431 0.07239978
v -0.01955272 0.04392700 0.07221545
v -0.01990450 0.04336125 0.07341700
v -0.01922356 0.04432531 0.07247738
v -0.01934484 0.04442078 0.07434369
v -0.01983350 0.04394600 0.07502050
v -0.02010162 0.04340613 0.07542788
v -0.01852762 0.04489231 0.07401750
v -0.01688300 0.04535425 0.07476625
v -0.01808253 0.04517491 0.07592353
v -0.01629400 0.04528875 0.07437912
v -0.02148613 0.03073550 0.08008475
v -0.02128700 0.03043800 0.08062200
v -0.02103525 0.03246313 0.08073925
v -0.02140675 0.03236225 0.08031650
v -0.02028937 0.03248056 0.08114013
v -0.02148175 0.03328200 0.07939800
v -0.02151000 0.03376550 0.07982850
v -0.02141238 0.03424406 0.08022962
v -0.02118337 0.03425913 0.08057638
v -0.02083756 0.03426609 0.08084256
v -0.02152600 0.03486250 0.07996750
v -0.02138288 0.03527500 0.07931600
v -0.02013256 0.03631194 0.08107113
v -0.02132000 0.03653600 0.07955325
v -0.02126600 0.03574000 0.08044575
v -0.02087181 0.03688263 0.08068338
v -0.02107262 0.03897000 0.07915525
v -0.02078400 0.03977500 0.07813400
v -0.02126100 0.03747900 0.07995125
v -0.02112563 0.03840900 0.08038569
v -0.02085000 0.03852050 0.08078000
v -0.02006114 0.03860392 0.08106923
v -0.01948131 0.03982769 0.08112294
v -0.02115481 0.03951894 0.07991075
v -0.02062838 0.04132087 0.07747606
v -0.02027938 0.04349725 0.07728537
v -0.02114575 0.04061725 0.07950000
v -0.02105050 0.04181050 0.07937100
v -0.02064613 0.04258162 0.07826950
v -0.02023038 0.04403237 0.07841587
v -0.02074719 0.04296169 0.07965513
v -0.02091150 0.03948162 0.08053863
v -0.02094800 0.04078500 0.08053200
v -0.02060475 0.03943725 0.08080013
v -0.01897663 0.03804931 0.08129269
v -0.01882300 0.04022387 0.08126512
v -0.02101800 0.04131750 0.08033250
v -0.02111600 0.04156450 0.07996900
v -0.02027000 0.04290400 0.08086000
v -0.02013506 0.04203541 0.08097459
v -0.01786537 0.03993681 0.08157881
v -0.02005900 0.04449000 0.07979000
v -0.02036612 0.04377588 0.08030325
v -0.01977800 0.04386600 0.08092000
v -0.01988112 0.04428862 0.08048075
v -0.01905625 0.04355112 0.08118875
v -0.01746600 0.04335525 0.08166250
v -0.01900650 0.04403600 0.08109025
v -0.01799300 0.04392600 0.08156100
v -0.01993500 0.04391200 0.07578500
v -0.01990700 0.04401700 0.07620313
v -0.01952062 0.04447612 0.07667656
v -0.01868637 0.04498981 0.07674281
v -0.01705269 0.04537031 0.07695388
v -0.01664700 0.04532300 0.07757300
v -0.01766531 0.04531788 0.07712887
v -0.01977000 0.04449900 0.07829700
v -0.01992450 0.04457950 0.07964025
v -0.01865400 0.04515200 0.07865100
v -0.01761925 0.04530312 0.07858113
v -0.01797600 0.04503000 0.07956200
v -0.01727300 0.04513200 0.07916100
v -0.01991200 0.04455350 0.07932700
v -0.01976600 0.04468450 0.07975900
v -0.01914575 0.04489150 0.07966625
v -0.01819400 0.04502900 0.07949800
v -0.01925500 0.04478000 0.08011800
v -0.01865913 0.04441675 0.08063587
v -0.01722150 0.04491200 0.07974600
v -0.01712312 0.04492175 0.07972912
v -0.01580487 0.04459006 0.08035269
v -0.01831250 0.04423100 0.08129150
v -0.01704763 0.04443731 0.08109463
v -0.01751700 0.04427100 0.08151900
v 0.02181575 -0.00378600 0.00494625
v 0.02202300 0.00091500 0.00357150
v 0.02165600 -0.00212050 0.00780250
v 0.02152475 0.00263475 0.01070975
v 0.02196950 0.00954637 0.00521963
v 0.02114694 -0.00174875 0.01443106
v 0.02123569 0.00188106 0.01430869
v 0.02095350 -0.00163900 0.01655025
v 0.02092775 -0.00007062 0.01706938
v 0.02104089 0.00158342 0.01646334
v 0.02115094 0.00577375 0.01594163
v 0.02151750 0.00596750 0.01131400
v 0.02160000 0.01346950 0.01012125
v 0.02137800 0.01043800 0.01355600
v 0.02219500 0.02293000 -0.00163500
v 0.02198612 0.02475463 0.00021913
v 0.02181512 0.02892844 -0.00076769
v 0.02233375 0.01287425 -0.00012862
v 0.02199725 0.01250900 0.00462500
v 0.02195900 0.01616550 0.00468400
v 0.02197525 0.02143800 0.00253525
v 0.02184250 0.01792400 0.00591950
v 0.02160250 0.01823700 0.00902100
v 0.02166675 0.02793075 0.00293050
v 0.02154900 0.02190250 0.00859050
v 0.02137000 0.02785800 0.00785250
v 0.02084363 -0.00140450 0.01843069
v 0.02090050 0.00072100 0.01732750
v 0.02082706 0.00056803 0.01913734
v 0.02068403 0.00062166 0.02099625
v 0.02101659 0.00307044 0.01731978
v 0.02087745 0.00277067 0.01901920
v 0.02102575 0.00484650 0.01743750
v 0.02096250 0.00612200 0.01795100
v 0.02085616 0.00502863 0.01945375
v 0.02057450 -0.00017550 0.02240000
v 0.02054347 0.00116778 0.02258628
v 0.02069525 0.00270884 0.02101225
v 0.02068025 0.00223600 0.02184725
v 0.02045561 0.00202686 0.02380856
v 0.02059477 0.00362809 0.02266358
v 0.02035763 0.00044391 0.02470816
v 0.02076837 0.00409725 0.02110663
v 0.02071775 0.00552781 0.02127469
v 0.02093437 0.00800575 0.01838262
v 0.02068238 0.00553469 0.02215881
v 0.02063875 0.00563925 0.02312925
v 0.02062275 0.00676900 0.02281150
v 0.02120175 0.01001600 0.01577400
v 0.02100844 0.01336972 0.01822244
v 0.02078538 0.01438006 0.02120237
v 0.02100000 0.00954300 0.01831731
v 0.02083000 0.00844200 0.01973850
v 0.02084798 0.01037061 0.01995905
v 0.02074800 0.00890800 0.02162800
v 0.02066050 0.00945825 0.02258550
v 0.02088319 0.01231503 0.01965184
v 0.02078987 0.01218563 0.02115600
v 0.02035075 0.00341975 0.02535750
v 0.02029456 0.00092278 0.02588641
v 0.02024162 0.00218050 0.02662116
v 0.01998250 0.00230450 0.02938300
v 0.02014300 0.00469981 0.02817262
v 0.02043813 0.00461275 0.02498375
v 0.02047413 0.00582931 0.02475400
v 0.02048800 0.00670600 0.02506400
v 0.02047687 0.00763875 0.02451413
v 0.02029355 0.00605345 0.02674005
v 0.02027900 0.00796244 0.02720387
v 0.01980500 0.00285644 0.03065763
v 0.01992691 0.00534536 0.03017103
v 0.01963609 0.00344056 0.03229750
v 0.01963644 0.00438713 0.03178575
v 0.02020806 0.00844025 0.02863238
v 0.02009228 0.00728287 0.02919994
v 0.01996225 0.00993419 0.03098800
v 0.01965650 0.00648697 0.03216597
v 0.01979062 0.00680869 0.03153412
v 0.02055800 0.00986900 0.02393150
v 0.02049975 0.00935750 0.02492700
v 0.02062050 0.01103200 0.02327550
v 0.02034356 0.00960753 0.02658800
v 0.02036813 0.01095781 0.02630469
v 0.02042433 0.01218814 0.02580723
v 0.02064181 0.01196150 0.02266800
v 0.02074097 0.01332197 0.02179956
v 0.02077212 0.01627019 0.02073050
v 0.02058856 0.01296984 0.02373930
v 0.02041638 0.01330513 0.02573950
v 0.02070100 0.01516700 0.02273500
v 0.02054438 0.01525006 0.02455719
v 0.02022925 0.01002175 0.02834287
v 0.02003020 0.01024920 0.03008736
v 0.02020369 0.01142381 0.02856762
v 0.02013050 0.01259987 0.02898950
v 0.02039225 0.01527194 0.02634669
v 0.02047625 0.01630225 0.02454625
v 0.02025250 0.01434650 0.02763500
v 0.02020584 0.01530484 0.02876544
v 0.02026494 0.01629475 0.02790912
v 0.02129150 0.01621450 0.01428025
v 0.02123875 0.02053725 0.01399975
v 0.02090475 0.01624600 0.01939800
v 0.02086575 0.02100050 0.01930238
v 0.02111300 0.02420700 0.01436750
v 0.02092150 0.03015187 0.01415400
v 0.02069794 0.01615938 0.02201456
v 0.02072225 0.01846231 0.02114375
v 0.02057225 0.01880000 0.02336550
v 0.02054603 0.01679931 0.02400803
v 0.02065725 0.01922588 0.02228019
v 0.02070213 0.02056137 0.02126006
v 0.02058850 0.02092575 0.02337050
v 0.02060550 0.02114700 0.02232450
v 0.02062169 0.02622456 0.02122513
v 0.02060009 0.02364507 0.02216088
v 0.02041562 0.01845369 0.02570587
v 0.02043788 0.02057313 0.02503000
v 0.02037212 0.02069550 0.02673150
v 0.02048013 0.02444437 0.02388487
v 0.02038797 0.02292275 0.02560597
v 0.02027586 0.01696170 0.02725664
v 0.02035975 0.01842775 0.02686475
v 0.02068825 0.02996125 0.01849225
v 0.02047369 0.02578531 0.02366519
v 0.02035534 0.02520953 0.02539047
v 0.02053900 0.03382200 0.01842350
v 0.02024900 0.03176450 0.02505900
v 0.02211325 0.02846033 -0.00554633
v 0.02199855 0.03230662 -0.00867188
v 0.02186178 0.03230375 -0.00566631
v 0.02181400 0.03163225 -0.00365600
v 0.01549400 0.04258175 -0.00838425
v 0.01608113 0.04247962 -0.00776487
v 0.02171161 0.03655272 -0.00956350
v 0.02157775 0.03559575 -0.00483000
v 0.02153900 0.03729900 -0.00761400
v 0.02138925 0.03940462 -0.00763788
v 0.02122603 0.03884962 -0.00269994
v 0.02129238 0.04072325 -0.00883775
v 0.02135400 0.03956600 -0.00595500
v 0.02115958 0.04074706 -0.00523559
v 0.02111863 0.04107575 -0.00599913
v 0.02160200 0.03184800 0.00005400
v 0.02126525 0.03192525 0.00654100
v 0.02134875 0.03311525 0.00384837
v 0.02105351 0.03722761 0.00429694
v 0.01432750 0.04265438 -0.00633925
v 0.01538700 0.04259150 -0.00501800
v 0.01698925 0.04245800 -0.00712500
v 0.01592675 0.04248625 -0.00448812
v 0.01537762 0.04254925 -0.00385237
v 0.01789839 0.04241520 -0.00769964
v 0.01757978 0.04243706 -0.00458203
v 0.01833531 0.04245791 -0.00488719
v 0.01707681 0.04249269 -0.00324197
v 0.01954425 0.04232120 -0.00411813
v 0.01877381 0.04244725 -0.00281756
v 0.01388763 0.04270338 -0.00272850
v 0.01373863 0.04270200 -0.00134700
v 0.01506900 0.04268600 -0.00178800
v 0.01477400 0.04261900 0.00116500
v 0.01593375 0.04252438 -0.00173925
v 0.01773300 0.04245000 -0.00162000
v 0.01830169 0.04248819 0.00162294
v 0.01756725 0.04251153 -0.00007988
v 0.01510150 0.04263150 -0.00036500
v 0.01565600 0.04250325 0.00039075
v 0.01691200 0.04248600 0.00161900
v 0.02102644 0.03918800 0.00175456
v 0.02119900 0.03972713 -0.00273262
v 0.02082462 0.04164672 -0.00618734
v 0.02089069 0.04149575 -0.00449519
v 0.02054850 0.04188037 -0.00364425
v 0.02086509 0.04131003 -0.00162488
v 0.02009987 0.04215925 -0.00478834
v 0.02057178 0.04181023 -0.00241236
v 0.01993309 0.04221653 -0.00150009
v 0.02098547 0.04088588 -0.00128812
v 0.02101650 0.03982475 0.00212525
v 0.01900275 0.04242812 0.00223175
v 0.02052969 0.04181781 -0.00039031
v 0.02014581 0.04210975 0.00036275
v 0.01974259 0.04226197 0.00135856
v 0.02083575 0.04122787 0.00086550
v 0.02060056 0.04170013 0.00083556
v 0.02074598 0.04093604 0.00541779
v 0.02068987 0.04138897 0.00276422
v 0.02017656 0.04204194 0.00250594
v 0.01779100 0.04241150 -0.01192600
v 0.01555300 0.04258825 -0.01232400
v 0.01651200 0.04241500 -0.01186825
v 0.01729825 0.04246125 -0.01104875
v 0.02115375 0.04118550 -0.01195188
v 0.02033631 0.04206219 -0.01176175
v 0.01963694 0.04234138 -0.01390037
v 0.02005237 0.04221412 -0.01307819
v 0.01900950 0.04245150 -0.01085800
v 0.01969400 0.04232166 -0.01088756
v 0.02068863 0.04183856 -0.01060312
v 0.02116481 0.04116875 -0.00887119
v 0.02095694 0.04154719 -0.00931100
v 0.01606437 0.04248506 -0.01048588
v 0.01729900 0.04248000 -0.00838700
v 0.02030888 0.04211525 -0.00965431
v 0.01996003 0.04223587 -0.00818991
v 0.02070769 0.04184569 -0.00836881
v 0.02042200 0.04201706 -0.00667988
v 0.01917069 0.04238338 -0.00729806
v 0.02097131 0.03590504 0.00797212
v 0.02094937 0.03303663 0.01133150
v 0.02067550 0.03632931 0.01326806
v 0.02066822 0.03822891 0.01120900
v 0.01113766 0.04287544 0.00179234
v 0.01313800 0.04275850 0.00199100
v 0.01486975 0.04265825 0.00503900
v 0.01471950 0.04267962 0.00311313
v 0.01563356 0.04253662 0.00306469
v 0.01655800 0.04255900 0.00411750
v 0.01735834 0.04249981 0.00405578
v 0.01544913 0.04255437 0.00553425
v 0.01039427 0.04292016 0.00501027
v 0.01261439 0.04285066 0.00805192
v 0.01034381 0.04296675 0.00875280
v 0.01429250 0.04271225 0.00736700
v 0.01526700 0.04254350 0.00676950
v 0.01684063 0.04258678 0.00728038
v 0.02090425 0.03982300 0.00475025
v 0.02076650 0.03920150 0.00793675
v 0.01803481 0.04254906 0.00479781
v 0.02039730 0.04181606 0.00419505
v 0.02057169 0.04145594 0.00578300
v 0.01861600 0.04252300 0.00382400
v 0.01957203 0.04233872 0.00492972
v 0.01932931 0.04241800 0.00741844
v 0.01985316 0.04220725 0.00701406
v 0.02069288 0.03996105 0.00988790
v 0.02057014 0.04105138 0.00960008
v 0.02037294 0.04115700 0.01382919
v 0.02039856 0.04148394 0.01104288
v 0.01812575 0.04259250 0.00817422
v 0.02017906 0.04193284 0.00743850
v 0.01695675 0.04257838 0.00882300
v 0.01858825 0.04259950 0.01100650
v 0.01942878 0.04238084 0.01046234
v 0.02053138 0.04135381 0.00792650
v 0.02021347 0.04183422 0.00976297
v 0.01986575 0.04215812 0.01061587
v 0.02052819 0.03931144 0.01318681
v 0.02040253 0.03820034 0.01672256
v 0.02039175 0.03931313 0.01622550
v 0.01124837 0.04297350 0.00998634
v 0.00917087 0.04309631 0.01013419
v 0.00807781 0.04314000 0.01103238
v 0.00855800 0.04315009 0.01207206
v 0.01106350 0.04296300 0.01079750
v 0.01270650 0.04285700 0.00946750
v 0.01480075 0.04276800 0.00949550
v 0.01460650 0.04277550 0.01138500
v 0.01535456 0.04266356 0.01036812
v 0.01279150 0.04287638 0.01218919
v 0.01174575 0.04297450 0.01215450
v 0.00996106 0.04306881 0.01325537
v 0.00739300 0.04322925 0.01432075
v 0.00701894 0.04322092 0.01544381
v 0.01156666 0.04297020 0.01442180
v 0.01443350 0.04279500 0.01336700
v 0.00965400 0.04308538 0.01598450
v 0.01235400 0.04291787 0.01566025
v 0.01253100 0.04300100 0.01681300
v 0.01724581 0.04264813 0.01071944
v 0.01651214 0.04265737 0.01198628
v 0.01512000 0.04266425 0.01328775
v 0.01635831 0.04268069 0.01441595
v 0.01767470 0.04270468 0.01455705
v 0.02046550 0.04004600 0.01456750
v 0.02018937 0.04175163 0.01269625
v 0.01998481 0.04202863 0.01250806
v 0.01937497 0.04240175 0.01293863
v 0.01901637 0.04251981 0.01499087
v 0.01967113 0.04222112 0.01528847
v 0.02010425 0.04176987 0.01469606
v 0.02027825 0.04126088 0.01617106
v 0.01429944 0.04282950 0.01619181
v 0.01495925 0.04272897 0.01632031
v 0.01656400 0.04267500 0.01664300
v 0.01620016 0.04273869 0.01733191
v 0.02038213 0.04003650 0.01696925
v 0.01803653 0.04272916 0.01649350
v 0.01913350 0.04250934 0.01673297
v 0.02011575 0.04163550 0.01729575
v 0.01982194 0.04208463 0.01709050
v 0.01873213 0.04263475 0.02004838
v 0.01946216 0.04232772 0.01906347
v 0.01915041 0.04250247 0.02037103
v 0.01983062 0.04196113 0.01928225
v 0.02021094 0.03665956 0.02208975
v 0.02019069 0.03925987 0.02047056
v 0.02020144 0.04011388 0.02045963
v 0.02010469 0.04138725 0.01937019
v 0.01963506 0.00636113 0.03298719
v 0.01949462 0.00349525 0.03494787
v 0.01956162 0.00570713 0.03442663
v 0.01950969 0.00657344 0.03551881
v 0.01982977 0.00969653 0.03177358
v 0.01967100 0.00866900 0.03283600
v 0.01954650 0.00825575 0.03453100
v 0.01929075 0.00469497 0.03667600
v 0.01887138 0.00617744 0.04031496
v 0.01911516 0.00643925 0.03798047
v 0.01923875 0.00849484 0.03766716
v 0.01946525 0.00909375 0.03629900
v 0.01944950 0.01072281 0.03612669
v 0.01909138 0.01040150 0.03898275
v 0.01938331 0.01065788 0.03727769
v 0.01990175 0.01414969 0.03196266
v 0.01961700 0.01034300 0.03306500
v 0.01958675 0.01250737 0.03358900
v 0.01971578 0.01397006 0.03325159
v 0.01996319 0.01458903 0.03118480
v 0.02011706 0.01714406 0.02961275
v 0.02008787 0.01645737 0.03051712
v 0.01984400 0.01834775 0.03295581
v 0.02001675 0.01775370 0.03128953
v 0.01957738 0.01342753 0.03467325
v 0.01958850 0.01448987 0.03388050
v 0.01947482 0.01517266 0.03686095
v 0.01949375 0.01177300 0.03653262
v 0.01947631 0.01311137 0.03730956
v 0.01960425 0.01688925 0.03424425
v 0.01989456 0.01841044 0.03221519
v 0.01955887 0.01636463 0.03473962
v 0.01970538 0.01901250 0.03400775
v 0.01952950 0.01843275 0.03481575
v 0.01892625 0.01034891 0.04067422
v 0.01852419 0.00704222 0.04348462
v 0.01836125 0.00592100 0.04428419
v 0.01857213 0.00900469 0.04327317
v 0.01886791 0.01208760 0.04145595
v 0.01831588 0.00725869 0.04553281
v 0.01830213 0.00997712 0.04544487
v 0.01816575 0.00677738 0.04704500
v 0.01801500 0.00771700 0.04812800
v 0.01820350 0.00969969 0.04706866
v 0.01831900 0.01097500 0.04614600
v 0.01869656 0.01109969 0.04295575
v 0.01845791 0.01113575 0.04464044
v 0.01853073 0.01326059 0.04470095
v 0.01827800 0.01165325 0.04605200
v 0.01933503 0.01425041 0.03817994
v 0.01908525 0.01377600 0.03965600
v 0.01945012 0.01704112 0.03774775
v 0.01906194 0.01765650 0.04044188
v 0.01944627 0.01839108 0.03722276
v 0.01929403 0.01691903 0.03888309
v 0.01931359 0.01845845 0.03886220
v 0.01939562 0.02002687 0.03808469
v 0.01937219 0.02057488 0.03899041
v 0.01865350 0.01591350 0.04431350
v 0.01879277 0.01862729 0.04342168
v 0.01923984 0.02074381 0.03982397
v 0.01897231 0.02142280 0.04196605
v 0.01909838 0.02163475 0.04079894
v 0.02019494 0.02140450 0.02810025
v 0.02031750 0.02278306 0.02693994
v 0.02026369 0.02415875 0.02701756
v 0.02008363 0.02384487 0.02934250
v 0.02016719 0.02439644 0.02845275
v 0.02005675 0.02522712 0.02965762
v 0.02001113 0.02653944 0.03014481
v 0.01978613 0.02497575 0.03310437
v 0.02026763 0.01897200 0.02753450
v 0.02023300 0.01838000 0.02848700
v 0.02011500 0.01915000 0.02922500
v 0.02018475 0.02026175 0.02865575
v 0.02008500 0.02083700 0.03127900
v 0.02008978 0.02149552 0.02993053
v 0.01985606 0.02128866 0.03265416
v 0.01981250 0.02154537 0.03345613
v 0.01962108 0.02153729 0.03470730
v 0.02005275 0.02300987 0.03084150
v 0.01996650 0.02384125 0.03163225
v 0.02006725 0.03016237 0.02859013
v 0.01970625 0.03324937 0.03309131
v 0.01993050 0.03585975 0.02830200
v 0.02005900 0.03623237 0.02520987
v 0.01950594 0.02021344 0.03560625
v 0.01944850 0.02129825 0.03753112
v 0.01941550 0.02418000 0.03615200
v 0.01943150 0.02527663 0.03689550
v 0.01939519 0.02254625 0.03834147
v 0.01961498 0.02464061 0.03501563
v 0.01971119 0.02789556 0.03397425
v 0.01938950 0.02702900 0.03673450
v 0.01954639 0.02777010 0.03574892
v 0.01931206 0.02299925 0.03980769
v 0.01932756 0.02434456 0.03941481
v 0.01912355 0.02458138 0.04103406
v 0.01936100 0.02593600 0.03932600
v 0.01940487 0.02854344 0.03736644
v 0.01922969 0.02651356 0.04074100
v 0.01930314 0.02793836 0.03967423
v 0.01929925 0.03055269 0.03910744
v 0.01949569 0.03195137 0.03630569
v 0.01940862 0.03426975 0.03716563
v 0.01943728 0.02976497 0.03670131
v 0.01932450 0.03164200 0.03768350
v 0.01929213 0.03316850 0.03809200
v 0.01925738 0.03634528 0.03866987
v 0.01937527 0.03785959 0.03711886
v 0.01934950 0.02945350 0.03725550
v 0.01796183 0.00907478 0.04920631
v 0.01811662 0.00998312 0.04838162
v 0.01787363 0.01012650 0.05052913
v 0.01810594 0.01118762 0.04822534
v 0.01826100 0.01197700 0.04736800
v 0.01834481 0.01318950 0.04607191
v 0.01813513 0.01299062 0.04799050
v 0.01806694 0.01146613 0.04921206
v 0.01823609 0.01460245 0.04764258
v 0.01803963 0.01358938 0.04961950
v 0.01797212 0.01294025 0.04977537
v 0.01782612 0.01149056 0.05089213
v 0.01785950 0.01267625 0.05166300
v 0.01806856 0.01600537 0.04943144
v 0.01765500 0.01348700 0.05301500
v 0.01779534 0.01560578 0.05217245
v 0.01759606 0.01436887 0.05381956
v 0.01830775 0.01536775 0.04650675
v 0.01838625 0.01668425 0.04646625
v 0.01860475 0.01810500 0.04522569
v 0.01836400 0.01744000 0.04657000
v 0.01827605 0.01706630 0.04802061
v 0.01888912 0.02238512 0.04319188
v 0.01867912 0.02209650 0.04526525
v 0.01847984 0.01972334 0.04646284
v 0.01830753 0.01909444 0.04813744
v 0.01832125 0.02086525 0.04755600
v 0.01800838 0.01673500 0.05049850
v 0.01811491 0.01761097 0.05006625
v 0.01809925 0.01840500 0.05065825
v 0.01801350 0.01618950 0.05116200
v 0.01814612 0.01933100 0.04962950
v 0.01784725 0.01745125 0.05197500
v 0.01795075 0.01934975 0.05139025
v 0.01827313 0.02148550 0.04888275
v 0.01832869 0.02243186 0.04799964
v 0.01806287 0.02215337 0.05113275
v 0.01809100 0.02285900 0.05059300
v 0.01821736 0.02354058 0.05003588
v 0.01755100 0.01600750 0.05415450
v 0.01746838 0.01679637 0.05603213
v 0.01778450 0.01649400 0.05295800
v 0.01763648 0.01725184 0.05411045
v 0.01784087 0.01838512 0.05318113
v 0.01779463 0.01960119 0.05332031
v 0.01765638 0.01814913 0.05492113
v 0.01762394 0.01918725 0.05562003
v 0.01743097 0.01820525 0.05685944
v 0.01764150 0.02003400 0.05535050
v 0.01783100 0.02053012 0.05352088
v 0.01795650 0.02201075 0.05250250
v 0.01806375 0.02367656 0.05209141
v 0.01778644 0.02209156 0.05389419
v 0.01771738 0.02248825 0.05472744
v 0.01800825 0.02265525 0.05255025
v 0.01793725 0.02424838 0.05386175
v 0.01779206 0.02385650 0.05473306
v 0.01730450 0.01779250 0.05739700
v 0.01743075 0.01924919 0.05689869
v 0.01751306 0.02113394 0.05653044
v 0.01734450 0.01976900 0.05792800
v 0.01712625 0.01800238 0.05926750
v 0.01720350 0.01961350 0.05873100
v 0.01747144 0.02182500 0.05737869
v 0.01755825 0.02277800 0.05654234
v 0.01760119 0.02429419 0.05688225
v 0.01781050 0.02465750 0.05515550
v 0.01732800 0.02281200 0.05857200
v 0.01750069 0.02414394 0.05838769
v 0.01757228 0.02504791 0.05772847
v -0.00263887 0.04400613 0.04152481
v -0.00060097 0.04393009 0.04142487
v 0.00056269 0.04385181 0.04246494
v -0.00133770 0.04397247 0.04297431
v -0.00209000 0.04400394 0.04392000
v -0.00004000 0.04390400 0.04400950
v -0.00252081 0.04409519 0.04521350
v 0.00036987 0.04397294 0.04770900
v 0.00183741 0.04380877 0.04310463
v 0.00157675 0.04384825 0.04477906
v 0.00407081 0.04367587 0.04430806
v 0.00487244 0.04372781 0.04719681
v 0.01868600 0.02461087 0.04578750
v 0.01888006 0.02586859 0.04367666
v 0.01902275 0.02778262 0.04231588
v 0.01922456 0.02968837 0.04114912
v 0.01887719 0.02758647 0.04421031
v 0.01892687 0.03010188 0.04381072
v 0.01839744 0.02402931 0.04812700
v 0.01837825 0.02480569 0.04875837
v 0.01861352 0.02857386 0.04732994
v 0.01832800 0.02827200 0.04939150
v 0.01872550 0.03218300 0.04705400
v 0.01926334 0.03494069 0.03878678
v 0.01920756 0.03574475 0.04054322
v 0.01917825 0.03742863 0.04149125
v 0.01920913 0.03834550 0.03981331
v 0.01913587 0.03573575 0.04238163
v 0.01909825 0.03809050 0.04323200
v 0.01926244 0.03090331 0.04022038
v 0.01924587 0.03204588 0.04133175
v 0.01923731 0.03323472 0.04046991
v 0.01904862 0.03152983 0.04265778
v 0.01898009 0.03362356 0.04384012
v 0.01923500 0.03366400 0.04168300
v 0.01878525 0.03231312 0.04596937
v 0.01896200 0.03634400 0.04400300
v 0.01887200 0.03922300 0.04586200
v 0.01818437 0.02477700 0.05059250
v 0.01807387 0.02426213 0.05175688
v 0.01819400 0.02499600 0.05131100
v 0.01822800 0.02654800 0.04990100
v 0.01832225 0.02753038 0.04972738
v 0.01801850 0.02584050 0.05297250
v 0.01830150 0.02901950 0.05120550
v 0.01809673 0.02803861 0.05310341
v 0.01850587 0.03101900 0.04879306
v 0.01837194 0.03014900 0.04935369
v 0.01840469 0.03165806 0.04995038
v 0.01828400 0.03057200 0.05238050
v 0.01840375 0.03291725 0.05091300
v 0.01783213 0.02670478 0.05534605
v 0.01789169 0.02846962 0.05514894
v 0.01772725 0.02752200 0.05691800
v 0.01777519 0.02933167 0.05711755
v 0.01825147 0.03187297 0.05272469
v 0.01815316 0.02934387 0.05325531
v 0.01813700 0.03063072 0.05391547
v 0.01800412 0.02977431 0.05485097
v 0.01802994 0.03162052 0.05557303
v 0.01809650 0.03227575 0.05470050
v 0.01864762 0.03522150 0.04873675
v 0.01841000 0.03289000 0.04986100
v 0.01842175 0.03494953 0.05111275
v 0.01874625 0.04029162 0.04876394
v 0.01827903 0.03517225 0.05305178
v 0.01842387 0.03738175 0.05295788
v 0.01801275 0.03274512 0.05582112
v 0.01816350 0.03471181 0.05469400
v 0.01821189 0.03608267 0.05485313
v 0.01830637 0.03657062 0.05339875
v 0.01848083 0.03896945 0.05264336
v 0.01856041 0.04040591 0.05253672
v 0.01797838 0.00682153 0.04895425
v 0.01759541 0.00867152 0.05275652
v 0.01772225 0.01020413 0.05139231
v 0.01751337 0.00989387 0.05343544
v 0.01763022 0.01133467 0.05297623
v 0.01756337 0.01123225 0.05362750
v 0.01769863 0.01246062 0.05326112
v 0.01734100 0.01034387 0.05566075
v 0.01721881 0.00999675 0.05723100
v 0.01733673 0.01139427 0.05558088
v 0.01749494 0.01244694 0.05486544
v 0.01723950 0.01177012 0.05692425
v 0.01735534 0.01260694 0.05634359
v 0.01710800 0.01022900 0.05916300
v 0.01703250 0.01171300 0.05892400
v 0.01720738 0.01240812 0.05813050
v 0.01748437 0.01340525 0.05488037
v 0.01721500 0.01309713 0.05750375
v 0.01732700 0.01520828 0.05672513
v 0.01733744 0.01634400 0.05721400
v 0.01695966 0.01101525 0.06034763
v 0.01698425 0.01210250 0.06037212
v 0.01695100 0.01315100 0.06049700
v 0.01689800 0.01144100 0.06144650
v 0.01696194 0.01320094 0.06113331
v 0.01703925 0.01465913 0.05987837
v 0.01715403 0.01572406 0.05853550
v 0.01712963 0.01679188 0.05902106
v 0.01700250 0.01536850 0.06134500
v 0.01699894 0.01763175 0.06113875
v 0.00674944 0.04331581 0.01677937
v 0.00592075 0.04332225 0.01745300
v 0.00963556 0.04316431 0.01678612
v 0.00641000 0.04327500 0.01924400
v 0.00769600 0.04332350 0.01842025
v 0.00840000 0.04318300 0.01761700
v 0.00947788 0.04316794 0.01845375
v 0.00484494 0.04343775 0.01944731
v 0.00606763 0.04339813 0.02065100
v 0.00830300 0.04320163 0.02099263
v 0.00569422 0.04331438 0.02187237
v 0.00462337 0.04347744 0.02322275
v 0.00947500 0.04319000 0.01984000
v 0.00904700 0.04312663 0.02188163
v 0.00993775 0.04321125 0.02084187
v 0.01004994 0.04313313 0.02141619
v 0.01073137 0.04312637 0.01996150
v 0.01125400 0.04323100 0.02085900
v 0.01139250 0.04301388 0.02192012
v 0.00905525 0.04322525 0.02317700
v 0.01116780 0.04309780 0.02335678
v 0.00752653 0.04331969 0.02515222
v 0.01286725 0.04304669 0.02105062
v 0.01082116 0.04315872 0.02564119
v 0.01407238 0.04295550 0.02297763
v 0.01391450 0.04297650 0.02495300
v 0.01455475 0.04285412 0.02373938
v 0.01454013 0.04289762 0.02586750
v 0.01059700 0.04307500 0.01712700
v 0.01002900 0.04306050 0.01787200
v 0.01320794 0.04295547 0.01759959
v 0.01174400 0.04296650 0.01818100
v 0.01465175 0.04278500 0.01772225
v 0.01384200 0.04299200 0.01871600
v 0.01473337 0.04286587 0.01934587
v 0.01602262 0.04283937 0.01924550
v 0.01368200 0.04290250 0.02013700
v 0.01509375 0.04288397 0.02084281
v 0.01638650 0.04278600 0.02008975
v 0.01764081 0.04276825 0.01867144
v 0.01699038 0.04285350 0.02214850
v 0.01545716 0.04282511 0.02224042
v 0.01850025 0.04275950 0.02271350
v 0.01424500 0.04287525 0.02201944
v 0.01613300 0.04281800 0.02413900
v 0.01752845 0.04288748 0.02511166
v 0.01905087 0.04259575 0.02304475
v 0.01856317 0.04275128 0.02599902
v 0.01703075 0.04293994 0.02734131
v 0.01807447 0.04287175 0.02690878
v 0.00442541 0.04349159 0.02467591
v 0.00536291 0.04344563 0.02640723
v 0.00719750 0.04342850 0.03075250
v 0.00936011 0.04327520 0.02823245
v 0.00250559 0.04361083 0.02852136
v 0.00235300 0.04368200 0.03101350
v 0.00525594 0.04353325 0.03078128
v 0.00501447 0.04353850 0.03235531
v 0.00885708 0.04335245 0.03091034
v 0.00705850 0.04346900 0.03200200
v 0.00753325 0.04337775 0.03195725
v 0.01382103 0.04303694 0.02730834
v 0.01362431 0.04306225 0.02948381
v 0.01465800 0.04293400 0.02800050
v 0.01605429 0.04293789 0.02951588
v 0.01526175 0.04298050 0.02954725
v 0.01447350 0.04297800 0.03068375
v 0.01748762 0.04297700 0.02974250
v 0.01170587 0.04321712 0.03055625
v 0.00966238 0.04330550 0.03277825
v 0.01112288 0.04321788 0.03205975
v 0.01245650 0.04319487 0.03192625
v 0.01055378 0.04329787 0.03371091
v 0.01335456 0.04314175 0.03131256
v 0.01540731 0.04307387 0.03274275
v 0.01601019 0.04300747 0.03300891
v 0.01377600 0.04317100 0.03274050
v 0.01293200 0.04312350 0.03331100
v 0.01419567 0.04310947 0.03370161
v 0.01537322 0.04309022 0.03477491
v 0.01992616 0.03965828 0.02557631
v 0.01994189 0.04133083 0.02335580
v 0.01968000 0.03761475 0.03167900
v 0.01992066 0.04035631 0.02592025
v 0.01971856 0.03976619 0.03020162
v 0.01977406 0.04145659 0.02683847
v 0.01975525 0.04178525 0.02453084
v 0.01967719 0.04124188 0.03010397
v 0.02009131 0.04112488 0.02092663
v 0.01981881 0.04188144 0.02198444
v 0.01954269 0.04225700 0.02176425
v 0.01940716 0.04232306 0.02416631
v 0.01904645 0.04253994 0.02582391
v 0.01946831 0.04218000 0.02649812
v 0.01952412 0.03836169 0.03450469
v 0.01969222 0.04036238 0.03126122
v 0.01956006 0.04188950 0.02890356
v 0.01931456 0.04233125 0.02828906
v 0.01804230 0.04292398 0.03156280
v 0.01881650 0.04268700 0.02882450
v 0.01699525 0.04306125 0.03302500
v 0.01909594 0.04245862 0.03057431
v 0.01955638 0.04162238 0.03154875
v 0.01852572 0.04277850 0.03214956
v 0.01935459 0.04206600 0.03175766
v 0.01935125 0.04004425 0.03761075
v 0.01895569 0.04251566 0.03310587
v 0.01911737 0.04230119 0.03528112
v 0.01805534 0.04295981 0.03501503
v 0.01714531 0.04307116 0.03545425
v 0.01880187 0.04261481 0.03562681
v 0.01840738 0.04284387 0.03569981
v 0.01943247 0.04142756 0.03510959
v 0.01935131 0.04182133 0.03519825
v 0.01937800 0.04071700 0.03770500
v 0.00337000 0.04362569 0.03258128
v 0.00196250 0.04375231 0.03402094
v 0.00704450 0.04348388 0.03470613
v 0.00455362 0.04363462 0.03438000
v 0.00300528 0.04374041 0.03577194
v 0.00659044 0.04356737 0.03601650
v 0.00224207 0.04377170 0.03713276
v 0.00205644 0.04385788 0.03885537
v 0.00338175 0.04377125 0.03784187
v 0.00360950 0.04382800 0.03919750
v 0.00581575 0.04362463 0.03826462
v 0.00625425 0.04365475 0.03924125
v 0.00855606 0.04339200 0.03370256
v 0.00770500 0.04353237 0.03575300
v 0.00992934 0.04337903 0.03736231
v 0.01095200 0.04336800 0.03597762
v 0.01053575 0.04330850 0.03494425
v 0.01300775 0.04319606 0.03418869
v 0.01310537 0.04318613 0.03528162
v 0.01531512 0.04315975 0.03605213
v 0.01244384 0.04326012 0.03780759
v 0.01408425 0.04319000 0.03618375
v 0.00671300 0.04351800 0.03741400
v 0.00950453 0.04346378 0.03839862
v 0.00863225 0.04349312 0.03963588
v 0.00575838 0.04362200 0.04006638
v 0.01043200 0.04349300 0.03971400
v 0.00741850 0.04363675 0.03952125
v 0.01020450 0.04339575 0.04063650
v 0.01170950 0.04338050 0.03898537
v 0.01204163 0.04341650 0.03953800
v 0.01283450 0.04330100 0.04023150
v 0.01147353 0.04331175 0.04200178
v 0.01328828 0.04322578 0.04212628
v 0.01467900 0.04313000 0.03790900
v 0.01357075 0.04332525 0.03963925
v -0.00002319 0.04395228 0.03892862
v 0.00101900 0.04386250 0.03976013
v 0.00395800 0.04371206 0.03986094
v 0.00208100 0.04382813 0.04146137
v 0.00484937 0.04364600 0.04117013
v 0.00489413 0.04367125 0.04200103
v 0.00433150 0.04368137 0.04312328
v 0.00749724 0.04351227 0.04222020
v 0.00899381 0.04344806 0.04162069
v 0.00666281 0.04355987 0.04361094
v 0.00857938 0.04343375 0.04344869
v 0.01050047 0.04337572 0.04331506
v 0.01237300 0.04327300 0.04338362
v 0.00832177 0.04345753 0.04446481
v 0.01150112 0.04330322 0.04461547
v 0.01101402 0.04340008 0.04562922
v 0.00758450 0.04355506 0.04529044
v 0.01032416 0.04343607 0.04863697
v 0.00553744 0.04371194 0.05015873
v 0.01918550 0.03779600 0.03905150
v 0.01929300 0.03869850 0.03838100
v 0.01913700 0.04023000 0.03964400
v 0.01780741 0.04302247 0.03806822
v 0.01628956 0.04309556 0.03765125
v 0.01901612 0.04230688 0.03754475
v 0.01873400 0.04259747 0.03872428
v 0.01923006 0.04185150 0.03782094
v 0.01830544 0.04287888 0.03825853
v 0.01917500 0.04176844 0.03970456
v 0.01901631 0.04218769 0.03975981
v 0.01921112 0.04095600 0.04018713
v 0.01517994 0.04316331 0.04043725
v 0.01481700 0.04314400 0.04251000
v 0.01916375 0.04030825 0.04201625
v 0.01913750 0.03966300 0.04284900
v 0.01913450 0.04135875 0.04243150
v 0.01897300 0.04018600 0.04452750
v 0.01907475 0.04195375 0.04173412
v 0.01890238 0.04202288 0.04376262
v 0.01903050 0.04113031 0.04382013
v 0.01446606 0.04328456 0.03925494
v 0.01613787 0.04319775 0.03983950
v 0.01768850 0.04308850 0.03998900
v 0.01601262 0.04311863 0.04284731
v 0.01824431 0.04289987 0.04050250
v 0.01885691 0.04237325 0.04161516
v 0.01857675 0.04268344 0.04195812
v 0.01768650 0.04305250 0.04196450
v 0.01804900 0.04297988 0.04177050
v 0.01677400 0.04312700 0.04375700
v 0.01765900 0.04306187 0.04370037
v 0.01798387 0.04297853 0.04432631
v 0.01427450 0.04315500 0.04322900
v 0.01542875 0.04309919 0.04426294
v 0.01404975 0.04317975 0.04490400
v 0.01352944 0.04327441 0.04554612
v 0.01593825 0.04320850 0.04573200
v 0.01891581 0.04076181 0.04647613
v 0.01892700 0.04168325 0.04516888
v 0.01863675 0.04245825 0.04477150
v 0.01874131 0.04219384 0.04653050
v 0.01740194 0.04311681 0.04783919
v 0.01876437 0.04186641 0.04834519
v 0.01834194 0.04276669 0.04480538
v 0.01811025 0.04290394 0.04767919
v 0.01838450 0.04270050 0.04703581
v 0.01778675 0.04305094 0.04719544
v 0.01857300 0.04241438 0.04820350
v 0.01525097 0.04322559 0.04923844
v 0.01281325 0.04330112 0.05012575
v 0.01675720 0.04318598 0.05042123
v 0.01745138 0.04309863 0.04989341
v 0.01828688 0.04271875 0.04927837
v 0.01791756 0.04294550 0.05095962
v 0.01563988 0.04325100 0.05445038
v 0.01870150 0.04087269 0.05094838
v 0.01864238 0.04192831 0.05035044
v 0.01852556 0.04222506 0.05106487
v 0.01859502 0.04180722 0.05311691
v 0.01822653 0.04266997 0.05191816
v 0.01723012 0.02221959 0.05992919
v 0.01708800 0.02115350 0.06135000
v 0.01717050 0.02233600 0.06146050
v 0.01726256 0.02366781 0.06018331
v 0.01738069 0.02445887 0.05985831
v 0.01737700 0.02513675 0.05952356
v 0.01730609 0.02588247 0.06114009
v 0.01707959 0.02322381 0.06216919
v 0.01720631 0.02445675 0.06186663
v 0.01692587 0.02379563 0.06386512
v 0.01719575 0.02595500 0.06317288
v 0.01722625 0.02641200 0.06190888
v 0.01721275 0.02687537 0.06327519
v 0.01716000 0.02781400 0.06453700
v -0.00262056 0.04419738 0.05010575
v 0.00138256 0.04398400 0.05260038
v -0.00319775 0.04428319 0.05241831
v 0.00066400 0.04409700 0.05495100
v 0.01024394 0.04346844 0.05334312
v 0.00468819 0.04379225 0.05340831
v 0.00773256 0.04362473 0.05461095
v 0.00304438 0.04393775 0.05519844
v 0.00158000 0.04408975 0.05590900
v 0.00370281 0.04392150 0.05640281
v 0.00587888 0.04380800 0.05564512
v 0.00461800 0.04381300 0.05594600
v 0.00707150 0.04374500 0.05736300
v 0.00825700 0.04356300 0.05725700
v -0.00402762 0.04445575 0.05603562
v -0.00743383 0.04483008 0.05778580
v -0.00505688 0.04460075 0.05719350
v -0.00632741 0.04478172 0.05882137
v -0.00197875 0.04432787 0.05620738
v -0.00260100 0.04454300 0.05903600
v -0.00392837 0.04454725 0.05914225
v -0.00126606 0.04431412 0.05745719
v -0.00861450 0.04489825 0.05914025
v -0.00925437 0.04505750 0.06092700
v -0.00692300 0.04498000 0.06086650
v -0.00459400 0.04461100 0.06023900
v -0.00209769 0.04447316 0.06017947
v -0.00530927 0.04483541 0.06259073
v -0.00417850 0.04476275 0.06216375
v -0.00210097 0.04463270 0.06312847
v -0.00337650 0.04468950 0.06288650
v -0.00021300 0.04421150 0.05846800
v 0.00165550 0.04415200 0.05848100
v 0.00359400 0.04400600 0.05852700
v 0.00223200 0.04410112 0.05907863
v 0.00138800 0.04425500 0.06039050
v 0.00403550 0.04392550 0.05873225
v 0.00529358 0.04393508 0.06048916
v 0.00614687 0.04382213 0.05772325
v 0.00643437 0.04381209 0.05920069
v -0.00041625 0.04433900 0.06098450
v 0.00043750 0.04440125 0.06209525
v 0.00143588 0.04430550 0.06246725
v -0.00138103 0.04453097 0.06363778
v -0.00064841 0.04451222 0.06346116
v 0.00244781 0.04427225 0.06282500
v 0.00324750 0.04413881 0.06217553
v 0.00283600 0.04429050 0.06420450
v 0.00430659 0.04410941 0.06325359
v 0.00247650 0.04421356 0.06122850
v 0.00568762 0.04398538 0.06174825
v 0.00482400 0.04416400 0.06377300
v 0.01754156 0.02712906 0.05863694
v 0.01754150 0.02791750 0.05928750
v 0.01733911 0.02777187 0.06149382
v 0.01738981 0.02882181 0.06064619
v 0.01749944 0.02912637 0.05955194
v 0.01765091 0.03072621 0.05957170
v 0.01792100 0.03203500 0.05709887
v 0.01801400 0.03348600 0.05644900
v 0.01777125 0.03164600 0.05920162
v 0.01773431 0.03281847 0.05991194
v 0.01779875 0.03256475 0.05785163
v 0.01801523 0.03444566 0.05678022
v 0.01790947 0.03516753 0.05869219
v 0.01741944 0.03027081 0.06144513
v 0.01725766 0.02910381 0.06329825
v 0.01734200 0.03085700 0.06309975
v 0.01760641 0.03155147 0.06083912
v 0.01754500 0.03216700 0.06116600
v 0.01773300 0.03458200 0.06078700
v 0.01736066 0.03206431 0.06401509
v 0.01761816 0.03420041 0.06246300
v 0.01126800 0.04346550 0.05499850
v 0.00959900 0.04359300 0.05679150
v 0.01282700 0.04334869 0.05616981
v 0.01058006 0.04356172 0.05765706
v 0.01206500 0.04344800 0.05876000
v 0.01395200 0.04334700 0.05882200
v 0.01551487 0.04320600 0.05586825
v 0.01816725 0.03696644 0.05605231
v 0.01806300 0.03594450 0.05727050
v 0.01819150 0.03778675 0.05674600
v 0.01791997 0.03650247 0.05962597
v 0.01821759 0.03982145 0.05827034
v 0.01840775 0.04062462 0.05597713
v 0.01860913 0.04101931 0.05365969
v 0.01845012 0.04109541 0.05731366
v 0.01789727 0.03741920 0.06097794
v 0.01775537 0.03595456 0.06155119
v 0.01773631 0.03646431 0.06265694
v 0.01839437 0.04197341 0.05785044
v 0.01826650 0.04118900 0.06051950
v 0.01826487 0.04197700 0.06047294
v 0.01822525 0.04241019 0.05835625
v 0.01793963 0.04035072 0.06330897
v 0.01696700 0.02950387 0.06670213
v 0.01724312 0.03025887 0.06479937
v 0.01734712 0.03273719 0.06485678
v 0.01675000 0.03240600 0.07114600
v 0.01743375 0.03529238 0.06527837
v 0.01759364 0.03527023 0.06353078
v 0.01722044 0.03592866 0.06855538
v 0.01699600 0.03549150 0.07149000
v 0.00786859 0.04371217 0.05964194
v 0.00971625 0.04359062 0.05868256
v 0.01144981 0.04348725 0.05992859
v 0.00727250 0.04391050 0.06221150
v 0.00977675 0.04356475 0.06019425
v 0.00820563 0.04379850 0.06267675
v 0.01062050 0.04361375 0.06214550
v 0.01313200 0.04340525 0.06083375
v 0.01546103 0.04329294 0.06027731
v 0.01391800 0.04347450 0.06109700
v 0.01145431 0.04352050 0.06270669
v 0.01310087 0.04341212 0.06239675
v 0.01457763 0.04344588 0.06230025
v 0.00893637 0.04379963 0.06396666
v 0.00731500 0.04386300 0.06401900
v 0.00681200 0.04396500 0.06438400
v 0.00650475 0.04401600 0.06563800
v 0.00712650 0.04402637 0.06570875
v 0.01075575 0.04376150 0.06419150
v 0.01169200 0.04354175 0.06456844
v 0.01353709 0.04353525 0.06463947
v 0.01027594 0.04382822 0.06493488
v 0.01129375 0.04361350 0.06499175
v 0.01082297 0.04383247 0.06603119
v 0.00914253 0.04389502 0.06610466
v 0.01141375 0.04367000 0.06640538
v 0.01259250 0.04373875 0.06783875
v 0.01755400 0.03953675 0.06781100
v 0.01795059 0.04261544 0.06174800
v 0.01766375 0.04287731 0.06175287
v 0.01692744 0.04315963 0.06095819
v 0.01717100 0.04314036 0.06264230
v 0.01533800 0.04331300 0.06271000
v 0.01762081 0.04294381 0.06345475
v 0.01815650 0.04203163 0.06214150
v 0.01799822 0.04133491 0.06454997
v 0.01800725 0.04238275 0.06329269
v 0.01782737 0.04272400 0.06425425
v 0.01751581 0.04088606 0.07073062
v 0.01432150 0.04354575 0.06393600
v 0.01483219 0.04359244 0.06599300
v 0.01667444 0.04339552 0.06562625
v 0.01718650 0.04321450 0.06528737
v 0.01538692 0.04364973 0.06820694
v 0.01788987 0.04225819 0.06596288
v 0.01776062 0.04263019 0.06588887
v 0.01748863 0.04298434 0.06592697
v 0.01766353 0.04236459 0.06918891
v 0.01758925 0.04272181 0.06807225
v 0.01762300 0.04138300 0.07034600
v 0.01684519 0.04339825 0.06791106
v 0.01722034 0.04315375 0.06936566
v -0.01061413 0.03112062 0.08209250
v -0.00497391 0.02649019 0.08235050
v -0.00628163 0.03096769 0.08219200
v -0.00284438 0.03183713 0.08221513
v -0.00851500 0.03562463 0.08200237
v -0.00359875 0.03539362 0.08208462
v -0.00004808 0.02295069 0.08273328
v 0.00250220 0.02465563 0.08292157
v -0.00244966 0.02741441 0.08238528
v -0.00103894 0.02531523 0.08255684
v -0.00056966 0.03042715 0.08241431
v 0.00250148 0.02947043 0.08276293
v 0.00679216 0.02380606 0.08317606
v 0.00565694 0.02511400 0.08314375
v 0.00790975 0.02296309 0.08315516
v 0.00904081 0.02366881 0.08306791
v 0.00709000 0.02767100 0.08313200
v 0.01053031 0.02008653 0.08287806
v 0.01109094 0.02379669 0.08278231
v 0.00884288 0.02880481 0.08308281
v 0.00445875 0.02840225 0.08298500
v 0.00586262 0.02915434 0.08305769
v -0.00101313 0.03416975 0.08221700
v 0.00068641 0.03930397 0.08214519
v 0.00271458 0.03218017 0.08270214
v -0.00085650 0.03841388 0.08205900
v 0.00409150 0.03537200 0.08275350
v 0.00543362 0.03206341 0.08297037
v 0.00531100 0.03534744 0.08287675
v 0.01075089 0.02940886 0.08286954
v 0.00991000 0.03199000 0.08299700
v 0.01252431 0.02822031 0.08257581
v 0.01299655 0.03383406 0.08256901
v 0.00744513 0.03321825 0.08304381
v 0.00864869 0.03289131 0.08305169
v 0.00958462 0.03660500 0.08297512
v 0.00719775 0.03629600 0.08296725
v 0.01056962 0.03744003 0.08290100
v -0.01152800 0.04522750 0.06637000
v -0.01012650 0.04516950 0.06659100
v -0.01066600 0.04513500 0.06778000
v -0.00878312 0.04521987 0.06639063
v -0.00873900 0.04516663 0.06777938
v -0.00904887 0.04516819 0.06940712
v -0.00788613 0.04508325 0.06729150
v -0.00820625 0.04500750 0.06878400
v -0.00674200 0.04503700 0.06987200
v -0.00841456 0.04502931 0.06159975
v -0.00926713 0.04517519 0.06372237
v -0.00805481 0.04507763 0.06297788
v -0.00698750 0.04500037 0.06196375
v -0.00639687 0.04495744 0.06303913
v -0.00941050 0.04516050 0.06449650
v -0.00817200 0.04505600 0.06374600
v -0.00419175 0.04485425 0.06331525
v -0.00431937 0.04483806 0.06477781
v -0.00654063 0.04503287 0.06398250
v -0.00594691 0.04488913 0.06447663
v -0.00391875 0.04476625 0.06644500
v -0.00566662 0.04490494 0.06705300
v -0.00440122 0.04491294 0.06728509
v -0.00652219 0.04505522 0.06709898
v -0.00579987 0.04498825 0.06842913
v -0.00390200 0.04485400 0.06910200
v -0.00538013 0.04493731 0.07017244
v 0.00077700 0.04441100 0.06491000
v -0.00018600 0.04457800 0.06574100
v -0.00216588 0.04474350 0.06574725
v -0.00163250 0.04461400 0.06650200
v -0.00048450 0.04455062 0.06686900
v 0.00202400 0.04442300 0.06605500
v 0.00269200 0.04423500 0.06549500
v 0.00392063 0.04423591 0.06528509
v 0.00264464 0.04434228 0.06662727
v 0.00404700 0.04428600 0.06694200
v 0.00476175 0.04415025 0.06645075
v 0.00093050 0.04447550 0.06738500
v 0.00071775 0.04458450 0.06862550
v 0.00387600 0.04435900 0.06776550
v -0.00373688 0.04475675 0.06751425
v -0.00198531 0.04474819 0.06891606
v -0.00300400 0.04490425 0.06975875
v -0.00182750 0.04462012 0.06806550
v -0.00491406 0.04494531 0.07095875
v 0.00057050 0.04460150 0.07001150
v 0.00037919 0.04467666 0.07055366
v -0.00273850 0.04492800 0.07105900
v 0.00228100 0.04449400 0.06971575
v 0.00466100 0.04444200 0.07100200
v -0.00041944 0.04477600 0.07220369
v -0.01161125 0.04525150 0.06940725
v -0.01228100 0.04514250 0.07054700
v -0.00993175 0.04521775 0.07044450
v -0.01093062 0.04518763 0.07077237
v -0.01053725 0.04519281 0.07258644
v -0.01049763 0.04516725 0.07174738
v -0.00800631 0.04509800 0.07076206
v -0.00680981 0.04508894 0.07230575
v -0.00532647 0.04503403 0.07330072
v -0.01254003 0.04522206 0.07531491
v -0.00973856 0.04519069 0.07421200
v -0.01207625 0.04526600 0.07719625
v -0.00902850 0.04521200 0.07689600
v -0.00538250 0.04511500 0.07717650
v -0.00265578 0.04492452 0.07392547
v -0.00234138 0.04499969 0.07750825
v -0.00053805 0.04488005 0.07548483
v -0.00183100 0.04496800 0.07893700
v -0.00702212 0.04508637 0.07884337
v -0.00304100 0.04493750 0.07931750
v 0.00221500 0.04489400 0.07865300
v -0.00023900 0.04484900 0.07944000
v 0.00092000 0.04484100 0.07941300
v -0.00206025 0.04489175 0.07207175
v 0.00200625 0.04484050 0.07686087
v 0.01711750 0.03731675 0.07268150
v 0.00600200 0.04416850 0.06763412
v 0.00720250 0.04409100 0.06848438
v 0.00851769 0.04412525 0.07021313
v 0.00805238 0.04395794 0.06740975
v 0.01049209 0.04392244 0.06781303
v 0.00893787 0.04395800 0.06761350
v 0.01007331 0.04392756 0.06904603
v 0.01260331 0.04383338 0.06956906
v 0.01201550 0.04384387 0.07035225
v 0.00860234 0.04423538 0.07220522
v 0.00534600 0.04452963 0.07405300
v 0.01115225 0.04396669 0.07094425
v 0.00923812 0.04433363 0.07490644
v 0.01734737 0.03979088 0.07189262
v 0.01741350 0.04129300 0.07449900
v 0.01753200 0.04209675 0.07166187
v 0.01429500 0.04373400 0.06758200
v 0.01410550 0.04370513 0.06908525
v 0.01600900 0.04372600 0.07171500
v 0.01278513 0.04388737 0.07105075
v 0.01503000 0.04378100 0.07036000
v 0.01423700 0.04381300 0.07160550
v 0.01744231 0.04265961 0.07159898
v 0.01681600 0.04343469 0.07022969
v 0.01632725 0.04364753 0.07251538
v 0.01675244 0.04340189 0.07370358
v 0.01720352 0.04293111 0.07365009
v 0.01322031 0.04398894 0.07423094
v 0.01734731 0.04228431 0.07482081
v 0.01718750 0.04274500 0.07583350
v 0.01363400 0.04393862 0.07301850
v 0.01212709 0.04398681 0.07593719
v 0.01601513 0.04369650 0.07418587
v 0.01553350 0.04385837 0.07650613
v 0.01679775 0.04331388 0.07574419
v 0.01617900 0.04370737 0.07689700
v 0.01692206 0.04310356 0.07693556
v 0.00278069 0.04014425 0.08235081
v 0.00479037 0.03900375 0.08266975
v 0.00691788 0.04120400 0.08276050
v 0.00156475 0.04485400 0.07927975
v 0.00015556 0.04467812 0.07991187
v 0.00119078 0.04447609 0.08019862
v 0.00418225 0.04465475 0.07989900
v 0.00291122 0.04393384 0.08070159
v 0.00327250 0.04439100 0.08027750
v 0.00470475 0.04387700 0.08071275
v 0.00489178 0.04370425 0.08097503
v 0.00556431 0.04354159 0.08145859
v 0.00746025 0.04336287 0.08240188
v 0.00855125 0.03812894 0.08295650
v 0.00874450 0.04252750 0.08279950
v 0.01071150 0.04261500 0.08280900
v 0.01231413 0.03913956 0.08269962
v 0.01473180 0.03905680 0.08239612
v 0.01483100 0.04227225 0.08244600
v 0.01240750 0.04254231 0.08268319
v 0.00613900 0.04462250 0.07683100
v 0.00948100 0.04432775 0.07579172
v 0.00735238 0.04451800 0.07773575
v 0.00994225 0.04422563 0.07722225
v 0.00557787 0.04473975 0.07875675
v 0.00271650 0.04482550 0.07934100
v 0.00439775 0.04476625 0.07947506
v 0.00800250 0.04449194 0.07819250
v 0.00816827 0.04463509 0.07917495
v 0.00620500 0.04466000 0.07961087
v 0.01082084 0.04452272 0.07961069
v 0.00447450 0.04462450 0.07994800
v 0.00651100 0.04413100 0.08050700
v 0.00612437 0.04422375 0.08042100
v 0.00751950 0.04403700 0.08057450
v 0.00768125 0.04438838 0.08020750
v 0.00786000 0.04394000 0.08065600
v 0.00712262 0.04374881 0.08082181
v 0.00926006 0.04449775 0.07994656
v 0.00823200 0.04405200 0.08056200
v 0.00782019 0.04360463 0.08104231
v 0.01261025 0.04399625 0.07670987
v 0.01437713 0.04395562 0.07640369
v 0.01115678 0.04445675 0.07866628
v 0.01387125 0.04421375 0.07809400
v 0.01299175 0.04444425 0.07926375
v 0.01479813 0.04417912 0.07864850
v 0.01414769 0.04430247 0.07958356
v 0.01673337 0.04335237 0.07908053
v 0.01625900 0.04375250 0.07907913
v 0.01513331 0.04410300 0.07977900
v 0.01582013 0.04394463 0.07881337
v 0.01608825 0.04362025 0.08065450
v 0.01084813 0.04423025 0.08037175
v 0.01201622 0.04436956 0.08007047
v 0.01108600 0.04363400 0.08094600
v 0.00944800 0.04371600 0.08085750
v 0.00950325 0.04345400 0.08148919
v 0.00996275 0.04330838 0.08251687
v 0.01030100 0.04355200 0.08106700
v 0.01154425 0.04358787 0.08111288
v 0.01179000 0.04356600 0.08118600
v 0.01148762 0.04331400 0.08242687
v 0.01030087 0.04315913 0.08267050
v 0.00919788 0.04311200 0.08268563
v 0.01189481 0.04293150 0.08267019
v 0.01426700 0.04404700 0.08046800
v 0.01296650 0.04363075 0.08106425
v 0.01271600 0.04361300 0.08110900
v 0.01372650 0.04355425 0.08113925
v 0.01404000 0.04348525 0.08124150
v 0.01559444 0.04339169 0.08125894
v 0.01440262 0.04321950 0.08211087
v 0.01476100 0.04336500 0.08149600
v 0.01523500 0.04334431 0.08150262
v 0.01636300 0.04311400 0.08196300
v 0.01288500 0.04331100 0.08231800
v 0.01391875 0.04306712 0.08238331
v 0.01190069 0.04321956 0.08254244
v 0.01532384 0.04260119 0.08233541
v 0.01664397 0.01179803 0.06453253
v 0.01671500 0.01256950 0.06334900
v 0.01684012 0.01356525 0.06242175
v 0.01679100 0.01504800 0.06306200
v 0.01654725 0.01264362 0.06624162
v 0.01669375 0.01652431 0.06447069
v 0.01696712 0.01720463 0.06226188
v 0.01682184 0.01749025 0.06358225
v 0.01699100 0.01887500 0.06257200
v 0.01653400 0.01464325 0.06790575
v 0.01661925 0.02040850 0.06701825
v 0.01672700 0.02002438 0.06514963
v 0.01656088 0.01881194 0.06890612
v 0.01698550 0.01888550 0.06166300
v 0.01705447 0.02070634 0.06212181
v 0.01703519 0.02231422 0.06278850
v 0.01677000 0.02590750 0.06675450
v 0.01656150 0.01886000 0.07046800
v 0.01659111 0.02341289 0.06894509
v 0.01664841 0.01974131 0.07256622
v 0.01657225 0.02293875 0.07046500
v 0.01675656 0.02052400 0.07462044
v 0.01701400 0.01785250 0.07808600
v 0.01655550 0.02456950 0.07047550
v 0.01661775 0.02835038 0.07064800
v 0.01673734 0.02803034 0.07590831
v 0.01669650 0.02899300 0.07473250
v 0.01671072 0.03270753 0.07254134
v 0.01666541 0.03142003 0.07341241
v 0.01707419 0.02013425 0.07861862
v 0.01765566 0.01841772 0.08059134
v 0.01697000 0.02328200 0.07782600
v 0.01716438 0.02111850 0.07901063
v 0.01731575 0.02095713 0.07943175
v 0.01785056 0.02153731 0.08032000
v 0.01722125 0.02261375 0.07901500
v 0.01384062 0.02290628 0.08231306
v 0.01596800 0.01705800 0.08196800
v 0.01492756 0.02169850 0.08211005
v 0.01611525 0.01621100 0.08198375
v 0.01668388 0.01725650 0.08177750
v 0.01732694 0.01749781 0.08146844
v 0.01759425 0.01791913 0.08117906
v 0.01700500 0.01868200 0.08164800
v 0.01759975 0.01925875 0.08123050
v 0.01612850 0.01944000 0.08186850
v 0.01616525 0.01949450 0.08185925
v 0.01781828 0.02039178 0.08075653
v 0.01778016 0.02125972 0.08101941
v 0.01690694 0.02098912 0.08161294
v 0.01628625 0.02121975 0.08180825
v 0.01639000 0.02080700 0.08178400
v 0.01738150 0.02105188 0.08136662
v 0.01785100 0.02291400 0.07996900
v 0.01777506 0.02308713 0.08105869
v 0.01798413 0.02379981 0.08068419
v 0.01615850 0.02263450 0.08183300
v 0.01615000 0.02358550 0.08182800
v 0.01624550 0.02403575 0.08179850
v 0.01722300 0.02433456 0.08143400
v 0.01758875 0.01654675 0.08106100
v 0.01679850 0.02738500 0.07691800
v 0.01709388 0.02415819 0.07859456
v 0.01691650 0.02709231 0.07784013
v 0.01735237 0.02481588 0.07914978
v 0.01787188 0.02458662 0.07995012
v 0.01799138 0.02336787 0.08044019
v 0.01705075 0.02679913 0.07841644
v 0.01789388 0.02765137 0.07981150
v 0.01728250 0.02873638 0.07891262
v 0.01751894 0.02831213 0.07928703
v 0.01804944 0.02611306 0.08032869
v 0.01606700 0.02713000 0.08184050
v 0.01626300 0.02466400 0.08179000
v 0.01636800 0.02562800 0.08175800
v 0.01627650 0.02523500 0.08178450
v 0.01707709 0.02623356 0.08151059
v 0.01785087 0.02518056 0.08095812
v 0.01629700 0.02667800 0.08177900
v 0.01783444 0.02703531 0.08103563
v 0.01805206 0.02674356 0.08063659
v 0.01697025 0.02967959 0.07808741
v 0.01675725 0.03217412 0.07695763
v 0.01708711 0.03264000 0.07848859
v 0.01734878 0.03237587 0.07897169
v 0.01806553 0.02948469 0.08021156
v 0.01799494 0.02905231 0.08083675
v 0.01754212 0.02889806 0.08129444
v 0.01808813 0.02999625 0.08055150
v 0.01796363 0.03097813 0.07993400
v 0.01604475 0.02890050 0.08187725
v 0.01476828 0.03129872 0.08219641
v 0.01611700 0.02819500 0.08184375
v 0.01602500 0.03014800 0.08191300
v 0.01692072 0.03024094 0.08167877
v 0.01581100 0.03076600 0.08197400
v 0.01587050 0.03100950 0.08197100
v 0.01600300 0.03255800 0.08200700
v 0.01587400 0.03259900 0.08203250
v 0.01778075 0.03027387 0.08121100
v 0.01769700 0.03153900 0.08134400
v 0.01792275 0.03140700 0.08105762
v 0.01680769 0.03452838 0.07267150
v 0.01668903 0.03480869 0.07430119
v 0.01669375 0.03665641 0.07558581
v 0.01676450 0.03669750 0.07454850
v 0.01709150 0.03836784 0.07387931
v 0.01669747 0.03492331 0.07623019
v 0.01686603 0.03497325 0.07778286
v 0.01676519 0.03709781 0.07720478
v 0.01783900 0.03302100 0.07969150
v 0.01722147 0.03729006 0.07889553
v 0.01808062 0.03280634 0.08041241
v 0.01680219 0.03938975 0.07618659
v 0.01691875 0.03874575 0.07819100
v 0.01676000 0.03933400 0.07678300
v 0.01684700 0.03975800 0.07768800
v 0.01695000 0.04026400 0.07590100
v 0.01732600 0.04140500 0.07537000
v 0.01691350 0.04099075 0.07714700
v 0.01707294 0.04191144 0.07737275
v 0.01798825 0.03467931 0.08017125
v 0.01785175 0.03604600 0.07983744
v 0.01628900 0.03485825 0.08203875
v 0.01587400 0.03313800 0.08205200
v 0.01619262 0.03455413 0.08204438
v 0.01713744 0.03328406 0.08172619
v 0.01753122 0.03423612 0.08155716
v 0.01662200 0.03813100 0.08208400
v 0.01699500 0.03743500 0.08196800
v 0.01768425 0.03626987 0.08147300
v 0.01740325 0.03698675 0.08174000
v 0.01802856 0.03264625 0.08082012
v 0.01771713 0.03311925 0.08135862
v 0.01788794 0.03502069 0.08116956
v 0.01803512 0.03494300 0.08067613
v 0.01797719 0.03721625 0.08040400
v 0.01795500 0.03673663 0.08089050
v 0.01752562 0.03909675 0.07943119
v 0.01784831 0.03905319 0.08017644
v 0.01749400 0.04140019 0.07957031
v 0.01767225 0.03828150 0.08149525
v 0.01788353 0.03908844 0.08070597
v 0.01719125 0.03911050 0.08190263
v 0.01748219 0.03967019 0.08169519
v 0.01773775 0.04142450 0.08115375
v 0.01683025 0.03967650 0.08206600
v 0.01663700 0.03824900 0.08208050
v 0.01686100 0.04225500 0.08211000
v 0.01685775 0.03928900 0.08206125
v 0.01693950 0.04040350 0.08204100
v 0.01717481 0.04201262 0.07853694
v 0.01703850 0.04279962 0.07781837
v 0.01771500 0.04157100 0.08024800
v 0.01762100 0.04222200 0.08077350
v 0.01740725 0.04212469 0.07965056
v 0.01726437 0.04274494 0.07996662
v 0.01737300 0.04281700 0.08103100
v 0.01681425 0.04327200 0.08099275
v 0.01706000 0.04068400 0.08201400
v 0.01698900 0.04166000 0.08206000
v 0.01734300 0.04235325 0.08175138
v 0.01741044 0.04154019 0.08177450
v 0.01713500 0.04282100 0.08174000
v 0.01651875 0.04317300 0.08156475
v 0.01679100 0.04312500 0.08153500
v 0.01674400 0.04278600 0.08203700
v 0.01434825 0.04326234 0.05363056
v 0.01745447 0.04310631 0.05274759
v 0.01710384 0.04315175 0.05495966
v 0.01697437 0.04314200 0.05655425
v 0.01848719 0.04225956 0.05358894
v 0.01775125 0.04295888 0.05478859
v 0.01826402 0.04251606 0.05483350
v 0.01837791 0.04224375 0.05606437
v 0.01739334 0.04305559 0.05876706
v 0.01783284 0.04285169 0.05735912
v 0.01802862 0.04264494 0.05898369
v -0.02075406 0.03011269 0.08099669
v -0.01837184 0.02909562 0.08173316
v -0.01962575 0.03261187 0.08122875
v -0.01818675 0.03199984 0.08168078
v -0.01681200 0.03141500 0.08186400
v -0.01224000 0.03250500 0.08198200
v -0.01898598 0.03457909 0.08132477
v -0.01751606 0.03374750 0.08175688
v -0.01816919 0.03565037 0.08156306
v -0.01684862 0.03661063 0.08174050
v -0.01350213 0.03679687 0.08185481
v -0.01754569 0.03733506 0.08167125
v -0.01827025 0.03892363 0.08151250
v -0.01179425 0.03876487 0.08185444
v -0.01443725 0.04347075 0.08174850
v -0.00816219 0.04175906 0.08180669
v -0.01689959 0.04219262 0.08167853
v -0.01670312 0.04398594 0.08172819
v -0.00401425 0.04069797 0.08188850
v -0.01385794 0.04526413 0.07736706
v -0.01312169 0.04522500 0.07839963
v -0.01370197 0.04514100 0.07899284
v -0.01524900 0.04504000 0.07945500
v -0.01432000 0.04487500 0.07978400
v -0.01182725 0.04501075 0.07945650
v -0.01340100 0.04483300 0.07985500
v -0.01169750 0.04450475 0.08048191
v -0.01168125 0.04314337 0.08177231
v -0.01126975 0.04370522 0.08173875
v -0.01191850 0.04501800 0.07943200
v -0.01063875 0.04488675 0.07976863
v -0.00723616 0.04470281 0.08002591
v -0.00848687 0.04434356 0.08059213
v -0.01038762 0.04423387 0.08139312
v -0.00880175 0.04401950 0.08153325
v -0.00870659 0.04516331 0.07842494
v -0.01046200 0.04506925 0.07926100
v -0.00890800 0.04510425 0.07903400
v -0.00841025 0.04491525 0.07968250
v -0.01453512 0.04451050 0.08058850
v -0.01482900 0.04437959 0.08132650
v -0.01663087 0.04430719 0.08156744
v -0.01569000 0.04421700 0.08168150
v -0.01425550 0.04398931 0.08168644
v -0.01352825 0.04423050 0.08153050
v -0.01299772 0.04435978 0.08123063
v -0.01208812 0.04413400 0.08157925
v -0.01054331 0.04411106 0.08156694
v -0.00939400 0.04374100 0.08169662
v -0.00638900 0.04345700 0.08174500
v -0.00778250 0.04413500 0.08121881
v -0.00774463 0.04387425 0.08159050
v -0.00399288 0.04294366 0.08181147
v -0.00612569 0.04386463 0.08156244
v -0.00389319 0.04347263 0.08174381
v -0.00026650 0.04282550 0.08191613
v -0.00535313 0.04500387 0.07914887
v -0.00449500 0.04494900 0.07937600
v -0.00388569 0.04467506 0.08000550
v -0.00468481 0.04416356 0.08071256
v -0.00410700 0.04497600 0.07922500
v -0.00690100 0.04427900 0.08056000
v -0.00480794 0.04395619 0.08136869
v -0.00267375 0.04413925 0.08065350
v -0.00177088 0.04346675 0.08175875
v -0.00175053 0.04417847 0.08058503
v -0.00265362 0.04380250 0.08155038
v -0.00084625 0.04366650 0.08165725
v -0.00007450 0.04397950 0.08074525
v -0.00351100 0.04492900 0.07939300
v -0.00208575 0.04481550 0.07967169
v -0.00135900 0.04449019 0.08021612
v -0.00425150 0.04373325 0.08163681
v -0.00018700 0.04347400 0.08178375
v 0.00030050 0.04367725 0.08163000
v 0.00227547 0.04278962 0.08212584
v 0.00126638 0.04350500 0.08180425
v 0.00288875 0.04323609 0.08207063
v 0.00097306 0.04391144 0.08079706
v 0.00263359 0.04376984 0.08104409
v 0.00244063 0.04357244 0.08175987
v 0.00508200 0.04275300 0.08249900
v 0.00643175 0.04248738 0.08264913
v 0.00430750 0.04341288 0.08214875
v 0.00458912 0.04349850 0.08200537
v 0.00575188 0.04326544 0.08238994
v 0.00761687 0.04311600 0.08260406
v 0.00800800 0.04320475 0.01968225
v 0.01174250 0.04303550 0.01877950
v 0.01243300 0.04303300 0.01994500
f 2 1 3
f 5 6 7
f 3 6 5
f 1 4 8
f 3 1 8
f 4 11 8
f 6 14 7
f 15 6 3
f 15 14 6
f 8 15 3
f 17 15 8
f 16 17 8
f 7 14 18
f 18 19 7
f 15 18 14
f 20 8 11
f 20 16 8
f 20 22 16
f 21 12 13
f 13 12 10
f 13 22 21
f 22 24 23
f 13 26 22
f 27 24 22
f 30 28 31
f 30 32 34
f 30 34 28
f 18 15 35
f 18 35 36
f 36 19 18
f 38 19 36
f 38 36 39
f 37 19 38
f 31 15 17
f 31 35 15
f 25 17 16
f 31 40 35
f 30 31 25
f 25 31 17
f 36 35 40
f 25 32 30
f 28 40 31
f 36 40 39
f 28 29 40
f 28 42 29
f 42 41 39
f 39 29 42
f 42 28 43
f 41 42 44
f 42 43 44
f 40 29 39
f 38 39 41
f 38 41 45
f 38 45 37
f 44 45 41
f 37 45 47
f 46 37 47
f 48 34 32
f 33 49 48
f 24 27 33
f 33 50 49
f 33 27 50
f 51 34 48
f 34 43 28
f 53 43 34
f 34 51 54
f 52 54 51
f 50 52 49
f 56 58 57
f 60 58 56
f 59 58 61
f 61 58 62
f 60 62 58
f 64 65 56
f 64 66 65
f 67 60 56
f 62 60 68
f 67 56 65
f 69 67 65
f 67 68 60
f 71 44 72
f 71 45 44
f 71 47 45
f 46 47 74
f 73 74 47
f 47 71 73
f 74 73 75
f 76 74 75
f 53 77 43
f 53 34 54
f 78 53 54
f 78 54 79
f 43 72 44
f 77 72 43
f 80 72 77
f 80 77 58
f 80 81 72
f 77 53 57
f 78 57 53
f 57 58 77
f 56 57 78
f 72 81 71
f 71 81 84
f 73 71 84
f 55 52 79
f 83 78 79
f 79 86 82
f 86 79 85
f 78 83 56
f 56 83 64
f 85 64 86
f 80 58 81
f 81 58 59
f 73 84 75
f 81 75 84
f 61 75 81
f 81 59 61
f 87 75 61
f 88 76 75
f 87 88 75
f 27 90 50
f 90 27 89
f 90 52 50
f 85 52 90
f 90 89 91
f 92 90 91
f 90 92 93
f 65 66 69
f 94 95 69
f 69 66 94
f 85 79 52
f 66 85 96
f 66 64 85
f 85 90 96
f 97 96 93
f 90 93 96
f 66 96 97
f 66 97 98
f 66 98 99
f 101 98 97
f 101 97 100
f 97 93 107
f 93 106 107
f 104 101 100
f 108 102 105
f 102 108 103
f 100 108 104
f 109 103 108
f 110 108 100
f 112 109 111
f 111 109 108
f 113 108 110
f 108 113 111
f 114 100 97
f 97 107 114
f 100 114 110
f 116 114 107
f 114 115 110
f 115 114 117
f 115 117 118
f 114 116 117
f 119 112 111
f 119 111 120
f 121 111 113
f 120 111 121
f 113 122 121
f 123 122 117
f 117 122 118
f 123 121 122
f 121 119 120
f 119 121 125
f 125 124 119
f 129 130 128
f 130 129 131
f 133 131 134
f 136 135 137
f 137 135 132
f 138 128 139
f 140 130 131
f 140 131 133
f 130 139 128
f 139 130 140
f 141 140 133
f 133 134 142
f 141 133 142
f 137 132 145
f 138 132 128
f 145 132 138
f 136 137 146
f 147 139 140
f 147 140 141
f 146 137 145
f 149 136 146
f 148 149 146
f 150 149 148
f 151 138 139
f 147 152 139
f 153 145 154
f 154 145 138
f 154 138 151
f 152 151 139
f 155 151 152
f 151 155 154
f 145 153 146
f 148 146 153
f 150 148 153
f 154 155 156
f 157 153 154
f 158 157 154
f 153 157 150
f 160 150 157
f 159 150 160
f 141 142 143
f 161 143 144
f 141 143 162
f 162 143 161
f 152 147 163
f 147 141 162
f 163 147 162
f 164 163 162
f 165 161 144
f 166 161 165
f 166 165 167
f 168 155 152
f 169 155 168
f 171 168 152
f 152 163 170
f 170 163 164
f 172 164 162
f 170 164 172
f 172 162 173
f 162 161 166
f 162 166 174
f 174 166 175
f 166 167 175
f 176 162 174
f 175 167 178
f 178 179 175
f 177 174 175
f 177 175 180
f 179 180 175
f 182 183 184
f 185 184 183
f 184 186 182
f 187 186 184
f 188 184 185
f 188 187 184
f 182 189 190
f 191 190 189
f 192 191 189
f 192 194 191
f 193 191 194
f 186 195 182
f 195 189 182
f 198 196 189
f 189 195 197
f 199 192 196
f 192 189 196
f 200 190 191
f 200 183 190
f 183 182 190
f 200 191 193
f 187 201 186
f 195 186 201
f 202 187 188
f 202 201 187
f 206 205 197
f 206 197 207
f 197 195 208
f 203 195 201
f 195 203 208
f 208 207 197
f 213 185 212
f 214 183 200
f 214 185 183
f 212 185 215
f 215 185 214
f 216 200 193
f 216 209 200
f 214 200 209
f 215 218 212
f 217 215 214
f 214 210 217
f 210 214 209
f 213 188 185
f 219 220 202
f 219 202 188
f 202 220 201
f 218 213 212
f 188 213 221
f 213 222 221
f 222 213 218
f 223 215 217
f 211 217 210
f 224 215 223
f 226 218 224
f 224 218 215
f 207 227 206
f 228 206 229
f 227 229 206
f 229 231 228
f 231 230 228
f 236 233 235
f 235 233 232
f 220 219 239
f 201 220 238
f 238 203 201
f 188 221 219
f 232 239 221
f 221 239 219
f 235 232 221
f 221 222 235
f 203 238 240
f 203 240 208
f 240 242 208
f 243 238 220
f 233 243 239
f 239 243 220
f 232 233 239
f 234 243 233
f 207 208 241
f 227 207 241
f 226 222 218
f 237 235 222
f 222 226 237
f 245 233 236
f 246 245 236
f 236 235 246
f 247 243 234
f 247 244 243
f 248 234 233
f 248 247 234
f 245 248 233
f 244 247 249
f 242 241 208
f 250 241 242
f 243 240 238
f 242 240 251
f 243 251 240
f 241 229 227
f 252 229 241
f 229 252 231
f 243 244 251
f 244 242 251
f 252 241 250
f 253 231 252
f 223 217 211
f 254 223 211
f 225 224 223
f 255 223 254
f 225 223 255
f 256 225 255
f 225 256 257
f 258 225 257
f 261 226 224
f 225 262 224
f 262 261 224
f 261 237 226
f 263 237 261
f 258 262 225
f 261 262 263
f 264 246 235
f 265 235 237
f 235 265 264
f 265 237 263
f 246 248 245
f 266 248 246
f 246 264 267
f 263 268 265
f 269 258 257
f 262 258 270
f 269 270 258
f 269 257 259
f 259 272 269
f 272 273 269
f 274 271 270
f 273 270 269
f 270 273 274
f 268 263 262
f 270 268 262
f 270 271 268
f 275 268 271
f 274 275 271
f 247 248 277
f 279 249 247
f 279 278 249
f 247 277 279
f 244 249 280
f 249 278 280
f 244 280 281
f 252 250 282
f 282 253 252
f 253 282 283
f 284 285 231
f 231 253 284
f 231 285 230
f 253 283 284
f 250 242 281
f 281 286 250
f 242 244 281
f 282 250 286
f 283 282 287
f 287 282 286
f 280 288 281
f 288 286 281
f 284 283 290
f 284 290 291
f 289 287 286
f 283 287 290
f 287 289 290
f 290 289 292
f 284 293 285
f 284 291 293
f 294 285 293
f 295 266 246
f 266 277 248
f 267 295 246
f 296 295 297
f 296 277 266
f 296 266 295
f 298 267 264
f 299 297 295
f 267 299 295
f 277 296 301
f 301 279 277
f 300 279 301
f 278 300 280
f 279 300 278
f 303 300 301
f 280 300 288
f 288 289 286
f 302 288 300
f 288 304 289
f 305 296 297
f 296 305 306
f 306 301 296
f 307 305 297
f 307 297 299
f 292 289 304
f 298 264 265
f 268 298 265
f 275 308 268
f 308 309 268
f 298 268 309
f 267 310 299
f 311 307 299
f 267 298 310
f 298 309 312
f 309 313 312
f 312 310 298
f 299 310 311
f 315 314 316
f 316 317 315
f 322 316 314
f 322 314 321
f 319 321 314
f 316 318 317
f 323 320 311
f 324 321 319
f 324 319 320
f 325 324 320
f 303 302 300
f 302 303 326
f 303 327 326
f 304 288 328
f 302 326 288
f 328 288 326
f 329 328 326
f 290 292 330
f 304 328 331
f 331 292 304
f 306 303 301
f 315 303 306
f 314 315 306
f 305 314 306
f 326 327 329
f 332 327 303
f 315 332 303
f 330 291 290
f 331 333 292
f 333 330 292
f 330 334 291
f 315 317 332
f 317 327 332
f 317 318 327
f 327 318 329
f 335 336 331
f 328 335 331
f 329 318 337
f 329 337 328
f 337 318 338
f 335 328 337
f 336 333 331
f 293 291 334
f 334 294 293
f 294 334 339
f 319 305 307
f 319 314 305
f 320 319 307
f 311 320 307
f 311 310 340
f 259 257 260
f 341 259 260
f 342 272 259
f 342 273 272
f 343 274 273
f 273 344 343
f 341 342 259
f 273 342 344
f 346 342 345
f 275 274 276
f 347 276 274
f 343 347 274
f 347 343 344
f 346 344 342
f 348 346 345
f 346 349 344
f 349 347 344
f 351 347 349
f 346 348 350
f 350 349 346
f 352 348 345
f 353 348 352
f 354 353 352
f 355 348 353
f 355 350 348
f 354 356 353
f 356 355 353
f 357 356 354
f 358 357 354
f 276 308 275
f 361 308 276
f 308 361 313
f 313 309 308
f 361 276 362
f 347 362 276
f 313 361 363
f 363 312 313
f 362 364 361
f 365 363 361
f 364 365 361
f 366 365 364
f 347 367 362
f 367 347 351
f 350 351 349
f 368 351 350
f 368 367 351
f 362 369 364
f 370 362 367
f 362 370 369
f 368 370 367
f 323 325 320
f 371 372 323
f 374 373 371
f 373 374 376
f 375 376 374
f 363 310 312
f 310 378 340
f 363 378 310
f 340 323 311
f 365 378 363
f 340 378 371
f 365 374 378
f 371 323 340
f 378 374 371
f 366 364 369
f 377 365 366
f 370 379 369
f 366 369 379
f 379 377 366
f 377 374 365
f 377 375 374
f 380 368 350
f 355 380 350
f 380 355 381
f 380 383 368
f 370 368 383
f 382 383 380
f 383 384 370
f 381 355 356
f 357 381 356
f 386 381 357
f 358 360 357
f 386 357 360
f 381 382 380
f 382 381 386
f 387 382 386
f 388 387 386
f 390 377 391
f 370 384 379
f 383 392 384
f 392 383 385
f 392 393 384
f 391 377 379
f 384 391 379
f 393 391 384
f 394 390 391
f 382 385 383
f 382 395 385
f 395 392 385
f 387 395 382
f 397 395 387
f 398 393 392
f 396 392 395
f 397 396 395
f 396 398 392
f 199 399 192
f 402 400 401
f 401 403 402
f 199 204 404
f 405 404 228
f 399 401 400
f 399 199 404
f 404 405 407
f 405 406 409
f 408 407 405
f 194 192 400
f 194 400 402
f 399 400 192
f 194 410 193
f 402 411 194
f 410 194 411
f 411 402 412
f 199 196 204
f 204 196 198
f 206 228 205
f 228 414 405
f 417 399 404
f 417 415 399
f 407 417 404
f 407 418 417
f 403 401 415
f 399 415 401
f 403 415 416
f 417 416 415
f 421 417 2
f 421 416 417
f 403 416 419
f 419 416 422
f 419 422 423
f 420 419 423
f 412 402 420
f 402 403 420
f 420 423 412
f 411 412 424
f 412 423 424
f 420 403 419
f 209 216 425
f 216 426 425
f 210 209 425
f 425 428 210
f 427 426 413
f 427 413 429
f 216 193 410
f 426 216 410
f 426 410 413
f 410 411 413
f 413 411 432
f 411 424 432
f 429 413 432
f 429 432 433
f 433 431 429
f 421 422 416
f 422 421 5
f 434 422 435
f 423 422 434
f 423 434 436
f 5 435 422
f 435 5 7
f 437 435 7
f 435 437 434
f 438 424 439
f 424 423 436
f 436 439 424
f 434 437 440
f 440 436 434
f 436 440 441
f 439 436 442
f 439 442 443
f 442 436 441
f 432 424 438
f 438 444 433
f 444 438 439
f 438 433 432
f 444 445 431
f 431 433 444
f 446 431 445
f 444 439 447
f 447 439 443
f 447 443 449
f 445 444 447
f 445 447 448
f 450 448 447
f 406 405 414
f 414 451 406
f 452 418 407
f 418 452 454
f 407 408 452
f 455 456 406
f 1 417 418
f 418 454 457
f 457 1 418
f 1 2 417
f 453 406 456
f 459 406 451
f 455 406 459
f 455 460 10
f 414 228 230
f 414 230 461
f 461 451 414
f 451 461 459
f 460 455 459
f 13 460 462
f 462 460 459
f 459 461 462
f 1 457 4
f 2 5 421
f 3 5 2
f 4 457 9
f 458 456 455
f 455 10 458
f 19 440 437
f 19 437 7
f 10 460 13
f 463 210 428
f 463 211 210
f 464 428 425
f 464 425 426
f 465 464 426
f 465 426 427
f 464 466 463
f 463 428 464
f 430 427 429
f 467 464 465
f 427 430 469
f 466 464 467
f 254 211 463
f 470 254 463
f 470 463 466
f 471 466 467
f 472 465 427
f 472 427 469
f 430 429 468
f 468 469 430
f 468 429 473
f 473 429 431
f 473 431 446
f 474 469 468
f 474 468 473
f 476 478 471
f 479 472 480
f 476 472 479
f 466 477 470
f 477 466 471
f 481 254 470
f 482 255 254
f 471 467 465
f 465 476 471
f 476 465 472
f 483 477 471
f 483 471 478
f 476 484 478
f 484 476 479
f 481 470 477
f 254 481 482
f 480 472 485
f 469 485 472
f 485 469 474
f 485 474 473
f 487 473 475
f 485 473 486
f 486 473 487
f 255 482 256
f 488 256 482
f 257 256 260
f 475 473 446
f 446 445 475
f 489 475 490
f 490 475 445
f 448 490 445
f 490 448 450
f 491 490 450
f 487 475 492
f 489 492 475
f 492 489 493
f 489 490 494
f 493 489 494
f 495 493 494
f 490 491 494
f 496 443 442
f 449 443 496
f 450 447 449
f 450 449 498
f 449 496 497
f 498 449 497
f 450 498 499
f 500 498 497
f 499 498 500
f 37 440 19
f 441 440 37
f 441 37 46
f 441 46 442
f 442 46 501
f 501 496 442
f 501 46 74
f 74 496 501
f 502 496 74
f 497 496 502
f 500 497 503
f 504 74 76
f 502 74 504
f 497 502 503
f 503 502 504
f 505 76 88
f 505 504 76
f 506 505 88
f 508 500 503
f 503 504 509
f 508 503 509
f 510 508 509
f 509 504 505
f 505 507 509
f 507 505 511
f 510 509 512
f 507 512 509
f 491 450 514
f 514 450 499
f 510 499 500
f 516 514 499
f 516 499 515
f 517 515 499
f 517 499 510
f 491 514 495
f 491 495 494
f 514 516 518
f 518 495 514
f 516 515 519
f 520 518 516
f 510 500 508
f 510 521 517
f 519 515 517
f 522 517 521
f 519 517 522
f 522 521 524
f 522 524 525
f 521 510 512
f 526 512 507
f 523 521 512
f 523 512 526
f 523 526 524
f 524 521 523
f 527 462 461
f 529 462 527
f 230 528 461
f 527 461 528
f 529 527 528
f 528 230 285
f 530 528 531
f 528 285 531
f 530 529 528
f 26 13 462
f 462 529 26
f 22 26 27
f 26 532 27
f 26 529 533
f 529 530 533
f 26 533 532
f 531 285 534
f 534 285 294
f 531 535 530
f 531 534 535
f 534 294 536
f 339 536 294
f 536 535 534
f 535 536 537
f 533 530 535
f 533 535 538
f 532 533 540
f 532 540 539
f 538 540 533
f 539 540 541
f 541 540 543
f 544 540 538
f 538 545 544
f 542 541 543
f 544 543 540
f 535 537 538
f 547 546 537
f 546 538 537
f 538 546 545
f 27 532 89
f 91 89 532
f 539 91 532
f 548 91 539
f 92 91 106
f 106 91 548
f 106 93 92
f 551 549 550
f 541 542 539
f 539 542 548
f 548 542 549
f 552 542 543
f 550 549 542
f 552 550 542
f 552 553 550
f 553 551 550
f 548 549 554
f 106 548 554
f 554 555 106
f 549 551 554
f 551 556 554
f 556 555 554
f 106 555 107
f 126 124 127
f 483 478 557
f 477 558 481
f 558 477 483
f 559 481 558
f 557 478 484
f 560 558 483
f 482 481 561
f 488 482 561
f 561 481 559
f 560 483 557
f 559 558 560
f 132 560 557
f 562 561 559
f 562 488 561
f 480 131 479
f 563 131 480
f 563 480 485
f 564 485 486
f 484 129 557
f 129 484 479
f 129 479 131
f 557 129 128
f 563 485 564
f 260 256 488
f 565 260 488
f 341 260 565
f 566 559 560
f 567 559 566
f 559 567 562
f 569 562 567
f 568 562 569
f 128 132 557
f 132 135 560
f 566 560 135
f 134 131 563
f 134 563 564
f 567 566 135
f 136 567 135
f 565 488 570
f 570 488 568
f 568 488 562
f 570 341 565
f 571 572 570
f 571 570 568
f 572 341 570
f 574 486 487
f 574 487 492
f 574 492 575
f 576 486 574
f 564 486 576
f 576 574 577
f 577 574 575
f 492 493 578
f 578 493 495
f 578 579 575
f 492 578 575
f 142 134 564
f 142 564 576
f 143 142 576
f 576 577 144
f 576 144 143
f 577 575 579
f 577 579 580
f 144 577 580
f 580 581 144
f 342 341 572
f 573 345 342
f 573 342 572
f 352 345 573
f 571 568 569
f 582 571 569
f 567 136 149
f 567 149 569
f 159 569 149
f 569 159 582
f 572 571 583
f 573 572 583
f 583 571 582
f 584 583 582
f 586 352 573
f 585 573 583
f 159 149 150
f 587 582 159
f 584 582 587
f 584 585 583
f 589 585 584
f 573 585 589
f 586 573 589
f 588 589 584
f 589 588 591
f 586 589 591
f 591 592 586
f 591 593 592
f 165 144 581
f 586 594 352
f 352 594 354
f 594 586 590
f 358 354 594
f 586 592 590
f 358 594 590
f 592 359 590
f 359 358 590
f 578 495 595
f 595 495 518
f 578 595 596
f 579 578 596
f 520 596 595
f 520 595 518
f 597 520 516
f 580 579 596
f 581 580 598
f 596 598 580
f 599 520 597
f 598 596 520
f 599 598 520
f 597 516 519
f 597 519 601
f 601 602 597
f 601 519 522
f 601 522 525
f 603 601 525
f 604 601 603
f 597 602 599
f 606 599 607
f 599 602 607
f 607 602 601
f 601 604 605
f 608 601 605
f 607 601 608
f 165 581 598
f 598 167 165
f 609 167 598
f 178 167 609
f 609 598 600
f 599 600 598
f 181 609 600
f 178 609 181
f 179 178 181
f 600 599 606
f 610 600 606
f 608 611 607
f 611 608 612
f 606 607 611
f 610 606 611
f 610 181 600
f 181 610 615
f 614 610 611
f 616 611 612
f 614 611 616
f 614 615 610
f 617 615 614
f 617 614 616
f 158 154 156
f 160 157 158
f 618 159 160
f 619 160 158
f 620 160 619
f 618 160 620
f 621 159 618
f 621 618 622
f 156 155 169
f 171 152 170
f 158 156 624
f 624 156 169
f 169 168 625
f 171 625 168
f 619 158 624
f 625 626 169
f 625 171 627
f 628 170 173
f 173 170 172
f 170 627 171
f 162 176 173
f 173 176 629
f 628 173 629
f 629 176 630
f 176 174 630
f 177 630 174
f 630 631 632
f 626 627 637
f 637 627 635
f 626 638 633
f 637 635 641
f 641 635 639
f 641 639 640
f 633 624 169
f 633 169 626
f 619 624 634
f 634 624 633
f 622 620 643
f 626 625 627
f 635 627 170
f 643 620 619
f 636 643 619
f 636 619 634
f 644 643 636
f 620 622 618
f 628 629 642
f 639 170 628
f 170 639 635
f 640 639 628
f 642 629 630
f 640 628 642
f 630 632 642
f 645 623 622
f 626 646 638
f 634 633 638
f 646 626 637
f 647 634 638
f 634 647 636
f 648 644 636
f 647 638 650
f 650 638 646
f 651 646 637
f 648 636 647
f 647 652 648
f 646 651 650
f 649 648 652
f 649 644 648
f 653 637 641
f 640 642 654
f 641 640 655
f 654 655 640
f 651 637 653
f 656 653 641
f 657 641 655
f 656 641 657
f 658 643 644
f 658 622 643
f 649 658 644
f 645 622 658
f 659 645 658
f 652 650 660
f 652 647 650
f 661 649 652
f 662 649 661
f 661 652 660
f 663 649 662
f 664 661 660
f 662 661 664
f 662 665 663
f 650 651 666
f 651 667 666
f 660 650 666
f 667 651 653
f 660 666 669
f 660 669 664
f 670 666 667
f 667 653 656
f 671 667 656
f 671 656 672
f 672 656 657
f 663 658 649
f 659 658 673
f 658 665 673
f 673 674 659
f 630 177 631
f 177 180 676
f 631 177 677
f 180 179 676
f 177 676 678
f 676 179 181
f 676 181 678
f 677 177 678
f 632 631 677
f 679 632 677
f 680 642 632
f 679 677 681
f 678 181 615
f 678 615 683
f 681 677 678
f 681 678 683
f 681 683 684
f 682 679 681
f 682 681 685
f 687 683 686
f 684 683 687
f 654 642 680
f 680 688 654
f 688 680 689
f 689 680 690
f 680 632 679
f 680 679 682
f 690 680 682
f 690 682 685
f 654 668 655
f 657 655 668
f 668 654 688
f 668 688 692
f 692 688 689
f 684 685 681
f 685 684 694
f 691 690 685
f 691 685 694
f 696 684 687
f 694 684 696
f 696 695 694
f 695 691 694
f 690 691 689
f 697 689 691
f 693 689 697
f 697 691 698
f 698 691 695
f 698 695 699
f 701 705 700
f 705 701 702
f 705 702 706
f 703 700 705
f 707 704 703
f 708 705 706
f 709 662 664
f 665 662 709
f 711 665 709
f 670 667 712
f 666 670 669
f 700 669 670
f 669 713 664
f 709 664 713
f 712 667 671
f 714 713 669
f 714 669 700
f 714 709 713
f 702 712 671
f 701 670 712
f 701 712 702
f 702 671 715
f 665 658 663
f 675 673 716
f 710 673 665
f 716 718 675
f 704 714 700
f 720 709 714
f 720 711 709
f 721 714 704
f 714 721 720
f 700 670 701
f 704 700 703
f 710 665 711
f 721 711 720
f 704 707 721
f 711 722 710
f 722 723 710
f 716 710 718
f 710 716 673
f 723 718 710
f 719 675 718
f 719 718 724
f 723 725 718
f 726 703 705
f 726 705 708
f 707 703 726
f 721 707 728
f 729 707 726
f 728 730 721
f 728 707 729
f 730 728 729
f 729 731 730
f 729 734 731
f 733 730 731
f 732 730 733
f 736 722 711
f 737 722 736
f 736 711 721
f 721 730 736
f 732 736 730
f 738 722 737
f 739 738 737
f 725 740 718
f 741 724 718
f 741 718 740
f 738 723 722
f 723 738 725
f 739 725 738
f 740 725 739
f 737 736 732
f 735 732 733
f 744 737 732
f 737 743 739
f 744 743 737
f 745 741 740
f 741 745 742
f 745 740 739
f 743 745 739
f 745 746 747
f 746 745 743
f 745 747 742
f 742 748 749
f 750 702 715
f 706 702 750
f 751 706 750
f 754 657 668
f 755 754 668
f 668 692 755
f 671 657 754
f 657 671 672
f 756 692 689
f 755 692 756
f 715 671 754
f 752 754 755
f 757 756 689
f 757 689 693
f 750 715 754
f 750 754 752
f 752 755 753
f 753 755 756
f 753 756 758
f 757 758 756
f 758 757 759
f 693 760 757
f 697 698 699
f 693 697 761
f 761 697 762
f 693 761 763
f 699 762 697
f 763 761 762
f 760 693 763
f 759 757 760
f 766 763 762
f 765 763 766
f 764 760 763
f 765 764 763
f 727 708 706
f 706 751 768
f 750 752 769
f 769 751 750
f 768 751 769
f 770 769 752
f 753 770 752
f 727 706 768
f 726 708 727
f 771 727 768
f 726 772 729
f 772 726 727
f 771 768 773
f 774 768 770
f 770 768 769
f 770 753 775
f 775 753 758
f 727 776 772
f 776 727 771
f 734 729 772
f 773 768 774
f 777 772 776
f 776 778 777
f 776 771 780
f 781 771 773
f 780 771 781
f 781 773 774
f 781 774 782
f 779 731 734
f 733 731 779
f 783 775 758
f 758 759 783
f 782 774 784
f 784 774 770
f 785 784 775
f 785 775 786
f 784 770 775
f 786 775 783
f 789 759 787
f 788 759 789
f 783 759 788
f 783 788 790
f 792 788 789
f 759 760 764
f 759 764 787
f 787 764 765
f 791 787 765
f 789 787 791
f 791 765 794
f 360 358 795
f 795 358 359
f 389 386 360
f 360 795 797
f 797 795 796
f 797 389 360
f 386 389 388
f 388 389 799
f 800 389 797
f 389 800 799
f 802 796 801
f 798 797 796
f 803 798 796
f 796 802 803
f 804 800 797
f 804 797 798
f 805 798 803
f 805 804 798
f 387 388 799
f 807 387 799
f 808 807 799
f 397 387 809
f 397 809 810
f 387 807 809
f 811 809 807
f 800 808 799
f 804 806 800
f 806 804 805
f 806 812 800
f 812 808 800
f 808 811 807
f 812 815 808
f 815 811 808
f 814 812 806
f 816 802 817
f 803 818 805
f 816 803 802
f 816 818 803
f 813 805 818
f 819 816 817
f 813 806 805
f 813 814 806
f 822 814 813
f 823 822 813
f 824 812 814
f 825 824 814
f 822 825 814
f 823 813 818
f 816 823 818
f 820 823 816
f 819 820 816
f 819 826 820
f 822 823 827
f 828 823 820
f 828 827 823
f 826 819 821
f 831 826 821
f 831 821 830
f 828 820 829
f 826 829 820
f 832 829 826
f 832 834 829
f 831 832 826
f 837 831 835
f 838 837 835
f 832 831 837
f 838 835 836
f 839 837 838
f 838 840 841
f 843 587 621
f 621 587 159
f 843 584 587
f 843 588 584
f 844 588 843
f 845 843 621
f 843 845 844
f 844 591 588
f 847 591 844
f 844 845 846
f 848 846 845
f 845 621 623
f 623 621 622
f 845 623 848
f 848 850 846
f 844 846 849
f 847 844 849
f 849 850 853
f 849 846 850
f 853 847 849
f 854 592 593
f 795 592 854
f 795 359 592
f 796 795 854
f 854 801 796
f 591 847 851
f 851 593 591
f 851 854 593
f 855 854 851
f 847 852 851
f 801 854 855
f 801 855 802
f 850 848 623
f 856 850 623
f 856 623 645
f 674 856 645
f 857 850 856
f 858 853 850
f 850 857 858
f 859 847 853
f 852 847 859
f 860 859 853
f 853 858 860
f 856 674 857
f 861 857 717
f 862 858 857
f 862 857 863
f 862 860 858
f 864 860 862
f 645 659 674
f 675 857 674
f 675 717 857
f 675 674 673
f 865 852 859
f 851 852 866
f 867 865 859
f 852 865 866
f 866 855 851
f 869 866 865
f 869 855 866
f 868 855 869
f 867 860 870
f 860 867 859
f 870 865 867
f 871 869 865
f 872 865 870
f 871 865 872
f 686 615 617
f 686 683 615
f 817 855 868
f 817 802 855
f 871 868 869
f 819 817 868
f 873 868 871
f 821 819 868
f 863 857 861
f 863 864 862
f 875 863 861
f 874 875 861
f 876 863 875
f 874 877 875
f 879 875 877
f 719 717 675
f 717 719 861
f 724 861 719
f 874 861 724
f 874 724 881
f 881 880 874
f 877 874 880
f 882 860 864
f 876 864 863
f 876 882 864
f 876 883 882
f 870 860 882
f 872 870 882
f 886 872 882
f 875 883 876
f 875 878 883
f 879 878 875
f 878 887 883
f 888 886 882
f 885 888 882
f 882 883 885
f 887 885 883
f 889 885 887
f 877 891 890
f 881 724 741
f 881 892 880
f 892 881 741
f 893 741 742
f 893 892 741
f 892 877 880
f 892 895 877
f 877 895 891
f 893 894 892
f 749 893 742
f 893 749 896
f 894 895 892
f 894 893 895
f 897 895 893
f 896 897 893
f 890 879 877
f 898 887 878
f 898 878 879
f 899 879 890
f 898 879 901
f 899 901 879
f 887 898 902
f 902 900 887
f 902 898 901
f 899 890 891
f 903 891 895
f 904 899 891
f 903 904 891
f 905 901 899
f 904 905 899
f 906 904 903
f 904 906 907
f 907 905 904
f 872 884 871
f 873 871 884
f 886 884 872
f 830 868 873
f 868 830 821
f 885 889 888
f 886 888 884
f 908 888 889
f 909 888 908
f 884 888 909
f 835 873 884
f 835 830 873
f 831 830 835
f 909 835 884
f 909 836 835
f 910 908 889
f 910 889 900
f 911 910 900
f 900 902 911
f 889 887 900
f 908 910 909
f 912 909 910
f 912 840 909
f 910 911 912
f 901 913 902
f 913 901 905
f 902 914 911
f 902 913 914
f 914 912 911
f 914 913 915
f 916 915 913
f 840 836 909
f 840 838 836
f 840 842 841
f 917 912 914
f 918 912 917
f 918 840 912
f 917 914 915
f 918 842 840
f 920 919 917
f 919 918 917
f 919 842 918
f 921 732 735
f 743 744 923
f 732 921 922
f 922 744 732
f 922 923 744
f 922 924 923
f 923 924 925
f 746 743 926
f 743 923 926
f 747 746 926
f 747 748 742
f 923 925 926
f 747 926 748
f 922 927 924
f 928 924 927
f 928 925 924
f 930 925 928
f 931 925 930
f 928 929 930
f 931 926 925
f 932 933 926
f 931 934 926
f 932 926 934
f 935 931 930
f 931 935 934
f 935 936 934
f 936 937 934
f 938 937 936
f 777 940 779
f 733 779 940
f 942 733 940
f 941 733 942
f 777 943 940
f 776 944 778
f 944 776 780
f 777 778 944
f 945 780 781
f 941 735 733
f 942 940 943
f 921 941 942
f 946 942 943
f 943 777 944
f 780 948 944
f 948 780 947
f 949 948 947
f 735 941 921
f 781 782 784
f 945 781 784
f 947 780 945
f 951 945 784
f 786 951 785
f 786 950 952
f 784 785 951
f 952 951 786
f 954 948 955
f 949 955 948
f 954 953 948
f 956 953 957
f 957 953 954
f 955 949 959
f 959 960 955
f 959 961 963
f 962 959 963
f 964 921 942
f 964 942 946
f 943 944 948
f 946 943 953
f 956 946 953
f 958 946 956
f 946 958 964
f 958 966 964
f 966 921 964
f 965 921 966
f 959 947 945
f 949 947 959
f 959 945 961
f 961 945 951
f 961 951 968
f 786 783 950
f 950 783 790
f 970 969 790
f 952 950 968
f 969 950 790
f 950 971 968
f 971 950 969
f 790 788 792
f 970 790 792
f 792 789 791
f 971 969 970
f 973 971 970
f 974 792 972
f 973 792 974
f 973 970 792
f 968 951 952
f 963 968 971
f 961 968 963
f 976 971 973
f 963 971 976
f 975 963 977
f 963 976 977
f 965 922 921
f 965 927 922
f 929 928 927
f 927 965 967
f 967 929 927
f 978 954 955
f 957 954 978
f 980 958 956
f 981 958 980
f 979 982 980
f 960 978 955
f 983 960 959
f 984 957 978
f 962 983 959
f 962 985 983
f 984 979 957
f 984 978 986
f 986 978 960
f 960 983 986
f 987 979 984
f 982 979 987
f 983 988 986
f 983 989 988
f 989 983 985
f 981 966 958
f 990 966 981
f 967 965 966
f 980 982 981
f 981 991 990
f 987 984 992
f 984 986 992
f 991 981 982
f 993 987 992
f 994 992 986
f 996 993 992
f 994 986 988
f 989 997 988
f 994 988 997
f 987 993 982
f 991 982 993
f 993 995 991
f 999 991 995
f 990 991 999
f 990 1000 966
f 1001 967 966
f 966 1000 1001
f 990 1002 1000
f 1003 1001 1000
f 962 963 975
f 962 975 1006
f 985 962 1005
f 1005 962 1006
f 1006 975 977
f 998 985 1005
f 998 997 989
f 998 989 985
f 1007 1005 1006
f 1007 1006 977
f 1005 1007 998
f 998 1007 1008
f 1009 929 967
f 1009 1010 930
f 930 929 1009
f 1010 935 930
f 1001 1009 967
f 1009 1001 1010
f 1004 1010 1001
f 1011 935 1010
f 1011 936 935
f 1011 1010 1004
f 1011 1004 1012
f 1013 936 1011
f 1013 938 936
f 1019 1017 1016
f 1015 1021 1014
f 1021 1015 1020
f 1016 1014 1021
f 1020 1024 1021
f 1023 1020 1022
f 1023 1022 1025
f 1027 1026 1025
f 1018 1017 1019
f 1028 1018 1019
f 1018 1028 1029
f 1016 1021 1030
f 1030 1021 1024
f 1016 1030 1019
f 1024 1020 1031
f 1024 1032 1030
f 1031 1020 1023
f 1026 1023 1025
f 1031 1023 1033
f 1023 1026 1033
f 1028 1019 1030
f 1030 1034 1028
f 1034 1035 1028
f 1035 1029 1028
f 1031 1033 1037
f 1026 1027 1038
f 1041 1039 1040
f 1040 1037 1042
f 1039 1032 1024
f 1043 1035 1034
f 1044 1029 1035
f 1036 1029 1044
f 1039 1024 1040
f 1040 1024 1031
f 1040 1031 1037
f 1037 1033 1045
f 1040 1048 1041
f 1046 1041 1049
f 1046 1043 1041
f 1050 1048 1040
f 1042 1050 1040
f 1043 1044 1035
f 1047 1044 1043
f 1052 1044 1047
f 1047 1043 1046
f 1044 1052 1051
f 1036 1044 1051
f 1037 1045 1042
f 1026 1045 1033
f 1045 1026 1053
f 1053 1026 1038
f 1045 1053 1054
f 1055 938 1013
f 1057 1055 1056
f 995 993 996
f 1058 995 996
f 1060 999 995
f 1060 995 1058
f 996 992 994
f 1059 996 994
f 1061 994 997
f 990 999 1062
f 1002 990 1062
f 1062 999 1060
f 1063 1062 1060
f 1059 994 1064
f 1064 994 1061
f 1061 1015 1064
f 1065 1058 1059
f 1060 1058 1065
f 1002 1003 1000
f 1004 1001 1003
f 1004 1003 1012
f 1066 1012 1003
f 1067 1012 1066
f 1064 1014 1059
f 1014 1064 1015
f 1065 1059 1014
f 1063 1060 1068
f 1017 1060 1065
f 1016 1065 1014
f 1068 1060 1017
f 1062 1063 1002
f 1069 1002 1063
f 1017 1065 1016
f 1068 1017 1018
f 1018 1063 1068
f 1063 1018 1070
f 1066 1072 1067
f 1073 1072 1066
f 1071 1003 1069
f 1069 1003 1002
f 1071 1066 1003
f 1071 1073 1066
f 1073 1071 1074
f 1076 997 998
f 1075 1061 997
f 1075 997 1076
f 1075 1022 1061
f 1076 1025 1075
f 1008 1076 998
f 1076 1008 1078
f 1061 1020 1015
f 1020 1061 1022
f 1022 1075 1025
f 1025 1076 1077
f 1077 1076 1078
f 1025 1077 1079
f 1079 1027 1025
f 1067 1011 1012
f 1080 1011 1067
f 1013 1011 1080
f 1081 1056 1013
f 1055 1013 1056
f 1080 1067 1072
f 1081 1013 1080
f 1082 1080 1072
f 1072 1073 1082
f 1081 1080 1082
f 1081 1057 1056
f 1083 1018 1029
f 1083 1070 1018
f 1084 1071 1069
f 1070 1069 1063
f 1085 1069 1070
f 1085 1084 1069
f 1029 1036 1083
f 1074 1071 1084
f 1074 1087 1073
f 1084 1086 1074
f 1087 1074 1086
f 1086 1088 1087
f 1087 1088 1089
f 1083 1036 1070
f 1091 1084 1085
f 1086 1084 1091
f 1070 1090 1085
f 1085 1090 1091
f 1092 1089 1088
f 1093 1088 1086
f 1094 1086 1091
f 1094 1093 1086
f 1093 1092 1088
f 1036 1090 1070
f 1082 1073 1087
f 1089 1082 1087
f 1096 1081 1082
f 1081 1097 1057
f 1097 1081 1096
f 1095 1096 1082
f 1098 1096 1095
f 1095 1082 1089
f 1095 1089 1099
f 1100 1089 1092
f 1100 1101 1089
f 1098 1095 1099
f 1101 1099 1089
f 1101 1103 1099
f 1102 1101 1100
f 896 749 748
f 748 1104 896
f 933 1104 748
f 1104 933 1105
f 1105 1106 1104
f 1106 896 1104
f 933 748 926
f 933 932 1107
f 1108 1106 1105
f 1109 1105 933
f 1109 933 1107
f 906 903 1110
f 1112 1110 1111
f 1112 1111 1113
f 1114 1110 1112
f 1112 1113 1116
f 1113 1115 1116
f 897 903 895
f 1111 903 897
f 896 1111 897
f 903 1111 1110
f 896 1106 1111
f 1113 1111 1106
f 1109 1108 1105
f 1108 1109 1117
f 1108 1113 1106
f 1115 1113 1108
f 1118 1115 1108
f 934 937 932
f 932 937 1107
f 1119 1109 1107
f 1119 1117 1109
f 939 937 938
f 1120 937 939
f 1122 1121 1119
f 937 1120 1107
f 1107 1120 1119
f 1119 1120 1122
f 1117 1118 1108
f 1119 1124 1117
f 1118 1123 1115
f 1125 1118 1117
f 1124 1125 1117
f 1118 1125 1123
f 1126 1123 1125
f 1121 1124 1119
f 1128 1124 1127
f 1127 1124 1121
f 1129 1127 1121
f 1130 1129 1121
f 1128 1125 1124
f 1131 1126 1125
f 1125 1128 1131
f 1128 1127 1132
f 1132 1127 1129
f 907 913 905
f 907 906 1114
f 1133 913 907
f 1134 907 1114
f 906 1110 1114
f 1134 1133 907
f 1136 916 913
f 913 1133 1136
f 1137 1136 1133
f 1137 1133 1134
f 1112 1135 1114
f 1112 1116 1135
f 1135 1134 1114
f 1138 1135 1116
f 1135 1137 1134
f 1137 1135 1140
f 1141 917 915
f 915 916 1141
f 1141 916 1136
f 1141 920 917
f 1136 1142 1141
f 1141 1142 920
f 1144 919 920
f 1143 920 1142
f 1145 1144 920
f 1136 1137 1142
f 1142 1137 1139
f 1142 1139 1143
f 1140 1146 1139
f 1146 1143 1139
f 1140 1139 1137
f 1143 1147 920
f 1147 1145 920
f 1147 1148 1145
f 1147 1143 1149
f 1143 1146 1149
f 1150 1149 1146
f 1151 1116 1115
f 1116 1151 1138
f 1151 1115 1123
f 1152 1151 1123
f 1123 1126 1152
f 1153 1140 1135
f 1153 1135 1138
f 1138 1154 1153
f 1152 1154 1151
f 1138 1151 1154
f 1126 1156 1155
f 1155 1152 1126
f 1158 1154 1152
f 1158 1152 1155
f 1159 1156 1157
f 1159 1155 1156
f 1159 1158 1155
f 1157 1131 1128
f 1157 1126 1131
f 1157 1128 1132
f 1126 1157 1156
f 1153 1146 1140
f 1160 1150 1146
f 1153 1160 1146
f 1160 1153 1162
f 1158 1161 1154
f 1161 1153 1154
f 1163 1161 1158
f 1153 1161 1162
f 1162 1161 1164
f 939 938 1055
f 1165 1120 939
f 1165 939 1055
f 1122 1120 1165
f 1166 1165 1055
f 1165 1167 1122
f 1165 1168 1167
f 1166 1055 1057
f 1169 1166 1057
f 1166 1168 1165
f 1169 1170 1166
f 1130 1121 1167
f 1130 1167 1171
f 1167 1121 1122
f 1172 1132 1129
f 1172 1129 1130
f 1172 1130 1171
f 1171 1167 1168
f 1173 1171 1168
f 1168 1166 1174
f 1175 1171 1173
f 1177 1176 1174
f 1176 1173 1168
f 1174 1176 1168
f 1170 1169 1178
f 1182 1174 1166
f 1182 1166 1170
f 1178 1182 1170
f 1177 1174 1182
f 1180 1178 1179
f 1180 1183 1178
f 1183 1182 1178
f 1184 1177 1182
f 1182 1183 1184
f 1185 1184 1183
f 1184 1185 1186
f 1183 1180 1188
f 1181 1187 1180
f 1181 1189 1187
f 1188 1185 1183
f 1190 1191 1188
f 1180 1187 1190
f 1190 1188 1180
f 1097 1169 1057
f 1179 1178 1169
f 1096 1179 1169
f 1097 1096 1169
f 1098 1179 1096
f 1099 1192 1098
f 1103 1192 1099
f 1098 1192 1181
f 1193 1181 1192
f 1180 1179 1181
f 1098 1181 1179
f 1194 1159 1157
f 1172 1197 1132
f 1132 1197 1196
f 1194 1157 1132
f 1195 1194 1132
f 1196 1195 1132
f 1175 1197 1172
f 1175 1172 1171
f 1199 1197 1175
f 1173 1198 1175
f 1173 1176 1198
f 1198 1199 1175
f 1199 1196 1197
f 1200 1196 1199
f 1200 1199 1201
f 1159 1163 1158
f 1159 1194 1202
f 1159 1202 1163
f 1195 1202 1194
f 1161 1163 1164
f 1203 1163 1202
f 1203 1164 1163
f 1202 1195 1196
f 1204 1202 1196
f 1196 1200 1204
f 1204 1203 1202
f 1205 1203 1204
f 1184 1176 1177
f 1198 1176 1206
f 1184 1206 1176
f 1199 1198 1207
f 1198 1206 1207
f 1207 1201 1199
f 1208 1206 1184
f 1186 1208 1184
f 1185 1188 1209
f 1191 1209 1188
f 1186 1185 1209
f 1210 1207 1208
f 1208 1211 1210
f 1208 1207 1206
f 1212 1208 1186
f 1209 1212 1186
f 1212 1211 1208
f 1200 1213 1204
f 1214 1205 1204
f 1214 1204 1213
f 1213 1200 1201
f 1210 1201 1207
f 1210 1213 1201
f 1213 1210 1215
f 1214 1213 1215
f 772 777 734
f 779 734 777
f 953 943 948
f 957 979 956
f 979 980 956
f 1030 1032 1034
f 1041 1043 1039
f 1043 1034 1039
f 1034 1032 1039
f 1059 1058 996
f 61 62 63
f 1217 1219 1218
f 70 1221 1220
f 1222 1217 67
f 67 1217 68
f 1218 62 68
f 1217 1218 68
f 1218 63 62
f 1218 1216 63
f 1216 1218 1219
f 1219 1217 1222
f 1225 1222 1224
f 1216 1219 1226
f 1219 1222 1226
f 1226 1222 1225
f 1227 1226 1225
f 61 63 1229
f 1229 63 1216
f 61 1229 87
f 87 1229 1230
f 1230 1229 1216
f 1226 1231 1216
f 1232 1231 1226
f 1227 1232 1226
f 1227 1233 1234
f 1230 1216 1231
f 1232 1227 1236
f 1236 1227 1234
f 88 1230 1237
f 1230 88 87
f 1231 1238 1230
f 1231 1232 1239
f 1239 1232 1236
f 1240 1233 1235
f 1234 1241 1236
f 1220 1221 1223
f 1221 70 95
f 70 69 95
f 95 1223 1242
f 1222 1223 1224
f 1224 1244 1225
f 1245 1224 1223
f 1244 1224 1245
f 1243 1245 1223
f 1227 1225 1244
f 1244 1228 1227
f 1245 1247 1244
f 1228 1244 1247
f 1248 1243 1223
f 1251 95 1250
f 1251 1223 95
f 1248 1223 1251
f 1247 1245 1249
f 1249 1245 1243
f 1247 1249 1252
f 1249 1243 1248
f 1249 1248 1253
f 1233 1227 1228
f 1228 1235 1233
f 1246 1235 1228
f 1246 1228 1254
f 1235 1246 1255
f 1228 1247 1254
f 1255 1246 1254
f 1255 1240 1235
f 1255 1254 1256
f 1257 1240 1255
f 1257 1255 1258
f 99 94 66
f 98 1250 99
f 1250 98 1251
f 1251 103 1248
f 1252 1249 1259
f 98 103 1251
f 1253 1248 103
f 1253 1259 1249
f 1260 1247 1252
f 1254 1247 1260
f 1261 1254 1260
f 98 102 103
f 1262 1253 103
f 1253 1262 1259
f 1252 1259 1263
f 1263 1260 1252
f 1264 1254 1261
f 1256 1254 1264
f 103 109 1262
f 1262 1263 1259
f 1263 1262 1265
f 1262 109 112
f 1265 1262 112
f 1266 1263 1265
f 1266 1260 1263
f 1261 1260 1266
f 1265 112 119
f 1261 1266 1267
f 126 1266 1265
f 1265 119 124
f 126 1265 124
f 1266 126 1268
f 505 506 511
f 506 1237 1269
f 1270 506 1269
f 506 88 1237
f 1237 1230 1238
f 1238 1231 1239
f 1269 1237 1271
f 1271 1237 1238
f 1241 1239 1236
f 1233 1240 1234
f 1234 1240 1272
f 1272 1241 1234
f 1273 1239 1241
f 1273 1241 1274
f 1238 1239 1275
f 1275 1239 1276
f 1276 1239 1273
f 1274 1241 1272
f 1274 1272 1277
f 511 506 1270
f 513 507 511
f 1270 1278 511
f 513 511 1278
f 1279 1270 1269
f 1280 1271 1275
f 1269 1271 1280
f 1279 1269 1280
f 1280 1275 1281
f 1275 1271 1238
f 1283 1273 1274
f 1283 1276 1273
f 1283 1274 1277
f 1282 1277 1272
f 1276 1281 1275
f 1277 1284 1283
f 1284 1277 1282
f 1286 1282 1285
f 525 524 1287
f 526 507 513
f 513 1288 526
f 1289 513 1278
f 1278 1270 1279
f 1288 513 1289
f 1290 1279 1280
f 1291 1281 1276
f 1292 1280 1281
f 1291 1292 1281
f 1293 1278 1279
f 1293 1279 1290
f 1292 1290 1280
f 1292 1295 1290
f 1295 1292 1296
f 1296 1292 1291
f 1296 1291 1297
f 1297 1291 1294
f 1283 1291 1276
f 1298 1283 1284
f 1291 1283 1294
f 1298 1294 1283
f 1299 1298 1284
f 1286 1284 1282
f 1299 1284 1286
f 1299 1300 1298
f 1301 1299 1286
f 524 526 1288
f 1287 524 1288
f 1287 1288 1303
f 1289 1303 1288
f 1293 1290 1304
f 1289 1278 1303
f 1304 1290 1305
f 1305 1290 1295
f 1306 1295 1296
f 1303 1278 1293
f 1307 1304 1305
f 1301 1286 1302
f 1308 1297 1294
f 1308 1294 1298
f 1308 1298 1300
f 1305 1295 1306
f 1305 1306 1309
f 1306 1296 1297
f 1310 1306 1297
f 1308 1310 1297
f 1300 1299 1301
f 1311 1300 1301
f 1301 1312 1311
f 1313 1312 1301
f 1256 1258 1255
f 1256 1314 1258
f 1315 1257 1258
f 1272 1240 1257
f 1272 1257 1285
f 1257 1315 1285
f 1258 1314 1315
f 1314 1256 1316
f 1316 1256 1264
f 1316 1264 1317
f 1282 1272 1285
f 1315 1314 1320
f 1321 1314 1316
f 1320 1314 1321
f 1318 1285 1315
f 1315 1323 1318
f 1322 1320 1321
f 1324 1261 1267
f 1264 1261 1324
f 1325 1317 1264
f 1325 1264 1324
f 1326 1317 1325
f 1268 1267 1266
f 1327 1325 1324
f 1328 1267 1268
f 1324 1267 1328
f 1321 1317 1326
f 1327 1326 1325
f 1331 1321 1326
f 1326 1332 1331
f 1321 1316 1317
f 1333 1321 1331
f 1331 1334 1333
f 1324 1335 1327
f 1335 1324 1329
f 1332 1327 1335
f 1330 1329 1324
f 1326 1327 1332
f 1331 1332 1334
f 1335 1334 1332
f 1329 1334 1335
f 1334 1329 1336
f 1336 1329 1330
f 1286 1285 1318
f 1319 1286 1318
f 1319 1318 1323
f 1319 1302 1286
f 1339 1323 1315
f 1339 1315 1320
f 1302 1319 1338
f 1338 1319 1323
f 1338 1323 1340
f 1323 1339 1340
f 1302 1313 1301
f 1313 1302 1338
f 1322 1321 1333
f 1339 1320 1322
f 1341 1322 1333
f 1334 1336 1342
f 1342 1336 1337
f 1333 1334 1342
f 1333 1342 1343
f 1339 1322 1344
f 1345 1322 1341
f 1340 1339 1344
f 1344 1322 1345
f 1346 1341 1333
f 603 525 1287
f 1347 1287 1303
f 603 1287 1347
f 605 604 603
f 605 603 1347
f 1348 1347 1303
f 1348 1303 1349
f 1349 1303 1350
f 608 1352 1353
f 608 605 1352
f 605 1347 1352
f 1348 1349 1354
f 1355 1347 1348
f 1355 1352 1347
f 1355 1348 1354
f 1349 1356 1354
f 1355 1354 1357
f 1357 1354 1359
f 1359 1354 1356
f 1356 1349 1358
f 1349 1350 1351
f 1358 1349 1351
f 1351 1360 1361
f 1358 1351 1361
f 1361 1360 1362
f 1361 1362 1363
f 1304 1350 1293
f 1303 1293 1350
f 1351 1304 1307
f 1351 1350 1304
f 1307 1305 1309
f 1309 1306 1310
f 1364 1308 1300
f 1365 1364 1300
f 1365 1300 1311
f 1366 1310 1308
f 1367 1309 1310
f 1360 1351 1307
f 1307 1309 1360
f 1362 1360 1309
f 1366 1367 1310
f 1367 1362 1309
f 1366 1308 1364
f 1364 1368 1366
f 1365 1368 1364
f 1365 1311 1369
f 1312 1369 1311
f 1369 1312 1370
f 1362 1367 1363
f 1363 1367 1372
f 1372 1367 1366
f 1373 1368 1365
f 1365 1369 1373
f 1369 1370 1373
f 1374 1366 1368
f 1374 1368 1373
f 1374 1372 1366
f 1375 1374 1373
f 1370 1376 1373
f 1312 1377 1370
f 1377 1312 1313
f 1377 1313 1371
f 1370 1378 1376
f 1378 1370 1377
f 613 612 608
f 1353 613 608
f 1352 1355 1357
f 1353 1352 1357
f 1379 613 1353
f 1357 1359 1380
f 1380 1359 1381
f 1379 1357 1380
f 1379 1353 1357
f 613 616 612
f 617 616 1382
f 1383 616 1379
f 1379 616 613
f 1380 1384 1379
f 1385 1384 1380
f 1386 1358 1387
f 1387 1358 1361
f 1388 1361 1363
f 1388 1363 1389
f 1381 1359 1356
f 1358 1381 1356
f 1381 1358 1386
f 1390 1388 1389
f 1391 1361 1388
f 1387 1361 1392
f 1392 1361 1391
f 1391 1388 1390
f 1390 1389 1393
f 1394 1381 1386
f 1392 1386 1387
f 1394 1386 1392
f 1385 1380 1381
f 1385 1381 1395
f 1395 1381 1394
f 1391 1390 1396
f 1398 1396 1390
f 1398 1390 1393
f 1398 1393 1397
f 1399 1392 1391
f 1389 1363 1372
f 1374 1401 1372
f 1401 1374 1375
f 1393 1389 1372
f 1401 1393 1372
f 1375 1373 1376
f 1403 1375 1376
f 1402 1376 1378
f 1406 1378 1377
f 1406 1377 1405
f 1404 1402 1378
f 1378 1406 1404
f 1393 1401 1397
f 1397 1401 1375
f 1397 1375 1403
f 1407 1402 1404
f 1403 1376 1402
f 1407 1403 1402
f 1400 1397 1403
f 1407 1400 1403
f 1407 1404 1408
f 1338 1340 1409
f 1313 1338 1409
f 1410 1313 1409
f 1371 1313 1410
f 1411 1410 1409
f 1412 1411 1409
f 1405 1377 1371
f 1414 1371 1413
f 1405 1371 1414
f 1413 1371 1410
f 1413 1410 1411
f 1413 1411 1412
f 1414 1413 1415
f 1409 1340 1344
f 1345 1409 1344
f 1412 1409 1345
f 1412 1345 1416
f 1416 1345 1341
f 1417 1341 1346
f 1416 1341 1417
f 1418 1412 1416
f 1413 1412 1415
f 1418 1415 1412
f 1420 1405 1414
f 1419 1420 1414
f 1406 1405 1420
f 1420 1419 1421
f 1422 1423 1406
f 1422 1406 1420
f 1420 1421 1424
f 1424 1421 1425
f 1422 1420 1424
f 1426 1424 1425
f 1418 1416 1417
f 1419 1414 1415
f 1419 1415 1427
f 1421 1419 1428
f 1428 1419 1427
f 1429 1415 1418
f 1427 1415 1429
f 1428 1431 1421
f 1425 1421 1431
f 1431 1428 1430
f 1430 1428 1427
f 1425 1431 1430
f 1425 1430 1433
f 1432 1425 1433
f 1434 1430 1427
f 1434 1427 1435
f 1433 1430 1434
f 1437 1427 1429
f 1437 1429 1436
f 1436 1429 1418
f 1435 1427 1437
f 1437 1436 1438
f 1439 687 686
f 1439 1440 687
f 1440 696 687
f 1443 1440 1441
f 695 696 1442
f 1440 1442 696
f 699 695 1442
f 1444 1442 1440
f 1444 1440 1443
f 1444 1443 1445
f 1443 1446 1445
f 1445 1446 1447
f 767 699 1449
f 767 762 699
f 1450 767 1449
f 699 1442 1449
f 1444 1449 1442
f 1444 1451 1449
f 1450 1449 1451
f 1452 1444 1445
f 1451 1444 1452
f 1453 1451 1452
f 767 1450 1454
f 762 767 766
f 1454 766 767
f 1455 1454 1450
f 1454 793 766
f 793 765 766
f 793 1454 1455
f 1450 1451 1457
f 1457 1455 1450
f 1456 1455 1457
f 1451 1453 1457
f 1458 1457 1453
f 1458 1453 1459
f 1460 1452 1445
f 1460 1445 1447
f 1452 1460 1461
f 1462 1447 1448
f 1464 1462 1463
f 1460 1447 1462
f 1460 1462 1465
f 1466 1462 1464
f 1465 1462 1466
f 1453 1452 1461
f 1459 1453 1461
f 1468 1460 1465
f 1469 1465 1466
f 1461 1460 1468
f 1465 1470 1468
f 1470 1465 1469
f 765 793 794
f 794 793 1455
f 1472 1455 1456
f 794 1455 1472
f 1473 794 1472
f 1456 1457 1458
f 1472 1456 1458
f 1458 1474 1472
f 1474 1473 1472
f 1474 1458 1475
f 791 794 1473
f 1476 791 1473
f 1471 791 1476
f 1473 1474 1477
f 1476 1473 1477
f 1478 1476 1477
f 1478 1471 1476
f 1478 1477 1479
f 1475 1458 1459
f 1475 1459 1461
f 1480 1475 1461
f 1481 1461 1468
f 1481 1468 1470
f 1480 1461 1481
f 1477 1474 1475
f 1483 1475 1480
f 1479 1477 1483
f 1475 1483 1477
f 1483 1480 1484
f 1486 1483 1484
f 1486 1484 1487
f 1484 1485 1488
f 1487 1484 1488
f 1480 1481 1484
f 1484 1481 1482
f 1485 1484 1482
f 1466 1467 1489
f 1489 1467 1490
f 1469 1466 1489
f 1491 1489 1490
f 1490 1493 1492
f 1469 1489 1494
f 1490 1492 1491
f 1494 1489 1491
f 1492 1493 1495
f 1481 1470 1469
f 1496 1469 1494
f 1497 1494 1491
f 1498 1491 1492
f 1497 1491 1498
f 1482 1481 1469
f 1482 1469 1496
f 1496 1494 1499
f 1499 1494 1497
f 1500 1501 1495
f 1498 1492 1502
f 1502 1495 1501
f 1495 1502 1492
f 1502 1504 1498
f 1505 1500 1503
f 1485 1482 1496
f 1488 1485 1496
f 1496 1499 1488
f 1487 1488 1506
f 1506 1488 1499
f 1507 1497 1498
f 1508 1502 1501
f 1508 1504 1502
f 1501 1500 1505
f 1509 1505 1503
f 1508 1501 1505
f 1507 1498 1504
f 1499 1497 1507
f 1511 1504 1508
f 1508 1505 1512
f 1512 1505 1509
f 1513 1512 1509
f 1513 1509 1510
f 1510 1514 1513
f 617 1439 686
f 1439 617 1515
f 1439 1515 1516
f 1382 616 1383
f 617 1382 1515
f 1382 1383 1515
f 1379 1384 1385
f 1383 1379 1385
f 1383 1517 1518
f 1441 1439 1516
f 1439 1441 1440
f 1516 1515 1518
f 1441 1516 1518
f 1518 1515 1383
f 1441 1519 1446
f 1519 1441 1518
f 1385 1517 1383
f 1520 1385 1395
f 1520 1517 1385
f 1521 1520 1395
f 1521 1395 1522
f 1523 1394 1399
f 1399 1394 1392
f 1395 1394 1523
f 1395 1523 1522
f 1524 1399 1391
f 1524 1391 1396
f 1524 1396 1525
f 1525 1396 1398
f 1525 1398 1526
f 1526 1398 1397
f 1526 1397 1400
f 1400 1527 1526
f 1528 1399 1524
f 1529 1524 1525
f 1530 1531 1527
f 1518 1517 1519
f 1519 1517 1532
f 1532 1517 1520
f 1533 1520 1521
f 1534 1519 1532
f 1532 1520 1533
f 1533 1521 1536
f 1536 1521 1522
f 1536 1522 1523
f 1536 1523 1535
f 1536 1535 1537
f 1535 1399 1528
f 1523 1399 1535
f 1539 1528 1529
f 1529 1528 1524
f 1525 1540 1529
f 1526 1540 1525
f 1538 1528 1539
f 1528 1538 1535
f 1542 1540 1526
f 1541 1529 1540
f 1542 1526 1527
f 1542 1527 1531
f 1541 1539 1529
f 1541 1540 1543
f 1543 1540 1542
f 1542 1544 1543
f 1538 1539 1545
f 1545 1539 1541
f 1546 1542 1531
f 1527 1400 1407
f 1407 1530 1527
f 1530 1407 1408
f 1404 1406 1408
f 1531 1530 1548
f 1408 1548 1530
f 1548 1408 1547
f 1548 1547 1549
f 1446 1443 1441
f 1446 1519 1534
f 1550 1534 1532
f 1550 1532 1551
f 1532 1533 1551
f 1552 1534 1550
f 1446 1534 1552
f 1552 1550 1551
f 1536 1553 1533
f 1554 1538 1545
f 1537 1535 1538
f 1537 1555 1536
f 1556 1537 1538
f 1556 1538 1554
f 1553 1551 1533
f 1553 1536 1557
f 1557 1536 1555
f 1447 1446 1552
f 1447 1552 1448
f 1552 1551 1553
f 1463 1448 1552
f 1552 1464 1463
f 1464 1552 1553
f 1557 1555 1558
f 1537 1558 1555
f 1462 1448 1463
f 1464 1553 1557
f 1559 1557 1558
f 1531 1560 1546
f 1560 1531 1548
f 1560 1548 1561
f 1562 1554 1545
f 1562 1556 1554
f 1541 1543 1564
f 1564 1543 1544
f 1562 1545 1563
f 1563 1545 1541
f 1544 1542 1546
f 1560 1544 1546
f 1564 1563 1541
f 1544 1565 1564
f 1565 1544 1560
f 1567 1566 1560
f 1558 1537 1556
f 1568 1556 1562
f 1569 1556 1568
f 1558 1556 1569
f 1570 1562 1563
f 1570 1568 1562
f 1563 1564 1571
f 1570 1563 1571
f 1559 1558 1569
f 1573 1569 1568
f 1574 1573 1568
f 1572 1571 1564
f 1565 1560 1566
f 1572 1564 1565
f 1572 1565 1566
f 1575 1566 1567
f 1575 1572 1566
f 1561 1548 1549
f 1567 1560 1561
f 1567 1561 1576
f 1549 1576 1561
f 1577 1576 1549
f 1423 1408 1406
f 1547 1408 1423
f 1578 1547 1423
f 1579 1424 1426
f 1432 1426 1425
f 1423 1422 1424
f 1423 1424 1579
f 1579 1426 1432
f 1578 1423 1579
f 1581 1579 1432
f 1578 1579 1581
f 1578 1581 1582
f 1583 1547 1578
f 1583 1549 1547
f 1583 1578 1580
f 1580 1578 1582
f 1580 1582 1584
f 1583 1580 1585
f 1580 1586 1585
f 1587 1432 1433
f 1588 1587 1433
f 1581 1432 1587
f 1581 1587 1589
f 1589 1587 1588
f 1591 1433 1434
f 1592 1434 1435
f 1592 1591 1434
f 1588 1433 1590
f 1433 1591 1590
f 1589 1588 1594
f 1594 1588 1590
f 1594 1590 1593
f 1595 1589 1594
f 1595 1584 1589
f 1582 1581 1589
f 1584 1582 1589
f 1596 1435 1437
f 1596 1592 1435
f 1591 1592 1593
f 1597 1593 1592
f 1597 1592 1598
f 1596 1598 1592
f 1600 1598 1596
f 1596 1437 1599
f 1600 1596 1599
f 1590 1591 1593
f 1594 1593 1597
f 1595 1594 1602
f 1603 1597 1601
f 1603 1594 1597
f 1602 1594 1603
f 1601 1597 1598
f 1601 1598 1604
f 1598 1600 1604
f 1604 1600 1605
f 1604 1606 1601
f 1608 1580 1584
f 1608 1584 1607
f 1607 1584 1595
f 1607 1595 1609
f 1586 1580 1608
f 1611 1608 1610
f 1610 1608 1607
f 1610 1607 1609
f 1595 1602 1612
f 1612 1602 1613
f 1613 1602 1603
f 1614 1612 1613
f 1603 1601 1606
f 1613 1603 1615
f 1616 1614 1613
f 1613 1615 1617
f 1616 1613 1617
f 1612 1609 1595
f 1614 1609 1612
f 1616 1609 1614
f 1610 1609 1616
f 1619 1549 1583
f 1620 1583 1585
f 1619 1583 1620
f 1620 1585 1621
f 1623 1586 1608
f 1623 1608 1611
f 1621 1586 1623
f 1585 1586 1621
f 1611 1624 1623
f 1624 1611 1625
f 1624 1621 1623
f 1625 1610 1616
f 1611 1610 1625
f 1625 1616 1626
f 1627 1625 1626
f 1626 1616 1617
f 1626 1617 1628
f 1625 1627 1624
f 1629 1624 1627
f 1627 1626 1628
f 1629 1627 1630
f 1621 1624 1629
f 1621 1629 1631
f 1620 1621 1632
f 1630 1627 1633
f 1629 1630 1631
f 1632 1621 1631
f 1622 1619 1620
f 1467 1464 1557
f 1467 1557 1559
f 1466 1464 1467
f 1569 1490 1559
f 1490 1569 1634
f 1634 1569 1573
f 1635 1573 1574
f 1636 1635 1574
f 1570 1574 1568
f 1637 1570 1571
f 1637 1571 1572
f 1636 1574 1570
f 1572 1638 1637
f 1467 1559 1490
f 1635 1634 1573
f 1493 1634 1635
f 1570 1637 1636
f 1637 1638 1639
f 1639 1636 1637
f 1641 1572 1575
f 1642 1575 1567
f 1641 1575 1642
f 1638 1572 1641
f 1640 1638 1641
f 1642 1643 1641
f 1490 1634 1493
f 1644 1636 1639
f 1636 1645 1635
f 1644 1645 1636
f 1645 1493 1635
f 1495 1493 1645
f 1639 1646 1644
f 1646 1639 1638
f 1640 1646 1638
f 1500 1645 1644
f 1647 1644 1646
f 1503 1644 1647
f 1647 1646 1640
f 1648 1647 1640
f 1641 1643 1640
f 1649 1640 1643
f 1642 1567 1576
f 1576 1577 1642
f 1642 1577 1650
f 1651 1577 1549
f 1650 1643 1642
f 1650 1652 1643
f 1652 1650 1653
f 1653 1577 1651
f 1653 1650 1577
f 1500 1495 1645
f 1503 1500 1644
f 1510 1503 1647
f 1648 1510 1647
f 1648 1640 1649
f 1655 1649 1643
f 1654 1510 1648
f 1509 1503 1510
f 1514 1510 1654
f 1649 1654 1648
f 1649 1655 1654
f 1656 1654 1655
f 1655 1643 1652
f 1657 1655 1652
f 1658 1652 1653
f 1657 1652 1658
f 1655 1657 1659
f 1659 1657 1658
f 1661 1632 1631
f 1662 1661 1631
f 1663 1664 1662
f 1651 1549 1619
f 1622 1651 1619
f 1620 1666 1622
f 1666 1620 1665
f 1666 1651 1622
f 1666 1653 1651
f 1653 1666 1667
f 1632 1665 1620
f 1661 1665 1632
f 1664 1661 1662
f 1653 1667 1658
f 1667 1666 1665
f 1668 1667 1665
f 1667 1660 1658
f 1668 1660 1667
f 1668 1665 1669
f 1670 1660 1668
f 1669 1665 1661
f 1664 1669 1661
f 1669 1664 1663
f 1671 1669 1663
f 1673 1663 1672
f 1673 1671 1663
f 1674 1673 1672
f 972 791 1471
f 792 791 972
f 1675 972 1471
f 974 972 1675
f 973 974 1676
f 974 1677 1676
f 974 1675 1677
f 973 1676 976
f 1677 1678 1676
f 1677 1680 1678
f 1675 1471 1478
f 1677 1675 1478
f 1677 1478 1479
f 1677 1479 1679
f 1683 1479 1486
f 1479 1483 1486
f 1679 1479 1684
f 1684 1479 1683
f 1683 1486 1685
f 1487 1685 1486
f 1681 1679 1684
f 1682 1681 1684
f 1686 1684 1683
f 1684 1686 1682
f 977 976 1676
f 1678 977 1676
f 977 1678 1687
f 977 1687 1007
f 1680 1677 1679
f 1687 1678 1680
f 1008 1007 1688
f 1688 1007 1687
f 1689 1687 1680
f 1689 1680 1690
f 1687 1689 1688
f 1691 1689 1692
f 1680 1679 1681
f 1693 1680 1681
f 1693 1681 1682
f 1693 1682 1694
f 1690 1680 1693
f 1692 1689 1690
f 1693 1694 1695
f 1690 1693 1695
f 1692 1690 1695
f 1692 1695 1696
f 1696 1695 1698
f 1698 1695 1694
f 1696 1698 1697
f 1685 1487 1699
f 1506 1699 1487
f 1700 1699 1506
f 1506 1499 1507
f 1700 1506 1507
f 1511 1507 1504
f 1701 1507 1511
f 1511 1508 1512
f 1512 1702 1511
f 1703 1513 1514
f 1513 1702 1512
f 1702 1701 1511
f 1507 1701 1700
f 1705 1700 1701
f 1702 1706 1701
f 1704 1702 1513
f 1703 1704 1513
f 1686 1685 1707
f 1707 1685 1699
f 1685 1686 1683
f 1708 1699 1700
f 1708 1700 1705
f 1705 1709 1708
f 1707 1699 1708
f 1707 1708 1710
f 1708 1709 1710
f 1701 1706 1705
f 1711 1703 1514
f 1712 1711 1514
f 1713 1705 1706
f 1714 1705 1713
f 1713 1715 1716
f 1715 1706 1702
f 1715 1702 1717
f 1717 1702 1704
f 1718 1704 1711
f 1703 1711 1704
f 1713 1706 1715
f 1704 1718 1717
f 1716 1715 1717
f 1719 1718 1711
f 1719 1711 1712
f 1720 1698 1694
f 1721 1698 1720
f 1721 1720 1722
f 1682 1686 1723
f 1707 1723 1686
f 1725 1723 1724
f 1710 1723 1707
f 1723 1710 1724
f 1709 1724 1710
f 1709 1726 1724
f 1725 1724 1726
f 1682 1723 1694
f 1723 1720 1694
f 1720 1723 1725
f 1720 1725 1727
f 1727 1725 1728
f 1722 1720 1727
f 1722 1727 1729
f 1709 1705 1714
f 1726 1709 1714
f 1731 1713 1716
f 1730 1714 1713
f 1730 1713 1731
f 1731 1716 1732
f 1733 1726 1714
f 1733 1714 1730
f 1730 1731 1734
f 1732 1734 1731
f 1735 1732 1736
f 1718 1736 1717
f 1736 1716 1717
f 1732 1716 1736
f 1737 1736 1718
f 1737 1718 1719
f 1739 1737 1719
f 1739 1719 1738
f 1728 1725 1726
f 1728 1726 1740
f 1740 1726 1733
f 1733 1730 1741
f 1741 1730 1734
f 1735 1742 1732
f 1742 1734 1732
f 1729 1727 1728
f 1744 1729 1728
f 1733 1741 1740
f 1740 1741 1745
f 1747 1741 1746
f 1741 1734 1746
f 1746 1734 1742
f 1735 1736 1737
f 1749 1737 1739
f 1743 1735 1737
f 1749 1743 1737
f 1750 1739 1751
f 1748 1743 1749
f 1750 1749 1739
f 1038 1752 1053
f 1053 1752 1753
f 1754 1753 1752
f 1008 1688 1756
f 1756 1688 1691
f 1078 1008 1756
f 1757 1078 1756
f 1688 1689 1691
f 1758 1756 1759
f 1691 1759 1756
f 1079 1078 1757
f 1077 1078 1079
f 1758 1757 1756
f 1760 1079 1757
f 1027 1079 1760
f 1760 1757 1758
f 1760 1758 1762
f 1758 1759 1762
f 1762 1759 1763
f 1761 1760 1762
f 1759 1691 1692
f 1759 1692 1764
f 1696 1764 1692
f 1764 1696 1765
f 1766 1696 1697
f 1696 1766 1765
f 1764 1763 1759
f 1763 1764 1767
f 1765 1767 1764
f 1767 1765 1768
f 1768 1765 1766
f 1768 1766 1769
f 1761 1027 1760
f 1038 1027 1761
f 1752 1038 1761
f 1761 1762 1755
f 1752 1761 1755
f 1752 1755 1754
f 1770 1763 1767
f 1755 1762 1763
f 1755 1763 1770
f 1772 1770 1767
f 1755 1770 1771
f 1773 1755 1771
f 1771 1770 1772
f 1774 1771 1772
f 1775 1773 1771
f 1775 1771 1774
f 1697 1698 1766
f 1698 1721 1766
f 1721 1776 1766
f 1777 1766 1776
f 1776 1721 1722
f 1776 1722 1744
f 1729 1744 1722
f 1777 1769 1766
f 1768 1769 1779
f 1777 1776 1780
f 1776 1744 1780
f 1780 1744 1778
f 1781 1769 1777
f 1781 1777 1780
f 1780 1778 1782
f 1781 1780 1783
f 1783 1780 1782
f 1786 1782 1784
f 1744 1728 1740
f 1778 1744 1740
f 1741 1747 1745
f 1785 1740 1745
f 1778 1740 1785
f 1746 1742 1789
f 1789 1742 1735
f 1788 1746 1789
f 1789 1735 1743
f 1790 1789 1743
f 1790 1743 1748
f 1791 1790 1748
f 1788 1747 1746
f 1792 1745 1747
f 1793 1792 1747
f 1788 1793 1747
f 1745 1792 1785
f 1789 1790 1788
f 1748 1749 1791
f 1795 1751 1794
f 1750 1791 1749
f 1791 1750 1751
f 1795 1791 1751
f 1778 1785 1782
f 1782 1785 1784
f 1792 1784 1785
f 1792 1793 1787
f 1788 1797 1793
f 1790 1796 1788
f 1797 1787 1793
f 1787 1784 1792
f 1798 1787 1797
f 1788 1796 1797
f 1796 1800 1799
f 1799 1797 1796
f 1800 1796 1790
f 1801 1790 1791
f 1800 1790 1801
f 1801 1791 1795
f 1795 1803 1801
f 1802 1801 1803
f 1772 1768 1779
f 1772 1767 1768
f 1772 1779 1804
f 1805 1772 1804
f 1805 1804 1806
f 1779 1769 1781
f 1779 1781 1807
f 1804 1779 1807
f 1805 1774 1772
f 1808 1774 1805
f 1809 1805 1806
f 1806 1804 1809
f 1809 1804 1810
f 1781 1783 1811
f 1807 1781 1811
f 1813 1784 1787
f 1811 1783 1814
f 1814 1783 1782
f 1814 1782 1786
f 1813 1786 1784
f 1798 1813 1787
f 1812 1811 1814
f 1816 1814 1786
f 1817 1786 1813
f 1815 1813 1798
f 1816 1786 1817
f 1807 1810 1804
f 1812 1807 1811
f 1810 1807 1812
f 1821 1817 1813
f 1822 1815 1818
f 1820 1816 1817
f 1817 1821 1820
f 1821 1813 1815
f 1810 1812 1823
f 1816 1823 1812
f 1816 1812 1814
f 1824 1820 1821
f 1815 1798 1797
f 1815 1797 1818
f 1818 1797 1799
f 1825 1800 1801
f 1818 1799 1826
f 1826 1799 1800
f 1826 1800 1825
f 1827 1826 1825
f 1825 1801 1802
f 1802 1803 1828
f 1828 1825 1802
f 1828 1803 1829
f 1821 1815 1822
f 1826 1822 1818
f 1831 1822 1826
f 1833 1821 1822
f 1831 1826 1832
f 1832 1826 1827
f 1834 1832 1827
f 1825 1835 1827
f 1835 1825 1828
f 1656 1514 1654
f 1656 1712 1514
f 1656 1655 1836
f 1837 1836 1659
f 1836 1838 1656
f 1838 1712 1656
f 1738 1719 1712
f 1840 1712 1838
f 1836 1655 1659
f 1659 1658 1660
f 1841 1837 1659
f 1841 1659 1660
f 1839 1836 1837
f 1843 1837 1841
f 1843 1841 1844
f 1844 1841 1842
f 1840 1738 1712
f 1739 1738 1840
f 1836 1840 1838
f 1845 1836 1839
f 1751 1739 1794
f 1794 1739 1840
f 1840 1836 1845
f 1845 1794 1840
f 1846 1843 1844
f 1848 1842 1847
f 1848 1844 1842
f 1843 1839 1837
f 1845 1839 1843
f 1844 1848 1846
f 1843 1846 1845
f 1849 1845 1846
f 1850 1849 1846
f 1850 1846 1851
f 1841 1660 1670
f 1669 1853 1668
f 1669 1671 1853
f 1670 1668 1853
f 1852 1670 1853
f 1854 1852 1853
f 1842 1841 1670
f 1842 1670 1855
f 1855 1670 1856
f 1856 1670 1852
f 1847 1842 1855
f 1855 1857 1847
f 1858 1855 1856
f 1852 1854 1859
f 1860 1854 1853
f 1859 1854 1860
f 1856 1852 1859
f 1861 1856 1859
f 1862 1859 1860
f 1861 1859 1862
f 1863 1853 1671
f 1864 1863 1671
f 1864 1671 1673
f 1860 1853 1863
f 1860 1863 1865
f 1865 1863 1866
f 1862 1860 1865
f 1866 1863 1867
f 1868 1864 1673
f 1864 1868 1869
f 1867 1863 1864
f 1858 1856 1861
f 1857 1855 1858
f 1872 1857 1858
f 1872 1871 1857
f 1848 1847 1857
f 1848 1857 1873
f 1873 1857 1871
f 1872 1875 1871
f 1874 1871 1875
f 1874 1873 1871
f 1876 1861 1862
f 1877 1861 1876
f 1872 1858 1861
f 1872 1861 1875
f 1875 1861 1877
f 1878 1875 1877
f 1876 1878 1877
f 1848 1873 1851
f 1879 1873 1874
f 1851 1873 1879
f 1880 1851 1879
f 1874 1875 1879
f 1879 1875 1878
f 1878 1876 1882
f 1881 1878 1882
f 1879 1878 1881
f 1880 1879 1881
f 1885 1880 1881
f 1884 1881 1882
f 1884 1886 1881
f 1846 1848 1851
f 1862 1865 1887
f 1876 1862 1887
f 1887 1865 1888
f 1888 1865 1866
f 1888 1866 1867
f 1883 1887 1890
f 1876 1887 1882
f 1889 1887 1888
f 1889 1888 1891
f 1890 1887 1889
f 1864 1869 1870
f 1892 1870 1869
f 1870 1867 1864
f 1888 1867 1870
f 1893 1870 1892
f 1891 1888 1870
f 1891 1894 1895
f 1891 1870 1894
f 1894 1870 1893
f 1896 1894 1893
f 1882 1887 1883
f 1884 1882 1883
f 1890 1889 1895
f 1895 1889 1891
f 1895 1897 1890
f 1897 1895 1898
f 1884 1883 1890
f 1897 1884 1890
f 1898 1895 1899
f 1895 1894 1896
f 1895 1896 1899
f 1899 1896 1900
f 1901 1898 1899
f 1899 1900 1902
f 1902 1901 1899
f 1795 1794 1903
f 1849 1794 1845
f 1903 1794 1849
f 1903 1803 1795
f 1803 1903 1905
f 1904 1903 1849
f 1904 1905 1903
f 1906 1849 1907
f 1907 1849 1850
f 1904 1849 1906
f 1906 1907 1908
f 1910 1907 1909
f 1910 1908 1907
f 1803 1905 1829
f 1911 1904 1906
f 1904 1911 1905
f 1911 1829 1905
f 1913 1829 1911
f 1830 1829 1913
f 1911 1906 1912
f 1912 1906 1908
f 1912 1908 1914
f 1914 1908 1910
f 1912 1913 1911
f 1917 1913 1912
f 1917 1912 1918
f 1915 1914 1916
f 1912 1914 1915
f 1912 1915 1919
f 1918 1912 1919
f 1885 1881 1886
f 1850 1851 1907
f 1851 1880 1907
f 1909 1907 1880
f 1909 1880 1885
f 1922 1885 1886
f 1922 1886 1921
f 1910 1909 1924
f 1924 1885 1922
f 1924 1909 1885
f 1925 1922 1923
f 1925 1924 1922
f 1926 1925 1923
f 1921 1886 1884
f 1921 1884 1897
f 1927 1897 1898
f 1927 1921 1897
f 1928 1921 1927
f 1929 1928 1927
f 1898 1930 1927
f 1930 1898 1901
f 1930 1901 1902
f 1930 1902 1931
f 1929 1927 1930
f 1932 1929 1930
f 1933 1930 1931
f 1932 1930 1933
f 1923 1921 1928
f 1926 1923 1928
f 1928 1929 1934
f 1934 1929 1932
f 1936 1934 1932
f 1936 1932 1935
f 1926 1928 1934
f 1937 1926 1934
f 1934 1936 1937
f 1923 1922 1921
f 1914 1910 1916
f 1916 1910 1924
f 1925 1916 1924
f 1916 1925 1939
f 1920 1915 1916
f 1920 1916 1940
f 1939 1940 1916
f 1942 1940 1939
f 1942 1939 1941
f 1936 1943 1937
f 1926 1939 1925
f 1926 1941 1939
f 1941 1926 1937
f 1941 1937 1942
f 1942 1937 1943
f 1944 123 117
f 123 1944 1945
f 1945 121 123
f 125 121 1945
f 125 127 124
f 1945 1947 125
f 1948 338 318
f 316 1948 318
f 1949 316 322
f 1950 1949 322
f 1950 322 321
f 1949 1948 316
f 1952 1949 1950
f 1948 1951 338
f 321 1953 1950
f 1953 321 324
f 1953 1952 1950
f 1948 1949 1954
f 1954 1955 1948
f 1955 1951 1948
f 1951 1955 1957
f 1956 1951 1958
f 1952 1954 1949
f 1959 1952 1953
f 1954 1952 1961
f 324 1960 1953
f 1959 1961 1952
f 1959 1963 1961
f 1964 1963 1959
f 1965 1959 1953
f 1961 1957 1954
f 1955 1954 1957
f 1951 1957 1966
f 334 330 1967
f 336 335 1968
f 1969 333 336
f 330 333 1967
f 333 1969 1967
f 334 1967 1970
f 1969 336 1968
f 1971 1967 1969
f 339 334 1972
f 1971 1969 1973
f 1969 1968 1973
f 1970 1967 1971
f 1970 1974 334
f 1972 334 1974
f 337 338 1951
f 335 337 1951
f 1951 1968 335
f 1968 1951 1956
f 1968 1956 1975
f 1975 1973 1968
f 1973 1975 1976
f 1977 1978 1971
f 1971 1978 1970
f 1977 1971 1973
f 1976 1977 1973
f 1956 1979 1975
f 1975 1979 1976
f 1979 1956 1958
f 1980 1957 1961
f 1963 1980 1961
f 1958 1951 1966
f 1966 1957 1981
f 1979 1958 1982
f 1980 1981 1957
f 1981 1958 1966
f 1983 1982 1958
f 1982 1985 1984
f 1983 1985 1982
f 1981 1987 1958
f 1987 1983 1958
f 1985 1983 1989
f 1989 1988 1985
f 1976 1979 1982
f 1977 1976 1984
f 1976 1982 1984
f 1970 1993 1974
f 1978 1977 1984
f 1993 1970 1978
f 1978 1994 1993
f 1995 1974 1993
f 1990 1994 1978
f 1990 1978 1984
f 1984 1988 1990
f 1985 1988 1984
f 1990 1996 1994
f 1995 1991 1974
f 1995 1992 1991
f 1996 1990 1988
f 1994 1997 1993
f 1993 1997 1995
f 1996 1997 1994
f 1995 1997 1998
f 1999 1992 1995
f 1997 2000 1998
f 2001 1995 1998
f 1999 1995 2001
f 2001 1998 2002
f 2003 2001 2002
f 2005 2003 2004
f 1962 324 325
f 325 323 372
f 372 1962 325
f 1962 372 2006
f 2007 1962 2006
f 2007 1960 1962
f 1962 1960 324
f 1960 1965 1953
f 1960 2007 2008
f 2009 2007 2006
f 2010 2008 2007
f 372 371 373
f 2011 373 376
f 2011 372 373
f 2012 2013 376
f 2011 2006 372
f 2006 2011 2009
f 2013 2011 376
f 2011 2013 2015
f 2013 2012 2016
f 2015 2009 2011
f 1965 1964 1959
f 2017 1965 1960
f 2017 1960 2008
f 1963 1964 2018
f 1965 2018 1964
f 2019 2018 1965
f 2020 2017 2008
f 2017 2019 1965
f 2021 2019 2017
f 2010 2020 2008
f 2025 2019 2021
f 2025 2022 2019
f 2024 2026 2021
f 2018 1980 1963
f 2023 1986 1980
f 1980 2018 2023
f 1981 1980 1986
f 2023 2027 1986
f 1981 1986 1987
f 1983 1987 2028
f 2027 1987 1986
f 2022 2023 2019
f 2019 2023 2018
f 2029 2027 2023
f 1983 2028 1989
f 2020 2021 2017
f 2024 2021 2020
f 2009 2010 2007
f 2030 2010 2009
f 2010 2030 2031
f 2015 2014 2009
f 2014 2015 2030
f 2032 2030 2015
f 2016 2032 2015
f 2009 2014 2030
f 2033 2024 2010
f 2031 2033 2010
f 2035 2034 2031
f 2034 2033 2031
f 2010 2024 2020
f 2030 2032 2031
f 390 375 377
f 2036 375 390
f 376 375 2012
f 390 394 2036
f 2037 2036 394
f 2038 2016 2012
f 375 2036 2012
f 2016 2015 2013
f 2036 2037 2012
f 2012 2037 2038
f 2037 394 2041
f 2039 2041 394
f 2042 2041 2039
f 393 394 391
f 2039 394 393
f 398 2039 393
f 398 396 810
f 2039 398 2040
f 2038 2043 2016
f 2043 2032 2016
f 2044 2038 2037
f 2044 2043 2038
f 2035 2031 2032
f 2043 2035 2032
f 2041 2044 2037
f 2046 2044 2041
f 2047 2046 2041
f 2041 2042 2047
f 2044 2048 2043
f 2046 2048 2044
f 2055 2051 2053
f 2052 2055 2053
f 2056 2052 2054
f 2052 2056 2057
f 2058 2056 2059
f 2059 2060 2058
f 2056 2058 2057
f 2060 2059 2061
f 2063 2029 2023
f 2022 2063 2023
f 2022 2025 2063
f 2025 2021 2065
f 2065 2021 2026
f 2067 2066 2064
f 2025 2068 2063
f 2068 2069 2063
f 2069 2029 2063
f 2027 2064 1987
f 2029 2064 2027
f 1987 2064 2066
f 1987 2066 2028
f 2028 2070 1989
f 1988 1989 2070
f 2072 1996 1988
f 1988 2070 2072
f 1997 1996 2073
f 2070 2028 2071
f 2072 2070 2071
f 2075 2067 2064
f 2064 2029 2075
f 2069 2075 2029
f 2077 2067 2075
f 2078 2066 2067
f 2067 2076 2078
f 2028 2066 2074
f 2028 2074 2071
f 2072 2071 2079
f 2072 2079 2080
f 2072 2080 1996
f 2080 2073 1996
f 2079 2071 2074
f 2066 2081 2074
f 2074 2081 2079
f 2024 2033 2026
f 2082 2026 2033
f 2065 2068 2025
f 2083 2065 2026
f 2083 2026 2082
f 2033 2034 2082
f 2069 2068 2085
f 2086 2085 2068
f 2068 2065 2086
f 2065 2083 2084
f 2084 2086 2065
f 2085 2087 2069
f 2087 2077 2069
f 2075 2069 2077
f 2067 2077 2076
f 2088 2083 2082
f 2089 2088 2082
f 2088 2084 2083
f 1997 2073 2000
f 2078 2081 2066
f 2091 2000 2073
f 2093 2080 2079
f 2092 2073 2080
f 2073 2092 2091
f 2093 2079 2081
f 2080 2093 2094
f 2094 2092 2080
f 2000 2091 2095
f 2085 2097 2098
f 2098 2087 2085
f 2087 2099 2077
f 2087 2100 2099
f 2098 2100 2087
f 2077 2099 2076
f 2076 2099 2101
f 2076 2101 2078
f 2078 2101 2102
f 2102 2081 2078
f 2097 2085 2086
f 2103 2097 2086
f 2086 2084 2103
f 2104 2097 2103
f 2090 2084 2088
f 2090 2103 2084
f 2105 2098 2097
f 2105 2100 2098
f 2104 2105 2097
f 2106 2103 2090
f 2106 2104 2103
f 2100 2107 2099
f 2107 2101 2099
f 2108 2081 2102
f 2109 2093 2081
f 2081 2108 2109
f 2110 2108 2102
f 2100 2105 2107
f 2111 2112 2107
f 2112 2101 2107
f 2101 2112 2110
f 2101 2110 2102
f 2107 2105 2050
f 2050 2111 2107
f 2051 2050 2105
f 2053 2051 2105
f 2093 2109 2094
f 2092 2094 2113
f 2114 2092 2113
f 2114 2095 2091
f 2091 2092 2114
f 2115 2002 1998
f 1998 2000 2115
f 2002 2115 2004
f 2115 2000 2095
f 2003 2002 2004
f 2004 2115 2096
f 2116 2004 2096
f 2096 2115 2095
f 2004 2116 2005
f 2117 2118 2034
f 2035 2117 2034
f 2118 2082 2034
f 2119 2118 2117
f 2045 2035 2043
f 2045 2117 2035
f 2121 2119 2117
f 2117 2045 2121
f 2045 2120 2121
f 2118 2089 2082
f 2122 2089 2118
f 2122 2124 2089
f 2119 2122 2118
f 2119 2121 2122
f 2043 2048 2045
f 2120 2045 2048
f 2048 2125 2120
f 2126 2127 2048
f 2127 2125 2048
f 2048 2046 2126
f 2120 2123 2121
f 2123 2122 2121
f 2128 2120 2125
f 2129 2128 2125
f 2090 2088 2130
f 2088 2089 2131
f 2131 2130 2088
f 2130 2106 2090
f 2130 2054 2106
f 2130 2131 2054
f 2124 2131 2089
f 2054 2131 2056
f 2131 2124 2059
f 2059 2056 2131
f 2104 2053 2105
f 2053 2104 2106
f 2052 2053 2106
f 2106 2054 2052
f 2123 2132 2122
f 2128 2123 2120
f 2122 2132 2124
f 2132 2059 2124
f 2123 2133 2132
f 2128 2133 2123
f 2061 2059 2132
f 2133 2061 2132
f 2134 2133 2128
f 2134 2062 2133
f 2061 2133 2062
f 547 537 2135
f 537 536 339
f 2135 537 339
f 2135 339 2136
f 2135 2136 2137
f 2137 2136 2138
f 544 2140 2139
f 2141 2139 2140
f 546 547 545
f 545 547 2142
f 2143 2142 547
f 2144 2142 2143
f 2144 2145 2142
f 547 2135 2143
f 2142 544 545
f 2140 544 2142
f 2140 2142 2145
f 2141 2140 2146
f 2144 2143 2147
f 2143 2148 2147
f 2135 2137 2143
f 2137 2148 2143
f 2149 2148 2137
f 2148 2149 2150
f 2140 2145 2147
f 2147 2145 2144
f 2147 2146 2140
f 2148 2150 2147
f 2147 2151 2146
f 2152 2151 2147
f 2137 2138 2149
f 2138 2154 2149
f 2154 2153 2149
f 2153 2154 2155
f 2157 2147 2156
f 2157 2152 2147
f 2149 2147 2150
f 2156 2147 2149
f 2149 2160 2156
f 2153 2160 2149
f 2160 2158 2156
f 2161 2153 2155
f 2154 2162 2155
f 2161 2160 2153
f 2160 2159 2158
f 2160 2161 2159
f 2161 2163 2159
f 2161 2155 2162
f 2164 2161 2162
f 2163 2161 2165
f 2165 2166 2167
f 2161 2166 2165
f 2166 2161 2164
f 2136 339 1972
f 1972 1974 2136
f 1974 1991 2136
f 2136 2168 2138
f 1991 2168 2136
f 2168 1991 1992
f 2168 2169 2138
f 2154 2138 2170
f 2170 2162 2154
f 543 2171 552
f 2139 543 544
f 543 2139 2171
f 553 552 2171
f 2139 2141 2171
f 2171 2141 2172
f 2173 553 2171
f 2172 2173 2171
f 2173 2172 2174
f 556 551 553
f 2173 556 553
f 2173 555 556
f 555 2173 2174
f 2175 555 2174
f 2176 2141 2151
f 2141 2176 2172
f 2174 2172 2176
f 2177 2178 2176
f 2175 2180 2179
f 2178 2175 2174
f 2178 2174 2176
f 2180 2175 2178
f 2151 2141 2146
f 2177 2176 2151
f 116 107 555
f 2175 116 555
f 116 2181 117
f 127 125 2183
f 127 2184 126
f 1268 126 2184
f 1946 117 2182
f 1944 117 1946
f 1945 2185 1947
f 2186 1946 2182
f 2187 1947 2185
f 125 1947 2183
f 2188 2183 1947
f 2184 127 2189
f 1328 1268 2190
f 2190 1268 2184
f 2179 116 2175
f 116 2179 2181
f 2182 117 2181
f 1947 2187 2188
f 2182 2191 2186
f 2188 2187 2192
f 127 2183 2188
f 2189 127 2188
f 2193 2187 2191
f 2191 2187 2186
f 2192 2187 2194
f 2188 2192 2195
f 2193 2191 2196
f 2197 2193 2196
f 2198 2192 2194
f 2197 2198 2194
f 2189 2188 2195
f 2184 2189 2190
f 2190 2189 2199
f 2192 2198 2195
f 2199 2189 2195
f 2200 1328 2190
f 2178 2177 2202
f 2178 2202 2180
f 2204 2179 2180
f 2205 2204 2180
f 2204 2203 2179
f 2152 2177 2151
f 2177 2152 2206
f 2152 2157 2206
f 2206 2157 2156
f 2202 2177 2207
f 2206 2207 2177
f 2156 2158 2206
f 2158 2159 2208
f 2207 2206 2158
f 2207 2158 2208
f 2207 2209 2202
f 2202 2209 2180
f 2208 2209 2207
f 2208 2159 2210
f 2208 2210 2209
f 2210 2159 2163
f 2210 2163 2165
f 2167 2210 2165
f 2205 2180 2209
f 2211 2203 2204
f 2203 2211 2212
f 2211 2205 2214
f 2209 2214 2205
f 2209 2210 2214
f 2211 2204 2205
f 2181 2179 2182
f 2179 2203 2182
f 2182 2215 2191
f 2191 2215 2216
f 2191 2216 2196
f 2216 2215 2220
f 2221 2199 2195
f 2217 2218 2197
f 2199 2221 2222
f 2219 2197 2218
f 2223 2198 2197
f 2223 2197 2224
f 2195 2198 2223
f 2224 2197 2219
f 2221 2195 2223
f 2221 2223 2225
f 2213 2182 2203
f 2213 2215 2182
f 2215 2213 2226
f 2215 2226 2220
f 2224 2219 2227
f 2220 2226 2227
f 2228 2224 2227
f 2229 2224 2228
f 2228 2227 2226
f 2223 2224 2225
f 2225 2224 2229
f 2200 2190 2199
f 2200 2199 2230
f 2199 2222 2230
f 2201 2200 2231
f 2200 2232 2231
f 2233 2200 2230
f 2232 2200 2233
f 2203 2212 2213
f 2213 2212 2234
f 2226 2213 2235
f 2226 2236 2228
f 2236 2226 2235
f 2238 2228 2237
f 2228 2238 2229
f 2222 2221 2225
f 2222 2225 2239
f 2230 2222 2239
f 2229 2239 2225
f 2233 2230 2242
f 2241 2242 2230
f 2233 2242 2243
f 2230 2240 2244
f 2241 2230 2244
f 2245 2232 2233
f 2246 2233 2243
f 2247 2242 2241
f 2248 2243 2242
f 2248 2242 2247
f 2248 2247 2249
f 2247 2250 2249
f 2251 2166 2164
f 2252 2251 2164
f 2251 2252 2253
f 2168 1992 1999
f 2168 1999 2169
f 2254 2169 1999
f 2001 2254 1999
f 2138 2255 2170
f 2255 2138 2169
f 2164 2170 2252
f 2252 2170 2255
f 2254 2255 2169
f 2164 2162 2170
f 2254 2257 2255
f 2259 2256 2252
f 2252 2256 2253
f 2255 2257 2258
f 2258 2252 2255
f 2252 2258 2259
f 2001 2260 2254
f 2003 2260 2001
f 2005 2260 2003
f 2257 2254 2260
f 2005 2116 2262
f 2260 2005 2261
f 2005 2262 2261
f 2259 2258 2267
f 2259 2267 2266
f 2258 2265 2267
f 2258 2260 2265
f 2268 2267 2265
f 2264 2265 2260
f 2269 2265 2264
f 2270 2268 2265
f 2269 2270 2265
f 2260 2258 2257
f 2261 2264 2260
f 2271 2214 2210
f 2167 2166 2271
f 2271 2166 2251
f 2271 2210 2167
f 2272 2271 2251
f 2271 2272 2214
f 2273 2251 2253
f 2251 2273 2272
f 2276 2214 2272
f 2214 2276 2211
f 2274 2253 2256
f 2273 2253 2274
f 2273 2274 2277
f 2277 2276 2273
f 2277 2259 2278
f 2278 2276 2277
f 2278 2279 2276
f 2273 2276 2272
f 2276 2212 2211
f 2280 2212 2276
f 2212 2280 2234
f 2276 2281 2280
f 2234 2280 2282
f 2213 2234 2235
f 2285 2236 2235
f 2284 2238 2237
f 2238 2286 2229
f 2287 2238 2284
f 2287 2286 2238
f 2234 2275 2235
f 2235 2275 2288
f 2288 2287 2284
f 2286 2287 2290
f 2287 2288 2291
f 2290 2289 2286
f 2289 2290 2292
f 2292 2240 2289
f 2240 2292 2293
f 2244 2240 2293
f 2239 2229 2286
f 2230 2239 2289
f 2240 2230 2289
f 2289 2239 2286
f 2291 2288 2275
f 2290 2287 2291
f 2290 2291 2294
f 2295 2291 2275
f 2283 2295 2275
f 2294 2291 2295
f 2296 2294 2295
f 2297 2292 2290
f 2293 2292 2297
f 2244 2293 2298
f 2275 2234 2282
f 2283 2275 2282
f 2295 2283 2299
f 2302 2294 2301
f 2301 2294 2296
f 2294 2297 2290
f 2297 2298 2293
f 2297 2294 2302
f 2276 2279 2281
f 2280 2281 2303
f 2280 2303 2282
f 2304 2282 2305
f 2304 2283 2282
f 2304 2306 2283
f 2301 2296 2300
f 2301 2300 2304
f 2302 2301 2307
f 2304 2305 2301
f 2277 2274 2256
f 2259 2277 2256
f 2278 2259 2266
f 2241 2244 2308
f 2241 2308 2309
f 2250 2247 2241
f 2309 2308 2311
f 2312 2309 2311
f 2310 2241 2309
f 2308 2244 2311
f 2244 2298 2313
f 2311 2244 2313
f 2313 2314 2311
f 2241 2310 2250
f 2315 2310 2309
f 2315 2316 2310
f 2315 2309 2312
f 2315 2317 2316
f 2318 2312 2311
f 2311 2314 2319
f 2318 2311 2319
f 2266 2279 2278
f 2321 2281 2279
f 2322 2305 2282
f 2323 2266 2268
f 2279 2266 2323
f 2323 2321 2279
f 2324 2303 2321
f 2266 2267 2268
f 2268 2270 2323
f 2323 2270 2325
f 2323 2324 2321
f 2281 2321 2303
f 2303 2327 2326
f 2326 2282 2303
f 2282 2326 2322
f 2327 2303 2324
f 2322 2326 2328
f 2329 2326 2327
f 2327 2330 2329
f 2332 2326 2331
f 2333 2302 2307
f 2335 2301 2305
f 2307 2301 2335
f 2333 2307 2337
f 2297 2302 2333
f 2298 2297 2333
f 2298 2333 2336
f 2313 2298 2336
f 2338 2313 2340
f 2305 2322 2334
f 2328 2307 2335
f 2337 2307 2328
f 2337 2341 2333
f 2341 2336 2333
f 2337 2328 2342
f 2342 2343 2337
f 2341 2337 2343
f 2326 2342 2328
f 2332 2342 2326
f 2313 2336 2340
f 2340 2336 2344
f 2339 2313 2338
f 2314 2313 2339
f 2314 2339 2320
f 2319 2314 2320
f 2345 2339 2338
f 2339 2345 2320
f 2346 2338 2340
f 2345 2338 2348
f 2348 2338 2346
f 2263 2262 2116
f 2317 2315 2312
f 2349 2312 2318
f 2317 2312 2349
f 2349 2318 2319
f 2319 2351 2349
f 2351 2319 2350
f 2350 2319 2320
f 2350 2320 2345
f 2350 2345 2348
f 2350 2348 2353
f 2354 2350 2353
f 2353 2348 2346
f 2353 2346 2355
f 2354 2353 2355
f 2351 2350 2354
f 2356 2352 2351
f 2356 2351 2354
f 2356 2354 2358
f 2359 2357 2356
f 2358 2359 2356
f 2050 2361 2111
f 2362 2050 2051
f 2363 2051 2055
f 2364 2055 2052
f 2362 2361 2050
f 2363 2362 2051
f 2364 2363 2055
f 2052 2057 2364
f 2366 2364 2057
f 2367 2362 2363
f 2368 2367 2363
f 2363 2364 2368
f 2367 2369 2362
f 2362 2369 2361
f 2369 2365 2361
f 2365 2369 2371
f 2371 2369 2372
f 2367 2372 2369
f 2371 2370 2365
f 2366 2368 2364
f 2373 2368 2366
f 2376 2372 2367
f 2367 2368 2376
f 2377 2368 2373
f 2377 2376 2368
f 2373 2366 2375
f 2373 2375 2378
f 2379 2057 2058
f 2379 2058 2060
f 2380 2366 2057
f 2379 2380 2057
f 2380 2379 2381
f 2061 2062 2382
f 2061 2382 2060
f 2060 2382 2379
f 2383 2382 2062
f 2382 2383 2384
f 2384 2379 2382
f 2366 2380 2374
f 2375 2366 2374
f 2381 2374 2380
f 2375 2374 2385
f 2385 2378 2375
f 2384 2381 2379
f 2381 2384 2386
f 2385 2374 2381
f 2381 2388 2385
f 2386 2388 2381
f 2370 2390 2389
f 2377 2373 2391
f 2392 2391 2373
f 2372 2393 2371
f 2390 2370 2371
f 2373 2378 2392
f 2377 2394 2376
f 2395 2394 2377
f 2371 2393 2390
f 2372 2376 2393
f 2393 2376 2394
f 2396 2393 2394
f 2395 2396 2394
f 2397 2389 2398
f 2399 2389 2390
f 2396 2399 2393
f 2390 2393 2399
f 2389 2399 2398
f 2398 2400 2397
f 2392 2378 2401
f 2391 2403 2377
f 2403 2395 2377
f 2392 2404 2391
f 2392 2401 2402
f 2378 2385 2405
f 2388 2405 2385
f 2406 2401 2378
f 2405 2406 2378
f 2405 2388 2407
f 2409 2403 2391
f 2391 2404 2409
f 2410 2396 2395
f 2411 2395 2403
f 2403 2409 2411
f 2402 2404 2392
f 2411 2410 2395
f 2412 2399 2396
f 2410 2412 2396
f 2413 2411 2409
f 2409 2404 2414
f 2402 2401 2415
f 2402 2415 2416
f 2415 2401 2417
f 2406 2417 2401
f 2402 2416 2404
f 2414 2404 2416
f 2413 2409 2414
f 2416 2418 2414
f 2096 2095 2114
f 2109 2108 2420
f 2109 2420 2094
f 2420 2419 2094
f 2110 2112 2365
f 2365 2421 2110
f 2112 2111 2361
f 2421 2108 2110
f 2361 2365 2112
f 2423 2113 2419
f 2419 2420 2422
f 2420 2108 2422
f 2113 2094 2419
f 2114 2113 2425
f 2419 2422 2423
f 2425 2113 2423
f 2426 2422 2108
f 2422 2426 2423
f 2427 2426 2108
f 2423 2428 2425
f 2428 2423 2429
f 2430 2114 2425
f 2424 2114 2430
f 2114 2424 2096
f 2431 2096 2424
f 2431 2116 2096
f 2116 2432 2263
f 2432 2116 2431
f 2432 2431 2433
f 2435 2431 2424
f 2433 2431 2435
f 2428 2430 2425
f 2424 2430 2435
f 2436 2435 2430
f 2438 2435 2436
f 2437 2435 2438
f 2433 2437 2438
f 2438 2439 2433
f 2432 2433 2434
f 2435 2437 2433
f 2433 2439 2442
f 2433 2441 2434
f 2442 2441 2433
f 2443 2442 2439
f 2365 2370 2421
f 2427 2108 2421
f 2370 2427 2421
f 2426 2427 2429
f 2429 2427 2397
f 2427 2370 2389
f 2423 2426 2429
f 2397 2427 2389
f 2429 2397 2444
f 2445 2428 2429
f 2428 2445 2446
f 2428 2436 2430
f 2444 2445 2429
f 2447 2445 2444
f 2436 2428 2446
f 2444 2397 2400
f 2444 2400 2447
f 2449 2445 2447
f 2438 2436 2448
f 2400 2398 2450
f 2452 2399 2412
f 2452 2451 2399
f 2453 2412 2410
f 2410 2411 2453
f 2453 2411 2413
f 2413 2454 2453
f 2454 2412 2453
f 2451 2398 2399
f 2454 2455 2412
f 2412 2456 2452
f 2456 2451 2452
f 2455 2456 2412
f 2455 2457 2456
f 2398 2451 2458
f 2458 2450 2398
f 2460 2458 2451
f 2414 2461 2462
f 2462 2413 2414
f 2463 2454 2413
f 2462 2463 2413
f 2418 2461 2414
f 2464 2418 2416
f 2461 2418 2465
f 2463 2462 2466
f 2467 2455 2454
f 2454 2463 2467
f 2466 2467 2463
f 2466 2462 2468
f 2461 2468 2462
f 2451 2456 2460
f 2457 2460 2456
f 2458 2459 2450
f 2460 2470 2458
f 2467 2471 2455
f 2457 2455 2471
f 2466 2468 2472
f 2473 2467 2466
f 2470 2460 2474
f 2460 2457 2474
f 2471 2475 2457
f 2457 2475 2474
f 2471 2467 2476
f 2476 2475 2471
f 2473 2476 2467
f 2470 2459 2458
f 2469 2459 2478
f 2474 2475 2479
f 2480 2475 2476
f 2476 2473 2480
f 2481 2480 2477
f 2477 2480 2473
f 2482 2479 2475
f 2482 2475 2480
f 2480 2481 2483
f 2482 2484 2479
f 2484 2485 2479
f 2486 2485 2484
f 2484 2482 2480
f 2483 2484 2480
f 2470 2474 2478
f 2474 2479 2478
f 2470 2478 2459
f 2485 2478 2479
f 2484 2487 2486
f 2478 2485 2489
f 2489 2485 2490
f 2490 2491 2489
f 2485 2486 2490
f 2493 2490 2486
f 2490 2493 2491
f 2493 2486 2492
f 2498 2442 2443
f 2501 2499 2500
f 2500 2499 2443
f 2498 2443 2499
f 2496 2500 2443
f 2496 2443 2439
f 2496 2502 2503
f 2446 2445 2505
f 2447 2400 2449
f 2400 2450 2449
f 2469 2505 2445
f 2436 2446 2505
f 2505 2448 2436
f 2449 2469 2445
f 2506 2505 2469
f 2505 2506 2448
f 2495 2438 2448
f 2448 2507 2495
f 2507 2506 2508
f 2448 2506 2507
f 2495 2507 2509
f 2509 2510 2495
f 2450 2459 2449
f 2449 2459 2469
f 2508 2506 2469
f 2438 2495 2439
f 2496 2439 2495
f 2496 2495 2510
f 2510 2502 2496
f 2504 2502 2510
f 2507 2508 2511
f 2509 2507 2511
f 2512 2513 2511
f 2511 2513 2509
f 2469 2488 2508
f 2516 2488 2489
f 2517 2516 2489
f 2512 2508 2488
f 2516 2512 2488
f 2516 2517 2518
f 2478 2488 2469
f 2489 2488 2478
f 2489 2491 2517
f 2508 2512 2511
f 2512 2516 2513
f 2520 2491 2493
f 2521 2493 2492
f 2492 2494 2521
f 2518 2517 2491
f 2491 2520 2518
f 2521 2520 2493
f 2518 2520 2519
f 2523 2520 2521
f 2521 2494 2523
f 2524 2523 2494
f 2494 2522 2524
f 2525 2524 2522
f 2518 2519 2526
f 2516 2518 2526
f 2519 2527 2528
f 2516 2514 2513
f 2529 2526 2519
f 2515 2514 2516
f 2515 2516 2526
f 2529 2515 2526
f 2528 2529 2519
f 2528 2530 2529
f 2531 2530 2528
f 2527 2531 2528
f 2527 2519 2520
f 2523 2527 2520
f 2524 2533 2523
f 2533 2527 2523
f 2534 2535 2525
f 2535 2524 2525
f 2536 2535 2534
f 2535 2533 2524
f 2533 2532 2527
f 2537 2533 2535
f 2536 2537 2535
f 2536 2538 2537
f 2541 2509 2513
f 2540 2509 2541
f 2540 2504 2510
f 2510 2509 2540
f 2543 2540 2542
f 2540 2543 2504
f 2540 2541 2542
f 2541 2513 2544
f 2513 2514 2544
f 2545 2514 2515
f 2545 2515 2529
f 2547 2545 2529
f 2546 2544 2514
f 2546 2514 2545
f 2549 2545 2547
f 2550 2549 2547
f 2548 2550 2547
f 2551 2552 2542
f 2541 2544 2542
f 2546 2545 2553
f 2546 2542 2544
f 2546 2551 2542
f 2549 2553 2545
f 2553 2549 2555
f 2556 2555 2549
f 2557 2550 2548
f 2550 2557 2558
f 2546 2553 2551
f 2558 2556 2549
f 2553 2555 2554
f 2550 2558 2549
f 2530 2547 2529
f 2527 2559 2531
f 2532 2559 2527
f 2548 2547 2530
f 2531 2548 2530
f 2531 2559 2557
f 2548 2531 2557
f 2533 2560 2532
f 2537 2560 2533
f 2561 2538 2539
f 2537 2538 2560
f 2264 2261 2262
f 2264 2262 2564
f 2262 2563 2564
f 2564 2563 2565
f 2270 2269 2567
f 2568 2264 2564
f 2264 2568 2269
f 2269 2568 2567
f 2568 2564 2565
f 2569 2568 2565
f 2570 2565 2566
f 2570 2569 2565
f 2568 2569 2567
f 2571 2567 2569
f 2572 2571 2569
f 2572 2570 2574
f 2571 2572 2576
f 2569 2570 2572
f 2574 2577 2572
f 2575 2577 2574
f 2578 2577 2575
f 2323 2325 2324
f 2325 2579 2324
f 2324 2579 2327
f 2330 2581 2580
f 2327 2579 2581
f 2581 2330 2327
f 2583 2580 2581
f 2342 2332 2582
f 2581 2586 2583
f 2581 2587 2586
f 2584 2342 2582
f 2325 2571 2588
f 2588 2579 2325
f 2579 2589 2581
f 2589 2587 2581
f 2592 2593 2585
f 2593 2582 2585
f 2584 2582 2593
f 2594 2584 2593
f 2584 2594 2595
f 2592 2590 2596
f 2593 2592 2596
f 2591 2589 2579
f 2270 2571 2325
f 2571 2270 2567
f 2579 2588 2591
f 2593 2598 2594
f 2595 2594 2599
f 2596 2600 2593
f 2600 2598 2593
f 2598 2599 2594
f 2595 2341 2343
f 2595 2343 2342
f 2344 2336 2341
f 2595 2342 2584
f 2344 2341 2602
f 2602 2341 2595
f 2347 2340 2344
f 2346 2340 2347
f 2603 2347 2604
f 2602 2595 2599
f 2602 2347 2344
f 2601 2602 2599
f 2347 2602 2605
f 2604 2347 2605
f 2602 2601 2605
f 2588 2571 2576
f 2588 2576 2606
f 2576 2572 2577
f 2591 2588 2608
f 2597 2591 2608
f 2608 2609 2597
f 2606 2608 2588
f 2597 2596 2590
f 2609 2596 2597
f 2610 2596 2609
f 2600 2596 2610
f 2599 2598 2611
f 2601 2599 2611
f 2598 2600 2612
f 2611 2598 2613
f 2614 2609 2608
f 2610 2609 2615
f 2608 2606 2607
f 2607 2614 2608
f 2613 2598 2612
f 2601 2611 2613
f 2618 2607 2606
f 2619 2576 2577
f 2576 2619 2606
f 2619 2577 2578
f 2620 2618 2606
f 2606 2619 2620
f 2610 2615 2616
f 2621 2622 2610
f 2624 2610 2616
f 2616 2623 2624
f 2624 2621 2610
f 2600 2610 2622
f 2612 2600 2622
f 2626 2621 2624
f 2622 2621 2626
f 2624 2623 2620
f 2627 2624 2620
f 2624 2627 2626
f 2626 2628 2622
f 2628 2629 2622
f 2629 2625 2622
f 2625 2612 2622
f 2613 2612 2625
f 2601 2613 2625
f 2605 2601 2617
f 2631 2620 2619
f 2632 2627 2620
f 2619 2630 2631
f 2634 2631 2630
f 2627 2632 2633
f 2626 2627 2635
f 2635 2627 2633
f 2635 2636 2626
f 2626 2636 2628
f 2262 2263 2563
f 2263 2432 2563
f 2563 2637 2565
f 2434 2563 2432
f 2563 2434 2637
f 2565 2637 2566
f 2440 2637 2434
f 2440 2434 2441
f 2638 2566 2637
f 2570 2566 2573
f 2573 2566 2638
f 2440 2441 2637
f 2639 2441 2497
f 2640 2573 2638
f 2641 2640 2638
f 2441 2638 2637
f 2441 2641 2638
f 2641 2441 2639
f 2642 2641 2639
f 2441 2442 2497
f 2573 2574 2570
f 2574 2573 2575
f 2640 2575 2573
f 2640 2643 2575
f 2643 2640 2641
f 2642 2643 2641
f 2643 2644 2575
f 2346 2347 2645
f 2645 2347 2603
f 2604 2645 2603
f 2355 2346 2645
f 2355 2645 2646
f 2645 2604 2646
f 2647 2604 2605
f 2647 2605 2648
f 2647 2646 2604
f 2646 2647 2649
f 2651 2647 2648
f 2649 2647 2651
f 2651 2648 2650
f 2354 2355 2646
f 2358 2354 2646
f 2652 2649 2651
f 2652 2646 2649
f 2652 2358 2646
f 2625 2617 2601
f 2653 2605 2617
f 2617 2625 2654
f 2653 2617 2654
f 2653 2654 2655
f 2656 2648 2605
f 2650 2648 2656
f 2656 2605 2653
f 2658 2656 2659
f 2659 2656 2653
f 2651 2650 2657
f 2657 2650 2658
f 2660 2651 2657
f 2660 2657 2658
f 2650 2656 2658
f 2652 2651 2660
f 2662 2652 2660
f 2662 2658 2661
f 2660 2658 2662
f 2661 2659 2663
f 2659 2661 2658
f 2663 2659 2653
f 2663 2653 2655
f 2664 2663 2655
f 2661 2663 2665
f 2665 2663 2664
f 2359 2358 2666
f 2666 2358 2652
f 2666 2652 2667
f 2666 2667 2668
f 2360 2669 2670
f 2360 2359 2666
f 2669 2360 2666
f 2669 2671 2670
f 2669 2666 2668
f 2672 2669 2668
f 2671 2669 2672
f 2667 2652 2662
f 2662 2661 2673
f 2667 2662 2673
f 2675 2665 2664
f 2676 2665 2675
f 2673 2661 2665
f 2673 2665 2676
f 2667 2673 2674
f 2674 2673 2676
f 2672 2668 2667
f 2674 2672 2667
f 2674 2677 2672
f 2677 2671 2672
f 2677 2674 2678
f 2679 2678 2674
f 2680 2678 2679
f 2642 2639 2681
f 2681 2682 2642
f 2683 2682 2681
f 2685 2683 2684
f 2498 2497 2442
f 2497 2681 2639
f 2499 2501 2498
f 2498 2681 2497
f 2498 2501 2686
f 2683 2681 2498
f 2498 2686 2683
f 2683 2686 2684
f 2686 2501 2687
f 2687 2501 2500
f 2687 2500 2496
f 2503 2687 2496
f 2687 2503 2689
f 2503 2502 2504
f 2688 2686 2687
f 2684 2686 2688
f 2688 2687 2689
f 2692 2691 2689
f 2684 2688 2691
f 2688 2689 2691
f 2693 2643 2642
f 2643 2693 2644
f 2685 2682 2683
f 2693 2642 2682
f 2693 2682 2694
f 2578 2575 2644
f 2644 2693 2695
f 2644 2695 2578
f 2578 2695 2696
f 2682 2685 2694
f 2697 2694 2685
f 2698 2697 2685
f 2691 2699 2684
f 2684 2699 2685
f 2699 2698 2685
f 2691 2701 2699
f 2698 2699 2701
f 2697 2696 2695
f 2693 2694 2695
f 2697 2695 2694
f 2697 2698 2696
f 2701 2696 2698
f 2503 2504 2690
f 2690 2504 2543
f 2503 2690 2689
f 2692 2689 2690
f 2690 2704 2692
f 2690 2703 2704
f 2543 2703 2690
f 2703 2543 2705
f 2707 2703 2705
f 2700 2701 2691
f 2700 2704 2708
f 2702 2696 2701
f 2702 2701 2700
f 2708 2702 2700
f 2710 2709 2702
f 2710 2702 2711
f 2708 2711 2702
f 2704 2700 2691
f 2691 2692 2704
f 2704 2703 2714
f 2714 2708 2704
f 2703 2707 2714
f 2714 2711 2708
f 2543 2542 2705
f 2552 2705 2542
f 2551 2553 2552
f 2552 2706 2705
f 2578 2630 2619
f 2696 2630 2578
f 2715 2625 2629
f 2715 2654 2625
f 2629 2628 2716
f 2716 2717 2629
f 2715 2629 2717
f 2715 2718 2654
f 2654 2718 2655
f 2655 2718 2719
f 2720 2635 2633
f 2634 2630 2721
f 2723 2635 2720
f 2722 2635 2723
f 2709 2630 2696
f 2724 2630 2709
f 2724 2721 2630
f 2724 2725 2721
f 2722 2723 2726
f 2729 2725 2724
f 2723 2720 2728
f 2726 2727 2722
f 2636 2716 2628
f 2722 2636 2635
f 2636 2722 2716
f 2717 2718 2715
f 2722 2727 2716
f 2719 2718 2731
f 2718 2717 2731
f 2732 2719 2731
f 2733 2655 2719
f 2733 2719 2734
f 2734 2719 2735
f 2736 2734 2735
f 2737 2719 2732
f 2737 2735 2719
f 2735 2737 2736
f 2737 2732 2738
f 2664 2655 2733
f 2675 2664 2733
f 2733 2734 2736
f 2709 2696 2702
f 2739 2724 2740
f 2741 2740 2724
f 2728 2730 2723
f 2742 2723 2730
f 2739 2729 2724
f 2742 2726 2723
f 2730 2740 2742
f 2716 2727 2743
f 2710 2724 2709
f 2741 2724 2746
f 2740 2744 2742
f 2742 2747 2726
f 2747 2742 2744
f 2747 2748 2726
f 2748 2727 2726
f 2743 2727 2748
f 2717 2716 2749
f 2749 2716 2743
f 2749 2731 2717
f 2750 2731 2749
f 2746 2724 2710
f 2744 2745 2747
f 2712 2746 2710
f 2746 2712 2751
f 2751 2747 2745
f 2748 2752 2743
f 2749 2743 2752
f 2747 2753 2748
f 2713 2712 2710
f 2710 2711 2713
f 2754 2747 2751
f 2755 2712 2713
f 2753 2747 2754
f 2751 2755 2754
f 2753 2752 2748
f 2756 2732 2731
f 2756 2731 2750
f 2750 2749 2757
f 2738 2732 2756
f 2759 2756 2758
f 2756 2759 2738
f 2749 2752 2761
f 2761 2757 2749
f 2753 2761 2752
f 2757 2761 2762
f 2762 2760 2757
f 2760 2762 2763
f 2764 2760 2765
f 2756 2750 2757
f 2756 2757 2758
f 2758 2757 2760
f 2760 2764 2758
f 2758 2764 2766
f 2767 2736 2737
f 2738 2767 2737
f 2768 2767 2738
f 2768 2738 2769
f 2733 2736 2767
f 2675 2733 2767
f 2676 2675 2771
f 2771 2675 2767
f 2767 2768 2771
f 2679 2676 2771
f 2674 2676 2679
f 2772 2679 2768
f 2773 2679 2772
f 2680 2679 2773
f 2679 2771 2768
f 2768 2769 2770
f 2770 2772 2768
f 2769 2738 2759
f 2769 2759 2770
f 2775 2774 2770
f 2759 2758 2770
f 2758 2775 2770
f 2775 2758 2766
f 2775 2766 2776
f 2777 2774 2775
f 2775 2776 2777
f 2777 2776 2779
f 2776 2778 2780
f 2772 2770 2774
f 2781 2558 2557
f 2556 2554 2555
f 2782 2556 2558
f 2781 2782 2558
f 2560 2783 2559
f 2560 2559 2532
f 2538 2785 2560
f 2786 2785 2538
f 2785 2786 2788
f 2789 2538 2562
f 2783 2557 2559
f 2557 2783 2781
f 2560 2785 2783
f 2785 2784 2783
f 2790 2784 2785
f 2791 2790 2785
f 2789 2794 2787
f 2787 2538 2789
f 2785 2788 2791
f 2794 2789 2793
f 2794 2793 2792
f 2706 2797 2705
f 2797 2707 2705
f 2799 2797 2798
f 2800 2801 2799
f 2802 2801 2800
f 2803 2707 2797
f 2803 2714 2707
f 2799 2804 2797
f 2801 2804 2799
f 2797 2804 2803
f 2805 2804 2801
f 2802 2805 2801
f 2807 2802 2806
f 2804 2808 2803
f 2809 2808 2804
f 2805 2809 2804
f 2807 2805 2802
f 2810 2809 2805
f 2807 2810 2805
f 2803 2711 2714
f 2711 2803 2811
f 2811 2713 2711
f 2813 2713 2811
f 2803 2808 2811
f 2814 2811 2808
f 2814 2808 2809
f 2814 2813 2811
f 2813 2814 2815
f 2816 2815 2814
f 2810 2817 2809
f 2817 2814 2809
f 2817 2816 2814
f 2810 2818 2817
f 2819 2818 2810
f 2818 2816 2817
f 2821 2816 2818
f 2820 2821 2818
f 2823 2818 2819
f 2823 2820 2818
f 2554 2552 2553
f 2828 2706 2552
f 2552 2554 2828
f 2827 2828 2554
f 2829 2828 2827
f 2830 2829 2827
f 2831 2829 2830
f 2832 2831 2830
f 2556 2827 2554
f 2782 2827 2556
f 2781 2830 2782
f 2830 2827 2782
f 2784 2781 2783
f 2834 2833 2784
f 2832 2781 2784
f 2781 2832 2830
f 2833 2832 2784
f 2835 2833 2834
f 2835 2837 2833
f 2706 2828 2798
f 2829 2798 2828
f 2798 2797 2706
f 2838 2800 2829
f 2829 2831 2838
f 2831 2832 2838
f 2832 2839 2838
f 2800 2799 2798
f 2800 2798 2829
f 2838 2806 2800
f 2806 2802 2800
f 2838 2839 2806
f 2841 2839 2840
f 2833 2839 2832
f 2840 2839 2833
f 2837 2840 2833
f 2844 2842 2836
f 2844 2843 2842
f 2844 2845 2843
f 2846 2841 2840
f 2847 2845 2844
f 2834 2784 2790
f 2792 2850 2790
f 2850 2792 2851
f 2792 2793 2851
f 2851 2836 2850
f 2848 2851 2793
f 2852 2848 2793
f 2796 2793 2789
f 2789 2795 2853
f 2853 2796 2789
f 2854 2796 2853
f 2796 2852 2793
f 2836 2851 2844
f 2848 2844 2851
f 2848 2852 2849
f 2852 2854 2855
f 2796 2854 2852
f 2849 2852 2855
f 2841 2806 2839
f 2857 2856 2841
f 2859 2807 2841
f 2841 2807 2806
f 2857 2841 2846
f 2844 2858 2847
f 2858 2844 2860
f 2848 2860 2844
f 2860 2848 2849
f 2849 2861 2860
f 2861 2849 2862
f 2810 2807 2859
f 2856 2859 2841
f 2856 2819 2859
f 2819 2810 2859
f 2856 2865 2819
f 2865 2860 2866
f 2861 2866 2860
f 2866 2863 2865
f 2863 2825 2824
f 2824 2865 2863
f 2863 2826 2825
f 2822 2825 2826
f 2863 2867 2826
f 2866 2861 2862
f 2866 2862 2863
f 2862 2867 2863
f 2867 2862 2864
f 2869 2870 2849
f 2870 2862 2849
f 2849 2855 2869
f 2862 2870 2872
f 2862 2872 2873
f 2870 2869 2871
f 2870 2871 2872
f 2874 2872 2871
f 2875 2754 2755
f 2812 2755 2713
f 2755 2812 2876
f 2754 2877 2753
f 2877 2762 2761
f 2753 2877 2761
f 2765 2760 2763
f 2877 2763 2762
f 2879 2754 2875
f 2877 2754 2879
f 2879 2880 2877
f 2713 2813 2812
f 2876 2812 2881
f 2882 2879 2875
f 2880 2879 2883
f 2878 2763 2880
f 2880 2884 2878
f 2763 2877 2880
f 2765 2763 2878
f 2885 2765 2878
f 2764 2765 2885
f 2886 2878 2884
f 2886 2884 2887
f 2888 2886 2887
f 2888 2889 2886
f 2885 2878 2886
f 2815 2812 2813
f 2812 2815 2881
f 2881 2815 2890
f 2890 2815 2816
f 2891 2883 2882
f 2883 2879 2882
f 2880 2883 2884
f 2816 2821 2890
f 2892 2883 2891
f 2887 2884 2893
f 2893 2884 2883
f 2893 2883 2892
f 2888 2887 2893
f 2826 2892 2822
f 2894 2892 2826
f 2888 2893 2892
f 2892 2894 2888
f 2895 2888 2894
f 2896 2764 2885
f 2766 2764 2896
f 2776 2766 2896
f 2885 2897 2896
f 2885 2886 2889
f 2888 2898 2889
f 2897 2885 2889
f 2898 2900 2889
f 2776 2896 2897
f 2901 2902 2899
f 2889 2900 2897
f 2899 2900 2898
f 2868 2826 2867
f 2826 2868 2894
f 2898 2888 2895
f 2895 2901 2899
f 2901 2895 2894
f 2899 2898 2895
f 2868 2901 2894
f 2903 2868 2867
f 2903 2902 2868
f 2902 2901 2868
f 2864 2903 2867
f 2897 2904 2778
f 2873 2864 2862
f 2864 2873 2905
f 2905 2903 2864
f 2904 2897 2900
f 2900 2906 2904
f 2906 2900 2899
f 2906 2899 2902
f 2902 2903 2907
f 2902 2907 2906
f 2874 2873 2872
f 2908 2904 2906
f 2906 2907 2908
f 2905 2907 2903
f 2909 2907 2905
f 2910 2908 2907
f 2778 2776 2897
f 2778 2904 2911
f 2780 2778 2911
f 2912 2040 398
f 2040 2042 2039
f 2913 2912 398
f 397 810 396
f 2915 810 809
f 2915 2913 810
f 2913 398 810
f 809 811 2915
f 2915 2914 2913
f 815 2915 811
f 2916 815 812
f 2917 2915 815
f 2040 2047 2042
f 2912 2913 2919
f 2918 2040 2912
f 2920 2047 2040
f 2920 2040 2918
f 2912 2919 2918
f 2047 2049 2046
f 2921 2049 2047
f 2920 2921 2047
f 2922 2920 2918
f 2919 2913 2914
f 2919 2914 2923
f 2924 2919 2923
f 2925 2914 2915
f 2925 2923 2914
f 2925 2924 2923
f 2924 2918 2919
f 2926 2922 2918
f 2918 2924 2926
f 2924 2925 2927
f 824 2916 812
f 2929 2916 824
f 824 825 2929
f 815 2916 2917
f 2932 2931 2929
f 2929 2917 2916
f 2929 2933 2917
f 827 825 822
f 827 2932 825
f 2932 2929 825
f 2934 2932 827
f 2931 2932 2935
f 2928 2924 2927
f 2937 2924 2928
f 2925 2930 2927
f 2939 2927 2930
f 2939 2928 2927
f 2938 2939 2930
f 2938 2940 2939
f 2938 2941 2940
f 2941 2942 2940
f 2915 2917 2925
f 2930 2925 2917
f 2933 2930 2917
f 2930 2933 2938
f 2931 2933 2929
f 2936 2931 2935
f 2936 2933 2931
f 2941 2938 2933
f 2941 2933 2936
f 2049 2126 2046
f 2126 2049 2921
f 2943 2921 2920
f 2921 2943 2126
f 2125 2127 2129
f 2945 2129 2127
f 2127 2126 2945
f 2946 2945 2126
f 2946 2126 2943
f 2922 2943 2920
f 2922 2944 2943
f 2937 2926 2924
f 2922 2926 2944
f 2947 2944 2926
f 2946 2943 2944
f 2944 2947 2946
f 2129 2948 2128
f 2948 2134 2128
f 2945 2948 2129
f 2948 2945 2949
f 2950 2134 2948
f 2951 2062 2134
f 2950 2951 2134
f 2952 2950 2948
f 2948 2949 2952
f 2953 2951 2950
f 2953 2950 2952
f 2946 2954 2945
f 2949 2945 2954
f 2946 2947 2954
f 2955 2954 2947
f 2955 2957 2954
f 2949 2954 2956
f 2949 2958 2952
f 2956 2954 2957
f 2956 2958 2949
f 2959 2956 2957
f 2937 2928 2960
f 2960 2926 2937
f 2961 2960 2928
f 2961 2928 2939
f 2961 2962 2960
f 2960 2947 2926
f 2962 2963 2960
f 2963 2947 2960
f 2964 2939 2940
f 2964 2962 2961
f 2961 2939 2964
f 2940 2942 2964
f 2965 2963 2962
f 2942 2966 2964
f 2967 2962 2964
f 2967 2964 2966
f 2955 2947 2968
f 2965 2968 2947
f 2965 2947 2963
f 2965 2969 2968
f 2957 2955 2969
f 2970 2959 2957
f 2970 2957 2969
f 2968 2969 2955
f 2969 2971 2970
f 2965 2962 2972
f 2969 2965 2973
f 2965 2972 2973
f 2962 2967 2972
f 2972 2967 2974
f 2974 2973 2972
f 2969 2973 2971
f 2975 2973 2974
f 833 828 829
f 833 827 828
f 827 833 2934
f 833 829 834
f 2934 833 834
f 2977 2932 2934
f 2935 2932 2977
f 2978 2977 2934
f 832 2979 834
f 834 2980 2934
f 2980 834 2979
f 2979 832 837
f 2978 2980 2982
f 2980 2978 2934
f 2981 2980 2979
f 2983 2936 2935
f 2936 2983 2984
f 2977 2983 2935
f 2985 2977 2978
f 2985 2983 2977
f 2984 2941 2936
f 2941 2984 2942
f 2986 2984 2983
f 2983 2987 2986
f 2988 2984 2986
f 2982 2985 2978
f 2985 2982 2989
f 2983 2985 2987
f 2991 2987 2985
f 2985 2989 2991
f 2992 2991 2993
f 2989 2993 2991
f 2981 2979 837
f 2981 837 839
f 838 2994 839
f 839 2994 2981
f 841 2994 838
f 2981 2995 2980
f 2994 2996 2981
f 2996 2995 2981
f 841 842 2997
f 2998 2994 841
f 2997 2998 841
f 919 2997 842
f 2999 2998 2997
f 3000 2994 2998
f 2999 3000 2998
f 3001 3000 2999
f 2995 2990 2982
f 2980 2995 2982
f 3002 2990 2995
f 3003 3002 2995
f 2990 2989 2982
f 3002 2993 2989
f 2990 3002 2989
f 3000 2996 2994
f 2996 3003 2995
f 3004 3003 2996
f 2996 3000 3005
f 2996 3005 3004
f 3004 3002 3003
f 3002 3004 3006
f 3004 3007 3008
f 3009 3004 3005
f 3010 2966 2942
f 2988 3011 2942
f 3012 3010 2942
f 3011 3012 2942
f 3011 3013 3014
f 2988 2942 2984
f 3013 2988 2986
f 2986 2992 3013
f 2987 2992 2986
f 2988 3013 3011
f 2992 2987 2991
f 2992 3015 3013
f 2992 3016 3015
f 3015 3014 3013
f 2966 3017 2967
f 3017 2966 3010
f 2967 3017 2974
f 3018 3017 3012
f 3012 3017 3010
f 3017 2975 2974
f 2975 2976 2973
f 2975 3017 3018
f 3018 3020 2975
f 3020 3019 2975
f 3021 3012 3011
f 3014 3021 3011
f 3022 3021 3014
f 3021 3018 3012
f 3020 3018 3023
f 3018 3021 3023
f 3023 3021 3022
f 2992 2993 3024
f 3024 3016 2992
f 3006 2993 3002
f 3016 3024 3015
f 3025 3015 3024
f 3026 3024 2993
f 3025 3024 3026
f 3025 3026 3027
f 3008 3006 3004
f 3006 3008 3028
f 2993 3006 3026
f 3028 3026 3006
f 3028 3027 3026
f 3029 3027 3028
f 3014 3015 3031
f 3032 3022 3014
f 3032 3014 3031
f 3033 3022 3032
f 3033 3032 3034
f 3035 3034 3032
f 3025 3031 3015
f 3036 3031 3025
f 3025 3027 3036
f 3031 3036 3032
f 3036 3027 3037
f 3036 3037 3035
f 3036 3035 3032
f 2383 2953 2387
f 2387 2384 2383
f 2386 2384 3041
f 3041 2384 2387
f 3041 2387 2953
f 3042 3041 2953
f 2953 3040 3042
f 3041 3042 3043
f 3042 3044 3045
f 2388 2386 3046
f 3041 3046 2386
f 2388 3046 2407
f 3043 3046 3041
f 3046 3047 2407
f 2405 2407 3048
f 3048 2408 2405
f 3047 3048 2407
f 3043 3047 3046
f 3050 3047 3043
f 3049 2408 3048
f 2408 2406 2405
f 2408 2417 2406
f 3052 3048 3047
f 3050 3052 3047
f 3048 3052 3053
f 2415 2417 2416
f 3055 3054 3053
f 2408 3049 3056
f 3056 2417 2408
f 2417 3056 3057
f 3049 3048 3054
f 3054 3056 3049
f 3053 3054 3048
f 3052 3050 3058
f 3051 3058 3050
f 3058 3053 3052
f 3045 3043 3042
f 3051 3050 3043
f 3045 3051 3043
f 3045 3059 3051
f 3060 3058 3051
f 3061 3060 3051
f 3061 3062 3060
f 3059 3061 3051
f 2951 2383 2062
f 2953 2383 2951
f 2952 3040 2953
f 2952 2958 3040
f 2958 2956 2959
f 3044 3040 2958
f 2959 3044 2958
f 3044 3042 3040
f 3044 2959 3063
f 3045 3044 3063
f 2970 3064 2959
f 2959 3064 3063
f 3065 3063 3064
f 3068 2970 2971
f 3068 3066 2970
f 3066 3064 2970
f 3068 3069 3066
f 3070 3068 2976
f 3069 3068 3071
f 3068 3070 3071
f 2976 3068 2971
f 2976 2971 2973
f 3064 3069 3065
f 3064 3066 3069
f 3065 3069 3072
f 3069 3071 3072
f 3059 3045 3063
f 3073 3059 3063
f 3073 3063 3065
f 3073 3065 3067
f 3059 3073 3061
f 3073 3074 3061
f 3061 3074 3062
f 3075 3062 3074
f 3072 3067 3065
f 3067 3072 3074
f 3072 3071 3076
f 3067 3074 3073
f 3077 3074 3072
f 3077 3079 3074
f 3079 3075 3074
f 3079 3078 3075
f 2417 2464 2416
f 2465 2418 2464
f 2464 2417 3057
f 3055 3081 3054
f 3082 2464 3057
f 3081 3057 3056
f 3056 3054 3081
f 3081 3082 3057
f 2465 2468 2461
f 3083 2465 2464
f 3083 2464 3082
f 3084 3083 3082
f 3085 3055 3053
f 3053 3058 3087
f 3087 3085 3053
f 3086 3081 3055
f 3088 3087 3058
f 3085 3086 3055
f 3082 3086 3084
f 3089 3084 3086
f 3086 3082 3081
f 3085 3089 3086
f 2472 2468 2465
f 2472 2473 2466
f 3083 2472 2465
f 3089 2472 3083
f 2472 3089 3091
f 2473 2472 3091
f 3091 2477 2473
f 3084 3089 3083
f 3093 3089 3085
f 3085 3087 3093
f 3094 3092 3091
f 3094 3091 3089
f 3094 3089 3093
f 3088 3058 3060
f 3087 3088 3090
f 3096 3090 3088
f 3060 3062 3088
f 3062 3096 3088
f 3097 3096 3062
f 3090 3093 3087
f 3093 3090 3098
f 3096 3099 3090
f 3090 3099 3098
f 3098 3094 3093
f 3098 3100 3094
f 3094 3101 3095
f 3100 3098 3099
f 3101 3094 3100
f 3099 3096 3102
f 3103 3102 3096
f 3102 3100 3099
f 3104 3101 3100
f 3104 3100 3102
f 3108 3106 3105
f 3108 3105 3107
f 3091 2481 2477
f 2481 3111 2483
f 3110 3111 2481
f 3112 2481 3091
f 3092 3112 3091
f 2481 3112 3110
f 3113 3111 3110
f 2483 2487 2484
f 3114 2487 2483
f 2487 3114 3115
f 2483 3111 3114
f 3116 3114 3111
f 3117 3114 3116
f 3117 3118 3114
f 3115 3114 3118
f 3113 3116 3111
f 3116 3113 3121
f 3116 3121 3117
f 2486 2487 3115
f 3115 2492 2486
f 3121 3113 3122
f 3124 3120 3119
f 3095 3112 3092
f 3125 3112 3095
f 3094 3095 3092
f 3110 3112 3113
f 3126 3113 3112
f 3126 3112 3125
f 3127 3126 3125
f 3113 3126 3122
f 3129 3119 3123
f 3124 3119 3129
f 3130 3124 3129
f 3131 3129 3128
f 3133 3129 3132
f 3129 3133 3130
f 3129 3131 3132
f 3135 3118 3117
f 3120 3134 3119
f 3136 2492 3115
f 3137 2492 3136
f 3136 3115 3118
f 3136 3118 3137
f 3137 2494 2492
f 2522 2494 3137
f 3137 3138 2522
f 3135 3137 3118
f 3140 3137 3135
f 3141 3139 3134
f 3124 3134 3120
f 3142 3139 3141
f 3142 3141 3143
f 3140 3138 3137
f 3124 3141 3134
f 3130 3141 3124
f 3130 3143 3141
f 3133 3143 3130
f 3101 3125 3095
f 3144 3125 3101
f 3144 3127 3125
f 3146 3128 3145
f 3106 3146 3145
f 3146 3131 3128
f 3104 3144 3101
f 3105 3106 3145
f 3096 3097 3147
f 3147 3103 3096
f 3148 3102 3103
f 3108 3107 3109
f 3151 3133 3150
f 3138 2525 2522
f 3138 3152 2534
f 3139 3142 3153
f 3139 3153 3154
f 3140 3152 3138
f 2534 2525 3138
f 3153 3155 3154
f 3156 3155 3153
f 3153 3142 3156
f 3133 3142 3143
f 3142 3133 3151
f 3151 3156 3142
f 3151 3157 3156
f 3158 3157 3151
f 3160 2536 2534
f 3160 2534 3152
f 3162 2536 3160
f 3155 2561 3161
f 3155 3156 3163
f 3159 3163 3156
f 3163 2561 3155
f 3163 3164 2561
f 3159 3164 3163
f 3157 3159 3156
f 3166 3157 3165
f 3157 3166 3159
f 3167 3159 3166
f 3168 3131 3146
f 3168 3146 3106
f 3133 3132 3170
f 3170 3150 3133
f 3168 3132 3131
f 3168 3170 3132
f 3170 3168 3169
f 3158 3150 3171
f 3151 3150 3158
f 3165 3157 3158
f 3171 3165 3158
f 3149 3168 3106
f 3149 3173 3168
f 3168 3173 3169
f 3108 3149 3106
f 3169 3174 3171
f 3174 3169 3173
f 3175 3176 3174
f 3169 3150 3170
f 3150 3169 3171
f 3174 3165 3171
f 3172 3165 3174
f 3176 3172 3174
f 3177 3172 3176
f 3178 3177 3176
f 3176 3180 3178
f 3178 3180 3179
f 3172 3166 3165
f 3172 3177 3166
f 3181 3166 3177
f 3177 3178 3181
f 3179 3181 3178
f 2562 2561 3164
f 2538 2561 2562
f 3182 2562 3164
f 3183 2562 3182
f 3181 3167 3166
f 3167 3164 3159
f 3164 3167 3182
f 3167 3183 3182
f 3167 3185 3183
f 3186 2562 3183
f 3185 3186 3183
f 3187 3186 3185
f 3184 3167 3181
f 3189 3181 3190
f 3189 3184 3181
f 3192 3184 3189
f 3167 3184 3185
f 3190 3181 3179
f 3188 3189 3190
f 3188 3190 3179
f 3189 3188 3193
f 3191 3189 3193
f 3192 3189 3191
f 3194 3191 3193
f 3192 3185 3184
f 3195 3185 3192
f 3187 3185 3195
f 3192 3191 3198
f 3197 3195 3192
f 3192 3198 3197
f 3078 3097 3062
f 3062 3075 3078
f 3097 3078 3147
f 3200 3199 3147
f 3201 3202 3102
f 3202 3109 3102
f 3202 3203 3109
f 3203 3108 3109
f 3103 3147 3199
f 3205 3202 3201
f 3205 3201 3199
f 3202 3207 3203
f 3207 3108 3203
f 3209 3208 3204
f 3210 3207 3202
f 3206 3210 3202
f 3209 3207 3210
f 3209 3204 3108
f 3108 3207 3209
f 3211 3208 3209
f 3213 3147 3078
f 3078 3212 3213
f 3147 3213 3200
f 3199 3214 3205
f 3212 3078 3080
f 3212 3215 3213
f 3214 3215 3216
f 3216 3205 3214
f 3206 3202 3205
f 3206 3205 3217
f 3218 3209 3210
f 3218 3210 3206
f 3219 3208 3211
f 3209 3218 3221
f 3221 3211 3209
f 3222 3220 3219
f 3216 3217 3205
f 3217 3223 3206
f 3223 3218 3206
f 3224 3218 3223
f 3225 3217 3216
f 3217 3225 3223
f 3224 3221 3218
f 3221 3227 3211
f 3211 3227 3219
f 3229 3222 3231
f 3222 3229 3228
f 3204 3173 3149
f 3204 3149 3108
f 3204 3208 3173
f 3228 3175 3174
f 3220 3173 3208
f 3174 3173 3220
f 3176 3175 3232
f 3175 3228 3232
f 3220 3228 3174
f 3176 3232 3180
f 3230 3180 3232
f 3230 3234 3233
f 3180 3230 3233
f 3208 3219 3220
f 3228 3230 3232
f 3222 3228 3220
f 3229 3230 3228
f 3229 3235 3230
f 3235 3229 3236
f 3230 3235 3234
f 3233 3179 3180
f 3233 3188 3179
f 3188 3233 3194
f 3233 3237 3194
f 3234 3237 3233
f 3238 3237 3234
f 3188 3194 3193
f 3198 3191 3194
f 3238 3194 3237
f 3194 3239 3198
f 3197 3198 3239
f 3194 3238 3239
f 3240 3234 3235
f 3240 3238 3234
f 3241 3240 3235
f 3238 3240 3242
f 3240 3243 3242
f 3242 3239 3238
f 3242 3243 3244
f 3241 3243 3240
f 3245 3243 3241
f 3243 3245 3244
f 2976 2975 3019
f 3246 3070 2976
f 3247 3246 3019
f 3019 3246 2976
f 3020 3247 3019
f 3248 3071 3070
f 3070 3246 3248
f 3248 3076 3071
f 3248 3246 3249
f 3246 3247 3249
f 3247 3020 3250
f 3020 3023 3250
f 3251 3250 3023
f 3250 3252 3247
f 3250 3253 3252
f 3077 3072 3076
f 3076 3254 3077
f 3252 3248 3249
f 3254 3076 3248
f 3248 3252 3254
f 3079 3077 3254
f 3080 3078 3079
f 3255 3079 3254
f 3079 3255 3080
f 3254 3252 3257
f 3252 3249 3247
f 3253 3257 3252
f 3257 3255 3254
f 3258 3080 3255
f 3258 3256 3080
f 3260 3256 3258
f 3262 3260 3258
f 3255 3257 3264
f 3264 3258 3255
f 3258 3264 3265
f 3262 3258 3265
f 3262 3265 3266
f 3023 3022 3267
f 3033 3267 3022
f 3267 3251 3023
f 3268 3267 3033
f 3269 3268 3033
f 3270 3251 3267
f 3251 3253 3250
f 3271 3253 3251
f 3271 3251 3270
f 3268 3270 3267
f 3268 3272 3270
f 3268 3269 3272
f 3038 3034 3035
f 3034 3269 3033
f 3038 3273 3034
f 3273 3269 3034
f 3035 3039 3038
f 3271 3257 3253
f 3275 3264 3271
f 3270 3272 3271
f 3271 3272 3275
f 3257 3271 3264
f 3276 3264 3275
f 3276 3265 3264
f 3263 3266 3277
f 3279 3276 3275
f 3279 3275 3281
f 3280 3266 3278
f 3280 3282 3283
f 3274 3272 3269
f 3274 3275 3272
f 3273 3274 3269
f 3274 3285 3275
f 3284 3275 3285
f 3284 3281 3275
f 3287 3281 3284
f 3286 3283 3282
f 3284 3288 3287
f 3291 3286 3289
f 3283 3286 3291
f 3293 3215 3212
f 3215 3294 3216
f 3256 3212 3080
f 3212 3256 3293
f 3216 3294 3296
f 3295 3293 3256
f 3296 3294 3295
f 3225 3216 3296
f 3298 3225 3296
f 3299 3225 3298
f 3299 3297 3225
f 3226 3224 3223
f 3226 3221 3224
f 3297 3223 3225
f 3223 3297 3226
f 3226 3300 3221
f 3300 3227 3221
f 3301 3300 3226
f 3231 3222 3227
f 3227 3222 3219
f 3302 3236 3229
f 3302 3229 3231
f 3303 3236 3302
f 3304 3305 3227
f 3300 3304 3227
f 3305 3231 3227
f 3306 3302 3231
f 3231 3305 3306
f 3296 3295 3259
f 3261 3263 3296
f 3296 3259 3261
f 3297 3299 3308
f 3277 3296 3263
f 3296 3277 3298
f 3309 3308 3299
f 3277 3299 3298
f 3310 3308 3309
f 3310 3301 3308
f 3311 3301 3310
f 3308 3226 3297
f 3301 3226 3308
f 3301 3312 3300
f 3312 3304 3300
f 3307 3302 3306
f 3311 3312 3301
f 3313 3305 3304
f 3313 3306 3305
f 3307 3306 3314
f 3306 3313 3314
f 3315 3303 3302
f 3317 3315 3307
f 3307 3315 3302
f 3315 3317 3316
f 3317 3318 3316
f 3303 3235 3236
f 3303 3241 3235
f 3303 3315 3241
f 3241 3315 3321
f 3241 3321 3245
f 3316 3322 3315
f 3322 3321 3315
f 3323 3322 3316
f 3323 3316 3318
f 3320 3318 3319
f 3277 3325 3299
f 3324 3299 3325
f 3311 3310 3309
f 3299 3324 3309
f 3266 3283 3277
f 3277 3283 3325
f 3283 3266 3280
f 3311 3309 3327
f 3328 3327 3309
f 3327 3312 3311
f 3326 3330 3329
f 3304 3329 3313
f 3329 3304 3312
f 3330 3313 3329
f 3330 3314 3313
f 3326 3329 3312
f 3331 3309 3324
f 3328 3309 3331
f 3332 3325 3283
f 3312 3327 3326
f 3333 3327 3328
f 3335 3330 3326
f 3324 3325 3332
f 3292 3332 3283
f 3331 3324 3332
f 3336 3328 3331
f 3328 3336 3333
f 3333 3334 3327
f 3334 3326 3327
f 3334 3335 3326
f 3314 3317 3307
f 3337 3318 3317
f 3330 3338 3314
f 3337 3317 3314
f 3338 3337 3314
f 3319 3318 3337
f 3341 3319 3337
f 3341 3337 3340
f 3339 3330 3335
f 3342 3339 3343
f 3339 3335 3344
f 3345 3343 3339
f 3342 3343 3338
f 3342 3330 3339
f 3342 3338 3330
f 3337 3338 3340
f 3347 3338 3343
f 3340 3338 3346
f 3347 3346 3338
f 3346 3347 3348
f 2677 3349 2671
f 3349 2677 3351
f 3350 3351 2677
f 3352 3351 3350
f 3350 2677 2678
f 3350 2678 3353
f 2678 2680 2773
f 3354 2678 2773
f 3353 2678 3354
f 3355 3353 3354
f 3355 3354 2773
f 3352 3350 3353
f 3356 3352 3353
f 3357 3352 3356
f 3356 3353 3355
f 3356 3355 3358
f 3361 3360 3357
f 3361 3357 3359
f 3356 3359 3357
f 3359 3356 3358
f 3359 3358 3362
f 3359 3362 3361
f 3363 3361 3362
f 3365 3363 3362
f 3364 3366 3362
f 3196 3367 3187
f 3187 3195 3196
f 3369 3367 3196
f 3369 3368 3367
f 3368 3369 3371
f 3196 3195 3369
f 3195 3197 3369
f 3370 3368 3372
f 3372 3373 3370
f 3368 3371 3372
f 3375 3373 3372
f 3372 3374 3375
f 3372 3371 3374
f 3376 3375 3374
f 3378 3371 3369
f 3378 3369 3197
f 3379 3197 3239
f 3378 3197 3379
f 3380 3378 3379
f 3380 3381 3378
f 3371 3378 3381
f 3376 3374 3371
f 3381 3376 3371
f 3380 3376 3381
f 3244 3239 3242
f 3244 3379 3239
f 3379 3244 3382
f 3379 3382 3383
f 3384 3376 3380
f 3379 3383 3380
f 3383 3384 3380
f 3385 3384 3383
f 3375 3376 3377
f 3387 3377 3376
f 3388 3387 3376
f 3377 3389 3386
f 3377 3390 3389
f 3391 3389 3390
f 3377 3387 3390
f 3388 3376 3384
f 3393 3387 3388
f 3385 3388 3384
f 3388 3385 3394
f 3393 3390 3387
f 3393 3392 3390
f 3395 3393 3388
f 2773 2772 3396
f 3397 2772 2774
f 3396 2772 3397
f 3396 3355 2773
f 3396 3358 3355
f 3398 3358 3396
f 3398 3396 3399
f 3397 3399 3396
f 3397 3400 3399
f 3400 3401 3399
f 3400 2777 3402
f 2779 3402 2777
f 2779 2776 2780
f 3402 2779 2780
f 2911 3404 2780
f 3405 3404 2911
f 3406 3402 2780
f 3406 2780 3404
f 3406 3403 3402
f 3397 2774 2777
f 3400 3397 2777
f 3400 3402 3403
f 3398 3362 3358
f 3399 3401 3408
f 3364 3362 3398
f 3364 3398 3408
f 3409 3364 3408
f 3398 3399 3408
f 3409 3408 3411
f 3391 3390 3392
f 3391 3392 3412
f 3413 3403 3406
f 3406 3404 3414
f 3416 3404 3407
f 3416 3407 3415
f 3414 3404 3416
f 3417 3416 3415
f 3414 3413 3406
f 3418 3413 3414
f 3421 3416 3417
f 3420 3421 3417
f 3418 3414 3422
f 3416 3421 3422
f 3422 3414 3416
f 3423 3412 3392
f 3424 3423 3392
f 3424 3392 3393
f 3393 3395 3424
f 3423 3424 3425
f 3426 3420 3419
f 3427 3419 3412
f 3419 3427 3426
f 3412 3423 3427
f 3428 3422 3421
f 3428 3421 3420
f 3428 3420 3429
f 3429 3420 3426
f 3430 3418 3422
f 3423 3425 3427
f 3431 3422 3428
f 3432 3429 3426
f 3426 3427 3432
f 3433 3428 3429
f 3401 3400 3403
f 3401 3413 3410
f 3401 3403 3413
f 3413 3418 3434
f 3410 3408 3401
f 3411 3408 3410
f 3410 3413 3434
f 3434 3418 3430
f 3434 3435 3410
f 3436 3434 3430
f 3437 3430 3422
f 3422 3431 3437
f 3430 3437 3436
f 3366 3365 3362
f 3438 3365 3366
f 3382 3244 3245
f 3321 3382 3245
f 3321 3322 3382
f 3385 3383 3440
f 3439 3383 3382
f 3439 3441 3383
f 3440 3383 3441
f 3442 3323 3320
f 3322 3323 3439
f 3442 3439 3323
f 3318 3320 3323
f 3341 3442 3320
f 3341 3441 3442
f 3443 3441 3341
f 3441 3439 3442
f 3382 3322 3439
f 3440 3444 3385
f 3444 3394 3385
f 3395 3388 3394
f 3445 3395 3444
f 3444 3395 3394
f 3445 3446 3395
f 3440 3445 3444
f 3447 3445 3440
f 3447 3448 3445
f 3341 3320 3319
f 3340 3346 3341
f 3346 3443 3341
f 3452 3451 3450
f 3346 3453 3443
f 3348 3453 3346
f 3443 3453 3450
f 3454 3450 3453
f 3450 3454 3455
f 3455 3452 3450
f 3457 3456 3452
f 3457 3452 3455
f 3458 3459 3457
f 3451 3441 3443
f 3450 3451 3443
f 3447 3440 3441
f 3451 3447 3441
f 3451 3452 3447
f 3456 3447 3452
f 3449 3448 3447
f 3460 3449 3447
f 3460 3447 3456
f 3456 3461 3460
f 3457 3461 3456
f 3459 3461 3457
f 3464 3409 3411
f 3409 3366 3364
f 3463 3366 3409
f 3409 3464 3463
f 3463 3438 3366
f 3411 3465 3464
f 3466 3464 3465
f 3424 3395 3467
f 3446 3467 3395
f 3424 3467 3425
f 3432 3433 3429
f 3433 3431 3428
f 3425 3468 3427
f 3468 3432 3427
f 3469 3433 3432
f 3471 3470 3467
f 3470 3468 3425
f 3425 3467 3470
f 3432 3468 3469
f 3472 3446 3445
f 3448 3472 3445
f 3446 3472 3471
f 3446 3471 3467
f 3470 3471 3472
f 3473 3470 3472
f 3411 3410 3465
f 3465 3410 3435
f 3434 3436 3435
f 3475 3431 3433
f 3475 3437 3431
f 3469 3475 3433
f 3475 3436 3437
f 3476 3436 3475
f 3478 3475 3469
f 3477 3436 3476
f 3478 3476 3475
f 3474 3435 3436
f 3477 3474 3436
f 3479 3465 3435
f 3479 3435 3474
f 3479 3474 3480
f 3482 3474 3481
f 3483 3469 3468
f 3469 3483 3478
f 3485 3478 3483
f 3484 3476 3478
f 3484 3477 3476
f 3481 3474 3477
f 3486 3478 3485
f 3487 3484 3486
f 3486 3484 3478
f 3488 3468 3470
f 3488 3470 3473
f 3483 3468 3488
f 3477 3484 3481
f 3489 3481 3487
f 3487 3481 3484
f 3463 3464 3490
f 3491 3464 3466
f 3491 3490 3464
f 3448 3449 3472
f 3494 3472 3449
f 3449 3460 3494
f 3495 3494 3460
f 3461 3495 3460
f 3494 3473 3472
f 3473 3494 3496
f 3496 3497 3473
f 3462 3461 3459
f 3495 3461 3462
f 3495 3462 3498
f 3499 3498 3462
f 3498 3496 3494
f 3498 3494 3495
f 3498 3497 3496
f 3497 3498 3500
f 3498 3501 3500
f 3474 3482 3480
f 3489 3482 3481
f 3502 3480 3482
f 3503 3482 3489
f 3473 3497 3488
f 3504 3488 3497
f 3506 3505 3486
f 3506 3486 3504
f 3507 3482 3503
f 3482 3507 3502
f 3505 3503 3489
f 3505 3506 3508
f 3503 3505 3509
f 3466 3465 3479
f 3479 3480 3466
f 3493 3466 3480
f 3493 3480 3502
f 3510 3493 3502
f 3483 3488 3485
f 3505 3487 3486
f 3505 3489 3487
f 3504 3485 3488
f 3504 3486 3485
f 3504 3497 3511
f 3511 3497 3500
f 3509 3505 3508
f 3512 3508 3506
f 3512 3506 3504
f 3504 3511 3513
f 3504 3513 3512
f 3500 3513 3511
f 3491 3466 3493
f 3510 3502 3507
f 3503 3509 3507
f 3514 3507 3509
f 3507 3514 3510
f 3516 3493 3510
f 3517 3514 3509
f 3518 3509 3508
f 3518 3508 3512
f 3518 3517 3509
f 3515 3510 3514
f 3514 3517 3515
f 2999 2997 3519
f 3520 2997 1144
f 3519 2997 3520
f 2999 3519 3001
f 3520 3522 3521
f 3519 3520 3521
f 3524 3525 3523
f 3526 3005 3000
f 3001 3526 3000
f 3005 3526 3009
f 3527 3001 3519
f 3521 3527 3519
f 3001 3527 3526
f 3007 3004 3009
f 3528 3009 3526
f 3529 3528 3526
f 3530 3527 3521
f 3521 3522 3530
f 3526 3527 3530
f 3522 3523 3531
f 3531 3523 3525
f 3530 3529 3526
f 3522 3531 3532
f 3532 3530 3522
f 3530 3532 3529
f 3533 3531 3525
f 3535 3532 3531
f 3535 3531 3536
f 3537 3536 3531
f 3533 3537 3531
f 3537 3534 3538
f 3008 3007 3030
f 3030 3007 3540
f 3528 3007 3009
f 3007 3528 3540
f 3030 3028 3008
f 3029 3028 3030
f 3541 3030 3540
f 3542 3030 3541
f 3543 3528 3529
f 3528 3544 3540
f 3544 3528 3543
f 3545 3543 3529
f 3532 3545 3529
f 3545 3532 3546
f 3541 3540 3544
f 3544 3547 3541
f 3547 3542 3541
f 3543 3547 3544
f 3029 3030 3549
f 3027 3029 3037
f 3549 3037 3029
f 3542 3549 3030
f 3035 3037 3039
f 3550 3039 3037
f 3551 3037 3549
f 3550 3037 3551
f 3542 3547 3552
f 3552 3549 3542
f 3553 3552 3547
f 3549 3552 3551
f 3555 3552 3553
f 3554 3551 3552
f 3535 3546 3532
f 3556 3535 3536
f 3545 3547 3543
f 3546 3548 3545
f 3548 3547 3545
f 3546 3535 3557
f 3556 3557 3535
f 3557 3548 3546
f 3558 3536 3537
f 3537 3538 3558
f 3536 3558 3556
f 3559 3557 3556
f 3560 3558 3538
f 3558 3559 3556
f 3555 3553 3547
f 3547 3548 3561
f 3563 3562 3548
f 3548 3557 3563
f 3561 3548 3562
f 3555 3554 3552
f 3555 3547 3561
f 3564 3555 3561
f 3563 3557 3559
f 3563 3559 3565
f 3559 3566 3565
f 3567 3564 3561
f 3567 3562 3565
f 3565 3562 3563
f 3567 3561 3562
f 3566 3568 3565
f 3569 3538 3539
f 3569 3560 3538
f 3560 3559 3558
f 3569 3570 3560
f 3570 3571 3560
f 3560 3566 3559
f 3572 3566 3560
f 3566 3572 3573
f 3568 3566 3573
f 3565 3568 3574
f 3568 3573 3575
f 3571 3572 3560
f 3577 3572 3571
f 3573 3572 3576
f 3579 3572 3577
f 3572 3579 3576
f 3577 3571 3578
f 3578 3580 3577
f 3580 3579 3577
f 3582 3581 3580
f 1144 2997 919
f 3520 1144 1145
f 1148 3520 1145
f 3583 1147 1149
f 1147 3524 1148
f 3583 3524 1147
f 3520 1148 3522
f 3523 3522 1148
f 3523 1148 3524
f 1150 3583 1149
f 3583 1150 1160
f 3584 3583 1160
f 1162 3584 1160
f 3524 3583 3585
f 3585 3525 3524
f 3583 3584 3585
f 3586 3585 3584
f 1162 3586 3584
f 3586 3587 3585
f 3588 3587 3586
f 3586 1162 3589
f 3589 3588 3586
f 3533 3585 3587
f 3533 3525 3585
f 3534 3533 3587
f 3534 3587 3588
f 3534 3588 3539
f 3537 3533 3534
f 3538 3534 3539
f 3589 1162 1164
f 1203 3591 1164
f 3591 3589 1164
f 3591 1205 3592
f 1203 1205 3591
f 3592 3589 3591
f 3589 3593 3588
f 3539 3588 3590
f 3593 3590 3588
f 3569 3539 3590
f 3569 3590 3594
f 3595 3593 3589
f 3592 3595 3589
f 3595 3590 3593
f 3596 3594 3590
f 3596 3590 3595
f 1205 3598 3597
f 1214 3598 1205
f 3597 3592 1205
f 3599 3592 3597
f 3600 3599 3597
f 1214 1215 3598
f 3600 3597 3598
f 3592 3599 3595
f 3601 3595 3599
f 3601 3602 3595
f 3602 3596 3595
f 3599 3600 3603
f 3603 3601 3599
f 3604 3603 3600
f 3605 3569 3594
f 3569 3605 3570
f 3606 3594 3596
f 3571 3570 3578
f 3606 3596 3602
f 3594 3606 3605
f 3605 3578 3570
f 3608 3605 3606
f 3608 3606 3607
f 3609 3606 3602
f 3607 3606 3609
f 3607 3610 3608
f 3605 3608 3578
f 3582 3580 3578
f 3578 3611 3582
f 3611 3608 3610
f 3608 3611 3578
f 3610 3612 3611
f 3612 3582 3611
f 3612 3613 3582
f 3274 3273 3038
f 3614 3274 3038
f 3614 3038 3039
f 3615 3614 3039
f 3554 3550 3551
f 3616 3039 3550
f 3616 3615 3039
f 3617 3616 3550
f 3554 3617 3550
f 3616 3618 3615
f 3619 3616 3617
f 3619 3618 3616
f 3285 3274 3618
f 3285 3620 3284
f 3618 3274 3614
f 3285 3618 3622
f 3285 3622 3620
f 3624 3620 3622
f 3288 3284 3620
f 3289 3290 3621
f 3291 3289 3621
f 3625 3283 3291
f 3283 3625 3292
f 3623 3291 3621
f 3291 3626 3625
f 3627 3332 3292
f 3627 3292 3628
f 3623 3629 3630
f 3630 3291 3623
f 3626 3291 3630
f 3628 3292 3625
f 3631 3628 3625
f 3625 3626 3631
f 3628 3632 3627
f 3633 3632 3628
f 3615 3618 3614
f 3622 3629 3624
f 3635 3622 3618
f 3635 3618 3619
f 3635 3629 3622
f 3629 3634 3630
f 3630 3637 3626
f 3633 3628 3631
f 3639 3633 3631
f 3633 3638 3632
f 3641 3640 3638
f 3617 3554 3642
f 3555 3564 3554
f 3564 3642 3554
f 3642 3619 3617
f 3646 3619 3642
f 3619 3646 3644
f 3645 3642 3564
f 3642 3645 3646
f 3647 3644 3646
f 3567 3643 3564
f 3643 3645 3564
f 3574 3567 3565
f 3648 3645 3643
f 3648 3643 3567
f 3649 3646 3645
f 3645 3648 3649
f 3651 3635 3619
f 3619 3644 3651
f 3634 3636 3651
f 3630 3634 3637
f 3637 3634 3651
f 3647 3637 3651
f 3647 3651 3644
f 3653 3637 3647
f 3637 3652 3626
f 3626 3652 3654
f 3654 3631 3626
f 3654 3639 3631
f 3655 3633 3639
f 3655 3638 3633
f 3655 3641 3638
f 3654 3657 3639
f 3641 3655 3639
f 3658 3639 3657
f 3658 3641 3639
f 3659 3656 3640
f 3660 3656 3659
f 3640 3641 3661
f 3641 3658 3661
f 3662 3660 3659
f 3653 3647 3646
f 3637 3653 3664
f 3666 3664 3653
f 3664 3666 3665
f 3665 3652 3637
f 3637 3664 3665
f 3665 3654 3652
f 3661 3658 3657
f 3667 3662 3659
f 3668 3640 3661
f 3668 3659 3640
f 3669 3654 3665
f 3669 3657 3654
f 3670 3657 3669
f 3670 3661 3657
f 3671 3661 3670
f 3661 3671 3668
f 3663 3662 3672
f 3673 3663 3672
f 3673 3672 3674
f 3674 3672 3675
f 3674 3675 3676
f 3672 3662 3667
f 3677 3659 3668
f 3678 3672 3667
f 3679 3676 3675
f 3331 3332 3627
f 3336 3331 3627
f 3333 3680 3334
f 3336 3627 3632
f 3638 3333 3336
f 3680 3335 3334
f 3344 3345 3339
f 3344 3335 3680
f 3632 3638 3336
f 3638 3680 3333
f 3682 3343 3345
f 3682 3681 3343
f 3683 3681 3682
f 3681 3347 3343
f 3347 3681 3683
f 3347 3683 3684
f 3685 3344 3680
f 3656 3685 3680
f 3656 3660 3685
f 3685 3345 3344
f 3686 3345 3685
f 3682 3673 3684
f 3686 3682 3345
f 3656 3680 3638
f 3638 3640 3656
f 3687 3685 3660
f 3682 3686 3673
f 3687 3686 3685
f 3686 3687 3673
f 3684 3683 3682
f 3689 3688 3684
f 3689 3684 3673
f 3690 3689 3673
f 3687 3660 3663
f 3663 3673 3687
f 3690 3691 3689
f 3674 3690 3673
f 3662 3663 3660
f 3690 3674 3692
f 3674 3676 3692
f 3574 3568 3575
f 3693 3574 3575
f 3573 3693 3575
f 3573 3576 3693
f 3694 3649 3648
f 3695 3646 3650
f 3694 3695 3650
f 3648 3567 3574
f 3574 3693 3648
f 3696 3694 3648
f 3648 3693 3696
f 3695 3694 3697
f 3699 3698 3695
f 3576 3700 3693
f 3579 3700 3576
f 3700 3579 3701
f 3702 3696 3693
f 3697 3703 3695
f 3699 3695 3703
f 3702 3693 3700
f 3705 3702 3700
f 3704 3699 3703
f 3706 3698 3699
f 3653 3646 3695
f 3707 3665 3666
f 3707 3669 3665
f 3695 3698 3653
f 3706 3666 3653
f 3707 3666 3706
f 3708 3669 3707
f 3709 3669 3708
f 3710 3669 3709
f 3653 3698 3706
f 3710 3671 3670
f 3669 3710 3670
f 3671 3677 3668
f 3677 3667 3659
f 3711 3678 3667
f 3711 3667 3677
f 3672 3678 3675
f 3712 3671 3710
f 3712 3677 3671
f 3713 3711 3677
f 3713 3677 3712
f 3714 3678 3711
f 3715 3675 3678
f 3714 3715 3678
f 3675 3715 3679
f 3708 3707 3706
f 3716 3709 3708
f 3717 3708 3706
f 3717 3706 3699
f 3719 3710 3709
f 3712 3710 3719
f 3718 3708 3717
f 3719 3709 3716
f 3714 3711 3721
f 3713 3721 3711
f 3722 3721 3713
f 3723 3714 3721
f 3724 3713 3712
f 3720 3724 3712
f 3722 3713 3724
f 3721 3722 3723
f 3580 3701 3579
f 3701 3705 3700
f 3726 3580 3581
f 3726 3701 3580
f 3705 3701 3725
f 3701 3726 3725
f 3704 3727 3728
f 3729 3699 3704
f 3729 3704 3728
f 3725 3728 3727
f 3726 3731 3725
f 3731 3726 3581
f 3613 3731 3581
f 3725 3731 3732
f 3732 3728 3725
f 3730 3729 3734
f 3735 3729 3728
f 3735 3734 3729
f 3734 3735 3737
f 3734 3737 3736
f 3738 3736 3737
f 3730 3699 3729
f 3699 3730 3717
f 3718 3716 3708
f 3720 3712 3719
f 3739 3719 3716
f 3739 3716 3718
f 3720 3719 3739
f 3740 3739 3718
f 3720 3741 3724
f 3742 3720 3739
f 3742 3741 3720
f 3724 3743 3722
f 3717 3730 3736
f 3717 3736 3740
f 3740 3718 3717
f 3742 3739 3740
f 3730 3734 3736
f 3742 3740 3744
f 3745 3740 3736
f 3745 3736 3738
f 3745 3746 3740
f 3740 3746 3744
f 3676 3679 3747
f 3347 3684 3348
f 3348 3684 3688
f 3348 3454 3453
f 3748 3454 3348
f 3749 3455 3454
f 3750 3454 3748
f 3749 3454 3750
f 3691 3688 3689
f 3691 3748 3688
f 3751 3752 3691
f 3688 3748 3348
f 3691 3750 3748
f 3752 3750 3691
f 3458 3457 3455
f 3455 3749 3458
f 3750 3458 3749
f 3753 3459 3458
f 3459 3753 3499
f 3750 3753 3458
f 3754 3499 3753
f 3754 3753 3750
f 3750 3752 3754
f 3756 3754 3752
f 3756 3752 3755
f 3756 3757 3754
f 3692 3691 3690
f 3692 3758 3691
f 3758 3751 3691
f 3676 3758 3692
f 3759 3751 3758
f 3758 3676 3747
f 3760 3758 3747
f 3759 3758 3760
f 3759 3760 3761
f 3762 3761 3760
f 3760 3747 3762
f 3755 3752 3751
f 3759 3755 3751
f 3759 3763 3755
f 3761 3763 3759
f 3763 3756 3755
f 3763 3764 3756
f 3756 3764 3765
f 3766 3765 3764
f 3767 3763 3761
f 3762 3767 3761
f 3764 3763 3767
f 3767 3766 3764
f 3769 3768 3767
f 3768 3766 3767
f 3754 3771 3499
f 3771 3754 3757
f 3771 3757 3772
f 3773 3757 3756
f 3773 3772 3757
f 3492 3490 3491
f 3775 3491 3493
f 3492 3491 3775
f 3777 3490 3492
f 3492 3775 3776
f 3776 3516 3779
f 3773 3780 3772
f 3774 3780 3773
f 3492 3776 3778
f 3499 3462 3459
f 3499 3771 3501
f 3499 3501 3498
f 3501 3771 3784
f 3772 3784 3771
f 3784 3772 3780
f 3501 3784 3500
f 3500 3784 3780
f 3785 3500 3780
f 3785 3513 3500
f 3786 3512 3513
f 3785 3786 3513
f 3786 3785 3787
f 3787 3785 3780
f 3775 3493 3516
f 3515 3516 3510
f 3790 3516 3515
f 3515 3789 3790
f 3776 3775 3516
f 3517 3518 3789
f 3517 3789 3515
f 3786 3518 3512
f 3791 3789 3518
f 3792 3790 3789
f 3791 3792 3789
f 3788 3786 3787
f 3788 3518 3786
f 3788 3791 3518
f 3787 3780 3781
f 3787 3781 3793
f 3774 3781 3780
f 3794 3792 3791
f 3782 3779 3516
f 3782 3516 3790
f 3795 3782 3790
f 3794 3790 3792
f 3795 3790 3794
f 3788 3794 3791
f 3796 3787 3793
f 3796 3788 3787
f 3795 3794 3783
f 3797 3783 3794
f 3779 3782 3783
f 3783 3782 3795
f 3798 3794 3788
f 3796 3798 3788
f 3798 3797 3794
f 3765 3773 3756
f 3799 3773 3765
f 3799 3765 3766
f 3800 3773 3799
f 3799 3801 3800
f 3801 3799 3766
f 3770 3801 3766
f 3801 3770 3802
f 3800 3774 3773
f 3804 3774 3800
f 3805 3804 3800
f 3774 3804 3781
f 3810 3807 3808
f 3801 3805 3800
f 3802 3805 3801
f 3802 3803 3805
f 3805 3803 3811
f 3812 3804 3805
f 3808 3804 3812
f 3811 3812 3805
f 3808 3806 3804
f 3812 3813 3808
f 3808 3813 3810
f 3793 3781 3796
f 3804 3796 3781
f 3796 3804 3806
f 3808 3798 3796
f 3807 3797 3798
f 3796 3806 3808
f 3807 3798 3808
f 3814 3747 3679
f 3815 3747 3814
f 3715 3814 3679
f 3714 3723 3817
f 3714 3817 3715
f 3817 3814 3715
f 3814 3817 3818
f 3816 3815 3814
f 3814 3818 3820
f 3820 3816 3814
f 3820 3819 3816
f 3819 3820 3821
f 3822 3819 3821
f 3613 3581 3582
f 3823 3731 3613
f 3728 3732 3733
f 3824 3724 3741
f 3743 3723 3722
f 3825 3817 3723
f 3818 3817 3825
f 3824 3743 3724
f 3828 3723 3743
f 3828 3825 3723
f 3828 3827 3825
f 3818 3825 3827
f 3829 3827 3828
f 3827 3826 3818
f 3818 3826 3820
f 3820 3826 3821
f 3831 3821 3826
f 3827 3830 3826
f 3832 3826 3830
f 3831 3826 3833
f 3826 3832 3833
f 3744 3741 3742
f 3834 3743 3824
f 3835 3834 3824
f 3834 3836 3828
f 3834 3828 3743
f 3828 3836 3829
f 3835 3836 3834
f 3838 3829 3836
f 3836 3837 3838
f 3838 3839 3829
f 3829 3830 3827
f 3832 3830 3833
f 3830 3829 3839
f 3839 3833 3830
f 3840 3833 3839
f 3842 3839 3838
f 3841 3840 3839
f 3840 3841 3843
f 3844 3841 3839
f 3844 3843 3841
f 3821 3831 3846
f 3821 3846 3822
f 3847 3822 3846
f 3846 3831 3847
f 3831 3848 3847
f 3847 3850 3822
f 3851 3850 3847
f 3852 3851 3847
f 3849 3852 3847
f 3853 3852 3849
f 3833 3848 3831
f 3854 3833 3840
f 3843 3854 3840
f 3854 3848 3833
f 3847 3848 3849
f 3848 3854 3855
f 3856 3855 3854
f 3843 3857 3854
f 3857 3843 3845
f 3856 3854 3857
f 3858 3856 3857
f 3856 3858 3859
f 3849 3848 3853
f 3855 3853 3848
f 3853 3855 3860
f 3862 3853 3860
f 3862 3861 3853
f 3863 3860 3855
f 3855 3856 3863
f 3856 3859 3863
f 3863 3859 3864
f 3863 3862 3860
f 3866 3862 3863
f 3867 3866 3864
f 3868 3852 3853
f 3861 3868 3853
f 3861 3862 3869
f 3870 3869 3862
f 3866 3867 3862
f 3872 3873 3871
f 3867 3872 3871
f 3873 3872 3875
f 3762 3747 3815
f 3878 3815 3816
f 3762 3815 3769
f 3878 3769 3815
f 3767 3762 3769
f 3769 3878 3768
f 3768 3878 3879
f 3768 3770 3766
f 3880 3770 3768
f 3819 3878 3816
f 3878 3819 3879
f 3880 3768 3879
f 3879 3819 3882
f 3881 3879 3882
f 3822 3882 3819
f 3851 3881 3882
f 3850 3882 3822
f 3882 3850 3851
f 3883 3802 3770
f 3770 3880 3883
f 3884 3883 3880
f 3885 3883 3884
f 3802 3883 3803
f 3879 3884 3880
f 3879 3881 3884
f 3884 3881 3888
f 3887 3884 3888
f 3889 3887 3888
f 3887 3886 3884
f 3884 3886 3885
f 3885 3886 3890
f 3886 3887 3891
f 3890 3886 3891
f 3887 3889 3891
f 3891 3889 3892
f 3892 3889 3893
f 3894 3895 3803
f 3885 3803 3883
f 3885 3894 3803
f 3896 3894 3890
f 3803 3895 3811
f 3812 3811 3895
f 3813 3812 3895
f 3897 3813 3895
f 3895 3894 3896
f 3895 3896 3898
f 3898 3897 3895
f 3892 3899 3891
f 3892 3893 3900
f 3900 3899 3892
f 3885 3890 3894
f 3899 3890 3891
f 3899 3896 3890
f 3903 3896 3899
f 3902 3903 3899
f 3897 3898 3904
f 3898 3896 3904
f 3903 3905 3904
f 3903 3904 3896
f 3905 3897 3904
f 3903 3902 3907
f 3903 3907 3905
f 3851 3888 3881
f 3888 3851 3852
f 3868 3888 3852
f 3908 3888 3868
f 3909 3908 3868
f 3861 3909 3868
f 3888 3908 3893
f 3893 3889 3888
f 3893 3910 3901
f 3910 3893 3908
f 3911 3908 3909
f 3911 3910 3908
f 3911 3913 3910
f 3914 3913 3911
f 3912 3909 3861
f 3869 3912 3861
f 3870 3912 3869
f 3912 3870 3915
f 3909 3912 3911
f 3911 3912 3916
f 3914 3911 3916
f 3914 3918 3917
f 3876 3871 3873
f 3876 3919 3871
f 3876 3920 3919
f 3920 3876 3877
f 3877 3918 3920
f 3877 3921 3918
f 3924 3921 3877
f 3923 3924 3877
f 3901 3900 3893
f 3926 3900 3901
f 3926 3899 3900
f 3901 3925 3926
f 3913 3927 3910
f 3901 3910 3925
f 3925 3910 3927
f 3927 3913 3928
f 3927 3929 3925
f 3928 3929 3927
f 3928 3930 3929
f 3926 3902 3899
f 3926 3925 3929
f 3929 3931 3926
f 3931 3902 3926
f 3902 3931 3907
f 3932 3907 3931
f 3930 3931 3929
f 3932 3931 3930
f 3935 3933 3932
f 3934 3935 3932
f 3907 3906 3905
f 3933 3906 3907
f 3932 3933 3907
f 3917 3913 3914
f 3922 3917 3918
f 3922 3937 3917
f 3937 3938 3913
f 3937 3939 3938
f 3937 3940 3939
f 3939 3940 3941
f 3942 3922 3921
f 3921 3922 3918
f 3924 3942 3921
f 3942 3924 3944
f 3943 3942 3944
f 3940 3937 3922
f 3922 3942 3940
f 3943 3940 3942
f 3940 3943 3945
f 3941 3947 3939
f 3941 3948 3947
f 3948 3950 3947
f 3936 3950 3949
f 3951 3949 3950
f 3952 3941 3940
f 3952 3940 3945
f 3953 3948 3952
f 3954 3952 3945
f 3952 3954 3953
f 3941 3952 3948
f 3950 3948 3951
f 3951 3948 3953
f 2789 2562 2795
f 2795 2562 3186
f 2853 2795 3955
f 3955 2795 3186
f 3186 3187 3955
f 3955 3187 3367
f 3368 3955 3367
f 3368 2853 3955
f 3370 2853 3368
f 2855 2854 3956
f 2853 3370 2854
f 2854 3370 3373
f 3373 3956 2854
f 3373 3375 3956
f 2855 3386 2869
f 3375 2855 3956
f 2855 3375 3386
f 3957 2871 3386
f 3386 2871 2869
f 2874 2871 3958
f 2871 3957 3958
f 3959 3957 3386
f 3959 3958 3957
f 3375 3377 3386
f 3389 3959 3386
f 3960 3959 3389
f 3391 3960 3389
f 2873 2874 3961
f 2874 3958 3962
f 3961 2874 3962
f 3961 2905 2873
f 3961 2909 2905
f 3963 2907 2909
f 3963 2910 2907
f 3963 2909 3961
f 3960 3964 3962
f 3958 3959 3962
f 3964 3961 3962
f 3965 2910 3963
f 3961 3966 3963
f 3963 3966 3965
f 3966 3961 3964
f 2904 2908 2911
f 3405 2908 2910
f 3405 2911 2908
f 3967 3405 2910
f 3968 3967 2910
f 3968 2910 3965
f 3959 3960 3962
f 3969 3965 3966
f 3969 3966 3964
f 3960 3391 3964
f 3965 3969 3968
f 3970 3968 3969
f 3415 3967 3968
f 3407 3404 3405
f 3407 3405 3967
f 3967 3415 3407
f 3970 3971 3968
f 3970 3969 3972
f 3970 3972 3971
f 3415 3968 3971
f 3973 3415 3971
f 3969 3964 3972
f 3973 3971 3972
f 3412 3964 3391
f 3964 3412 3419
f 3964 3419 3972
f 3973 3417 3415
f 3973 3974 3417
f 3419 3973 3972
f 3973 3419 3974
f 3420 3974 3419
f 3974 3420 3417
f 3866 3863 3864
f 3870 3862 3867
f 3871 3870 3867
f 3915 3870 3871
f 3912 3915 3916
f 3915 3919 3916
f 3919 3914 3916
f 3915 3871 3919
f 3920 3914 3919
f 3914 3920 3918
f 3934 3932 3930
f 3930 3975 3934
f 3934 3975 3947
f 3934 3947 3936
f 3935 3934 3936
f 3913 3917 3937
f 3913 3938 3928
f 3939 3930 3938
f 3938 3930 3928
f 3947 3975 3930
f 3947 3930 3939
f 3950 3936 3947
f 1330 1324 1328
f 3976 3977 1330
f 1336 1330 1337
f 1328 3978 1330
f 3976 1330 3978
f 1337 1330 3977
f 3978 3979 3976
f 3978 1328 2200
f 3978 2200 2201
f 3977 3976 1342
f 3977 1342 1337
f 1342 3976 3979
f 1342 3980 1343
f 3979 3981 1342
f 3980 1342 3981
f 3982 3979 2201
f 2201 3979 3978
f 3981 3979 3982
f 3982 2201 3983
f 3984 3981 3982
f 3983 3984 3982
f 3984 3983 3985
f 3980 3986 1343
f 3980 3981 3984
f 3980 3984 3987
f 3987 3984 3988
f 3986 3980 3987
f 3983 2201 2231
f 2232 3983 2231
f 3985 2232 2245
f 3985 3983 2232
f 3989 3985 2245
f 3984 3985 3989
f 3989 2245 3990
f 2246 2245 2233
f 3990 2245 2246
f 3990 2246 2243
f 3990 2243 2248
f 3990 3992 3989
f 3988 3984 3989
f 3988 3989 3992
f 3992 3990 3991
f 3991 3990 2248
f 2248 3992 3991
f 3992 2248 2249
f 2249 3988 3992
f 2316 2249 2250
f 3988 2249 2316
f 2316 2250 2310
f 1346 1333 1343
f 1417 1346 3993
f 3994 3986 3995
f 3994 1343 3986
f 1346 1343 3994
f 1346 3994 3993
f 3995 3986 3987
f 3998 3987 3988
f 3988 2316 3999
f 3998 3988 3999
f 3995 3987 3998
f 3993 3994 3996
f 3995 3996 3994
f 4000 3996 3995
f 4001 3995 3998
f 3995 4001 4000
f 4002 1417 3993
f 1418 1417 4002
f 4002 3993 3997
f 3997 3993 3996
f 1436 1418 4002
f 4002 1438 1436
f 1437 1438 4005
f 1438 4002 3997
f 1438 3997 4006
f 3997 3996 4003
f 4003 3996 4000
f 4007 4000 4001
f 4003 4000 4004
f 4008 4000 4007
f 4004 3997 4003
f 4004 4000 4008
f 4010 4004 4008
f 3999 2316 2317
f 3999 2317 2349
f 3999 2349 2351
f 3999 2351 2352
f 4011 3998 3999
f 4007 4001 3998
f 3999 2352 2357
f 4011 3999 2357
f 3998 4011 4007
f 4007 4011 4012
f 4011 2357 4012
f 4007 4012 4008
f 4013 4008 4012
f 4013 4010 4008
f 4013 4012 4014
f 2357 2352 2356
f 2360 2357 2359
f 4012 2357 2360
f 2360 2670 4012
f 4015 4014 4012
f 4015 4012 2670
f 1599 1437 4005
f 4005 1438 4006
f 4005 4006 4016
f 1599 1605 1600
f 1606 1604 1605
f 1605 1599 4017
f 1605 4017 1606
f 1606 4017 4018
f 1599 4005 4019
f 4019 4005 4016
f 4017 4019 4020
f 4017 1599 4019
f 4006 3997 4021
f 4022 4016 4006
f 4023 4019 4016
f 4023 4016 4022
f 4022 4006 4021
f 4025 1606 4018
f 4026 4025 4018
f 1615 1603 1606
f 1615 1606 4025
f 4018 4017 4020
f 4026 4018 4020
f 4027 4025 4026
f 1615 4025 4028
f 4028 4025 4027
f 1617 1615 4028
f 1618 1617 4028
f 4029 4027 4030
f 4028 4027 4029
f 4020 4019 4023
f 4031 4020 4023
f 4031 4023 4024
f 4026 4020 4031
f 4023 4022 4024
f 4033 4031 4024
f 4032 4033 4024
f 4027 4026 4030
f 4030 4026 4031
f 4034 4029 4030
f 4030 4031 4033
f 4034 4035 4036
f 4034 4030 4033
f 4034 4033 4035
f 4004 4021 3997
f 4021 4004 4009
f 4021 4009 4037
f 4010 4009 4004
f 4009 4010 4038
f 4037 4009 4038
f 4040 4037 4039
f 4039 4037 4038
f 4040 4039 4041
f 4038 4042 4039
f 4041 4039 4043
f 4022 4021 4037
f 4024 4022 4037
f 4032 4024 4037
f 4035 4033 4032
f 4032 4037 4040
f 4036 4035 4032
f 4032 4040 4046
f 4036 4032 4046
f 4046 4040 4041
f 4046 4041 4044
f 1618 1628 1617
f 1618 4028 4029
f 4047 1618 4029
f 1628 1618 4047
f 4049 4047 4048
f 1633 1627 1628
f 1633 1628 4049
f 4049 1628 4047
f 4029 4034 4050
f 4051 4047 4029
f 4051 4029 4050
f 4052 4050 4034
f 4052 4034 4045
f 4053 4051 4050
f 4051 4048 4047
f 4050 4052 4053
f 4053 4052 4045
f 4054 4053 4045
f 1630 1633 4055
f 4055 1633 4049
f 4055 4049 4048
f 1631 1630 4055
f 4057 4048 4051
f 4057 4051 4053
f 4058 4053 4054
f 4057 4053 4058
f 4059 4057 4058
f 4048 4056 4055
f 4056 4048 4057
f 4057 4060 4056
f 4060 4057 4059
f 4034 4036 4045
f 4045 4036 4061
f 4061 4036 4046
f 4045 4061 4062
f 4061 4046 4044
f 4063 4044 4064
f 4062 4061 4044
f 4065 4044 4063
f 4067 4063 4066
f 4068 4054 4062
f 4054 4045 4062
f 4068 4058 4054
f 4068 4062 4069
f 4070 4068 4069
f 4065 4062 4044
f 4063 4067 4065
f 4067 4066 4071
f 4069 4062 4065
f 4072 4069 4065
f 4072 4065 4067
f 4072 4067 4071
f 4072 4071 4073
f 4038 4010 4013
f 4038 4013 4042
f 4074 4013 4014
f 4013 4074 4075
f 4042 4076 4039
f 4039 4076 4043
f 4041 4043 4077
f 4043 4076 4077
f 4042 4013 4075
f 4076 4042 4075
f 4078 4076 4075
f 4077 4076 4078
f 4077 4078 4079
f 4078 4075 4080
f 4014 4015 4074
f 4074 4015 4081
f 4081 4015 2670
f 4083 4082 4084
f 4075 4074 4082
f 4080 4075 4083
f 4075 4082 4083
f 4082 4074 4081
f 4082 4081 4084
f 4064 4044 4077
f 4077 4044 4041
f 4064 4077 4086
f 4087 4064 4086
f 4088 4077 4079
f 4079 4078 4080
f 4077 4088 4086
f 4088 4091 4086
f 4091 4088 4090
f 4088 4079 4089
f 4087 4086 4093
f 4093 4086 4091
f 4088 4089 4090
f 4095 4090 4089
f 4090 4094 4091
f 4095 4094 4090
f 4096 4094 4097
f 4066 4063 4064
f 4066 4064 4092
f 4071 4066 4098
f 4098 4066 4092
f 4092 4064 4087
f 4099 4092 4087
f 4099 4073 4092
f 4071 4098 4092
f 4073 4071 4092
f 4073 4099 4100
f 4072 4073 4100
f 4093 4099 4087
f 4093 4091 4094
f 4080 4083 4089
f 4102 4101 4083
f 4080 4089 4079
f 4089 4083 4103
f 4103 4083 4101
f 4104 4084 4085
f 4105 4102 4104
f 4106 4105 4104
f 4084 4104 4083
f 4102 4083 4104
f 4103 4101 4107
f 4101 4102 4107
f 4105 4107 4102
f 4089 4103 4108
f 4108 4103 4107
f 4108 4109 4089
f 4095 4089 4109
f 4110 4094 4095
f 4110 4095 4109
f 4097 4094 4110
f 4112 4105 4106
f 4113 4108 4107
f 4113 4107 4114
f 4114 4107 4105
f 4114 4105 4115
f 4115 4112 4116
f 4109 4108 4113
f 4113 4114 4115
f 4109 4113 4117
f 4115 4117 4113
f 4116 4117 4115
f 4118 4109 4117
f 1662 1631 4055
f 1662 4055 4056
f 4056 4119 1662
f 4120 1662 4119
f 4119 4056 4060
f 4120 1663 1662
f 4059 4058 4122
f 4122 4058 4068
f 4122 4068 4070
f 4070 4124 4122
f 4125 4122 4124
f 4060 4059 4122
f 4122 4119 4060
f 4070 4069 4123
f 4070 4123 4126
f 4123 4069 4072
f 4072 4100 4123
f 4124 4070 4126
f 4127 4126 4123
f 4120 4119 4122
f 4128 4120 4122
f 4125 4124 4126
f 4125 4130 4129
f 4130 4125 4126
f 4130 4126 4127
f 1672 1663 4120
f 1672 4120 4121
f 4121 4120 4131
f 4121 4131 4132
f 4128 4122 4125
f 4131 4120 4128
f 4133 4128 4125
f 4134 4128 4133
f 4129 4133 4125
f 4136 4133 4129
f 4135 4136 4129
f 4131 4128 4134
f 4137 4132 4131
f 4134 4137 4131
f 4136 4134 4133
f 4121 1674 1672
f 4096 4097 4138
f 4099 4093 4139
f 4139 4100 4099
f 4100 4139 4140
f 4127 4123 4100
f 4141 4127 4140
f 4140 4127 4100
f 4139 4093 4096
f 4096 4093 4094
f 4139 4096 4140
f 4140 4096 4138
f 4142 4127 4141
f 4130 4127 4142
f 4142 4143 4130
f 4135 4130 4143
f 4141 4140 4138
f 4142 4141 4144
f 4144 4141 4138
f 4144 4138 4145
f 4146 4144 4145
f 4144 4147 4142
f 4143 4142 4147
f 4147 4144 4146
f 4110 4109 4111
f 4138 4097 4148
f 4145 4138 4148
f 4110 4148 4097
f 4148 4110 4111
f 4148 4111 4149
f 4150 4111 4109
f 4151 4111 4150
f 4150 4109 4118
f 4117 4152 4118
f 4153 4118 4152
f 4149 4111 4151
f 4150 4155 4151
f 4149 4151 4154
f 4154 4151 4155
f 4155 4150 4118
f 4155 4118 4153
f 4156 4153 4152
f 4145 4148 4146
f 4154 4148 4149
f 4154 4146 4148
f 4146 4154 4157
f 4159 4157 4158
f 4157 4154 4158
f 4154 4153 4160
f 4155 4153 4154
f 4154 4160 4158
f 4147 4146 4157
f 4130 4135 4129
f 4162 4135 4143
f 4159 4143 4147
f 4159 4162 4143
f 4136 4135 4162
f 4136 4162 4163
f 4162 4159 4164
f 4159 4158 4166
f 4166 4158 4161
f 4165 4159 4166
f 4159 4147 4157
f 4164 4159 4165
f 4168 4165 4166
f 2670 2671 4081
f 4081 2671 3349
f 3349 4084 4081
f 4084 3349 4085
f 4085 3349 3351
f 4169 4104 4085
f 3351 4170 4085
f 4170 3351 3352
f 4170 4171 4085
f 3352 3360 4170
f 4112 4115 4105
f 4106 4104 4169
f 4172 4106 4169
f 4169 4085 4171
f 4172 4169 4174
f 4112 4106 4172
f 4172 4173 4112
f 4112 4173 4116
f 4175 4116 4173
f 4175 4173 4177
f 4173 4172 4178
f 4179 4175 4177
f 4176 4175 4179
f 4177 4173 4178
f 4178 4179 4177
f 4117 4116 4175
f 4152 4117 4175
f 4152 4175 4176
f 4174 4169 4171
f 4172 4174 4178
f 4170 3360 3363
f 4171 4170 3363
f 4178 4174 4181
f 4181 4179 4178
f 4181 4182 4179
f 4183 4180 4171
f 4184 4180 4183
f 4174 4171 4180
f 4181 4174 4180
f 4181 4180 4184
f 3360 3352 3357
f 3363 3360 3361
f 4185 4171 3363
f 4183 4171 4185
f 4186 4183 4185
f 3363 3365 4185
f 4187 4176 4179
f 4188 4187 4179
f 4187 4188 4189
f 4156 4152 4176
f 4191 4156 4176
f 4191 4176 4187
f 4192 4156 4191
f 4192 4153 4156
f 4193 4192 4191
f 4190 4191 4189
f 4191 4187 4189
f 4193 4191 4190
f 4193 4190 4194
f 4188 4179 4182
f 4195 4188 4182
f 4196 4188 4195
f 4197 4182 4181
f 4197 4181 4184
f 4195 4182 4197
f 4198 4195 4197
f 4197 4199 4198
f 4196 4189 4188
f 4194 4190 4189
f 4194 4189 4196
f 4200 4195 4198
f 4196 4195 4200
f 4200 4198 4201
f 4202 4153 4192
f 4160 4153 4202
f 4202 4192 4193
f 4193 4194 4203
f 4203 4202 4193
f 4161 4158 4160
f 4161 4160 4204
f 4160 4202 4204
f 4202 4203 4204
f 4203 4205 4204
f 4203 4194 4196
f 4206 4207 4203
f 4206 4203 4196
f 4206 4196 4200
f 4209 4207 4206
f 4208 4209 4206
f 4205 4203 4207
f 4204 4205 4210
f 4210 4205 4207
f 4197 4184 4211
f 4211 4184 4183
f 4211 4183 4186
f 4199 4197 4211
f 4212 4211 4186
f 4186 4185 3365
f 4212 4186 3365
f 4214 4199 4211
f 4213 4199 4215
f 4215 4199 4214
f 4201 4199 4213
f 4201 4198 4199
f 4213 4215 4201
f 4214 4211 4212
f 4214 4212 4216
f 4216 4212 3365
f 3365 3438 4216
f 4206 4200 4201
f 4201 4217 4206
f 4217 4201 4215
f 4218 4215 4214
f 4219 4206 4217
f 4208 4206 4219
f 4220 4217 4215
f 4220 4215 4218
f 4219 4217 4220
f 4218 4214 4216
f 4218 4216 3438
f 3463 4218 3438
f 4220 4218 4221
f 4161 4204 4222
f 4222 4204 4210
f 4222 4166 4161
f 4166 4222 4223
f 4209 4208 4224
f 4224 4226 4209
f 4222 4210 4225
f 4209 4210 4207
f 4225 4210 4209
f 4225 4209 4226
f 4227 4222 4225
f 4227 4225 4226
f 4167 4166 4223
f 4228 4167 4223
f 4222 4227 4223
f 4223 4227 4226
f 4228 4223 4229
f 4229 4223 4226
f 4224 4208 4219
f 4230 4224 4219
f 4219 4220 4221
f 4230 4219 4221
f 4226 4224 4230
f 4231 4226 4230
f 4221 4218 3463
f 4232 4221 3463
f 4229 4230 4221
f 4231 4229 4226
f 4229 4231 4230
f 4221 4232 4229
f 4234 4229 4232
f 4233 4229 4234
f 3463 3490 4232
f 4234 4232 3490
f 4235 4132 4137
f 4236 4137 4134
f 4236 4134 4136
f 4237 4235 4137
f 4237 4137 4236
f 4238 4235 4237
f 4240 4236 4239
f 4237 4236 4240
f 4237 4240 4241
f 4242 4241 4240
f 1673 1674 4244
f 1674 4121 4132
f 4132 4244 1674
f 4244 4132 4235
f 4235 4238 4244
f 1868 1673 4244
f 4245 1868 4244
f 4245 4244 4246
f 4244 4238 4247
f 4246 4244 4247
f 4248 4238 4237
f 4247 4238 4248
f 1892 1869 1868
f 1868 4245 1892
f 4250 4245 4246
f 1892 4245 4249
f 4249 4245 4251
f 4251 4245 4250
f 1893 1892 4249
f 4250 4249 4251
f 4249 4250 4252
f 1896 1893 4249
f 4250 4246 4247
f 4254 4250 4247
f 4255 4254 4247
f 4252 4250 4254
f 4254 4256 4252
f 4254 4255 4257
f 4253 4249 4252
f 4258 4253 4252
f 4261 1896 4249
f 4261 4249 4253
f 1900 1896 4261
f 1900 4261 4253
f 1900 4262 1902
f 1900 4253 4262
f 4262 4253 4259
f 4259 4253 4258
f 4262 4259 4260
f 1931 4262 4260
f 4258 4252 4256
f 4258 4256 4263
f 4256 4254 4257
f 4259 4258 4263
f 4259 4263 4264
f 4263 4256 4264
f 4265 4247 4248
f 4255 4247 4265
f 4241 4248 4237
f 4241 4265 4248
f 4257 4255 4265
f 4241 4266 4265
f 4267 4265 4266
f 4266 4241 4242
f 4256 4257 4265
f 4268 4256 4265
f 4267 4268 4265
f 4269 4256 4268
f 4243 4266 4242
f 4270 4268 4267
f 4267 4266 4243
f 4270 4267 4272
f 4272 4267 4243
f 4272 4243 4273
f 4236 4136 4163
f 4239 4236 4163
f 4164 4163 4162
f 4164 4165 4274
f 4239 4163 4164
f 4239 4164 4274
f 4165 4168 4274
f 4239 4274 4275
f 4277 4168 4166
f 4168 4277 4278
f 4168 4276 4274
f 4276 4168 4278
f 4279 4278 4277
f 4239 4275 4240
f 4242 4240 4243
f 4280 4240 4281
f 4275 4274 4276
f 4275 4282 4240
f 4240 4282 4281
f 4282 4275 4276
f 4280 4243 4240
f 4283 4280 4281
f 4273 4243 4280
f 4273 4280 4283
f 4284 4281 4282
f 4284 4282 4285
f 4286 4276 4278
f 4286 4278 4287
f 4287 4278 4279
f 4285 4282 4276
f 4285 4276 4286
f 4285 4286 4288
f 4279 4289 4287
f 1931 1902 4262
f 1931 4260 4290
f 1935 1933 1931
f 1935 1932 1933
f 1935 1931 4290
f 1938 1935 4290
f 4264 4260 4259
f 4292 4264 4256
f 4260 4264 4292
f 4292 4293 4290
f 4290 4260 4292
f 1935 1938 1936
f 4291 1938 4290
f 4295 1938 4294
f 1936 1938 4295
f 4293 4291 4290
f 4291 4294 1938
f 4294 4291 4293
f 4296 4293 4292
f 4297 4293 4296
f 4295 4294 4293
f 4295 4293 4297
f 4292 4256 4269
f 4271 4269 4268
f 4269 4299 4292
f 4300 4292 4299
f 4271 4299 4269
f 4299 4271 4298
f 4301 4299 4298
f 4271 4268 4270
f 4271 4270 4298
f 4302 4272 4273
f 4303 4270 4272
f 4301 4298 4303
f 4303 4298 4270
f 4303 4272 4302
f 4296 4292 4300
f 4300 4299 4301
f 4296 4300 4305
f 4306 4297 4296
f 4306 4296 4305
f 4300 4301 4308
f 4300 4308 4305
f 4301 4303 4304
f 4308 4301 4304
f 4308 4309 4305
f 4309 4308 4310
f 1943 1936 4295
f 4307 4295 4297
f 4307 4311 4295
f 4295 4312 1943
f 4307 4297 4306
f 4305 4309 4306
f 4314 4309 4310
f 4306 4309 4314
f 4313 4306 4314
f 4314 4315 4313
f 4313 4311 4307
f 4313 4307 4306
f 4311 4313 4316
f 4316 4313 4315
f 4316 4315 4317
f 4281 4318 4283
f 4273 4283 4318
f 4320 4319 4318
f 4318 4281 4284
f 4318 4284 4322
f 4322 4284 4285
f 4318 4321 4320
f 4321 4318 4322
f 4321 4322 4324
f 4322 4323 4324
f 4325 4321 4324
f 4323 4327 4324
f 4325 4324 4327
f 4326 4325 4327
f 4326 4327 4328
f 4329 4326 4330
f 4330 4326 4328
f 4288 4331 4285
f 4323 4322 4285
f 4286 4287 4288
f 4331 4288 4287
f 4323 4285 4331
f 4331 4332 4323
f 4289 4279 4333
f 4332 4331 4287
f 4332 4287 4289
f 4334 4327 4323
f 4335 4334 4332
f 4334 4335 4336
f 4334 4323 4332
f 4328 4327 4334
f 4337 4328 4334
f 4337 4334 4336
f 4339 4337 4336
f 4336 4335 4332
f 4332 4289 4333
f 4340 4332 4333
f 4341 4332 4340
f 4341 4336 4332
f 4330 4328 4337
f 4338 4330 4337
f 4338 4337 4339
f 4336 4341 4339
f 4344 4339 4341
f 4344 4343 4339
f 4343 4338 4339
f 4342 4338 4345
f 4345 4338 4343
f 4347 4345 4343
f 4319 4302 4273
f 4319 4273 4318
f 4319 4303 4302
f 4304 4303 4319
f 4304 4319 4348
f 4348 4319 4320
f 4308 4304 4348
f 4310 4308 4348
f 4310 4348 4350
f 4350 4348 4320
f 4349 4310 4350
f 4350 4320 4321
f 4351 4321 4325
f 4351 4350 4321
f 4325 4329 4351
f 4329 4325 4326
f 4349 4314 4310
f 4353 4349 4350
f 4353 4352 4349
f 4314 4349 4315
f 4315 4349 4352
f 4329 4350 4351
f 4353 4350 4329
f 4353 4329 4330
f 4342 4353 4330
f 4353 4354 4352
f 4354 4353 4342
f 4315 4352 4354
f 4355 4315 4354
f 4317 4315 4355
f 4355 4354 4342
f 4330 4338 4342
f 4345 4356 4342
f 4277 4166 4167
f 4228 4229 4358
f 4357 4167 4228
f 4358 4357 4228
f 4359 4357 4358
f 4279 4357 4359
f 4360 4359 4358
f 4357 4277 4167
f 4279 4277 4357
f 4233 4358 4229
f 4360 4358 4233
f 4233 4234 4360
f 4362 4360 4234
f 4363 4362 4234
f 4364 4359 4361
f 4279 4359 4366
f 4359 4364 4366
f 4367 4279 4366
f 4367 4333 4279
f 4364 4365 4366
f 4367 4366 4365
f 4359 4360 4361
f 4361 4360 4362
f 4361 4362 4363
f 4368 4361 4363
f 4364 4361 4368
f 4368 4365 4364
f 4369 4368 4363
f 4234 3490 3777
f 4363 4234 3777
f 3492 3778 3777
f 3776 3779 4371
f 4371 3778 3776
f 4363 3777 4372
f 3777 4371 4372
f 4371 3777 3778
f 4373 4371 3779
f 3809 3779 3783
f 4374 4372 4371
f 4375 4371 4373
f 3809 4373 3779
f 3797 3809 3783
f 4376 3809 3797
f 4376 4373 3809
f 3807 4376 3797
f 4363 4372 4369
f 4369 4372 4374
f 4370 4369 4374
f 4370 4374 4375
f 4375 4374 4371
f 4377 4373 4376
f 4377 4375 4373
f 3807 3810 4376
f 4378 4376 3810
f 4379 4377 4376
f 4379 4376 4378
f 4377 4380 4375
f 3810 4382 4378
f 4381 4377 4379
f 4381 4380 4377
f 4378 4382 4379
f 4340 4333 4367
f 4365 4383 4367
f 4384 4340 4367
f 4384 4367 4383
f 4384 4383 4385
f 4386 4365 4368
f 4369 4370 4368
f 4370 4386 4368
f 4386 4370 4387
f 4386 4387 4388
f 4365 4386 4383
f 4385 4383 4386
f 4340 4384 4346
f 4344 4341 4340
f 4344 4340 4346
f 4343 4344 4346
f 4384 4385 4389
f 4346 4384 4389
f 4389 4385 4390
f 4347 4343 4346
f 4346 4391 4347
f 4392 4346 4389
f 4389 4393 4392
f 4391 4346 4392
f 4394 4386 4388
f 4395 4396 4388
f 4390 4385 4386
f 4394 4390 4386
f 4389 4390 4394
f 4393 4389 4394
f 4394 4396 4393
f 4388 4396 4394
f 4398 4370 4375
f 4380 4398 4375
f 4399 4381 4400
f 3810 3813 4401
f 4401 4382 3810
f 4402 4382 4401
f 4400 4379 4382
f 4400 4381 4379
f 4400 4382 4402
f 4403 4402 4401
f 4404 4402 4403
f 4404 4400 4402
f 4405 4399 4400
f 4406 4380 4407
f 4407 4380 4381
f 4407 4381 4399
f 4399 4405 4407
f 3897 4401 3813
f 4406 4398 4380
f 4398 4387 4370
f 4408 4398 4406
f 4401 3897 4403
f 3906 3897 3905
f 4409 4403 3897
f 4400 4404 4405
f 4410 4405 4404
f 3906 4409 3897
f 4411 4409 3906
f 4408 4406 4407
f 4412 4407 4405
f 4412 4405 4410
f 4412 4408 4407
f 4413 4404 4403
f 4413 4410 4404
f 4409 4413 4403
f 4414 4415 3933
f 3933 3935 4414
f 4416 4415 4414
f 4414 3935 3936
f 4417 4414 3936
f 4414 4417 4418
f 4414 4418 4416
f 4421 4387 4398
f 4388 4387 4421
f 4421 4398 4408
f 4423 4421 4408
f 4422 4408 4412
f 4423 4408 4422
f 4397 4388 4421
f 3933 4411 3906
f 4415 4409 4411
f 4420 4413 4409
f 4420 4410 4413
f 4415 4420 4409
f 4424 4410 4420
f 4411 3933 4415
f 4419 4420 4415
f 4422 4412 4410
f 4424 4422 4410
f 3949 4417 3936
f 3949 4425 4417
f 4415 4416 4419
f 4425 3949 3951
f 4417 4425 4426
f 4417 4426 4418
f 3953 4425 3951
f 4429 4428 4418
f 4428 4419 4416
f 4428 4416 4418
f 4429 4418 4426
f 4430 4428 4429
f 4431 4397 4421
f 4431 4421 4423
f 4432 4422 4424
f 4434 4432 4424
f 4433 4424 4420
f 4422 4432 4423
f 4434 4424 4433
f 4420 4419 4433
f 4395 4388 4397
f 4435 4397 4431
f 4395 4397 4435
f 4437 4423 4432
f 4437 4432 4434
f 4433 4419 4428
f 4438 4437 4434
f 4438 4434 4433
f 4436 4431 4423
f 4436 4423 4437
f 1049 1041 1048
f 1046 1049 4439
f 4440 1049 1048
f 4439 1049 4441
f 4441 1049 4440
f 1047 1046 4439
f 1052 1047 4442
f 4443 1047 4439
f 4442 1047 4443
f 4441 4443 4439
f 1052 4442 1051
f 4446 1051 4442
f 4445 1051 4446
f 4447 1042 1045
f 4447 1045 1054
f 4440 1048 1050
f 1042 4448 1050
f 4448 1042 4447
f 1050 4449 4440
f 4441 4440 4449
f 4450 1050 4448
f 4452 4447 1054
f 4448 4447 4451
f 4451 4447 4452
f 4449 4453 4441
f 4454 4449 4450
f 4454 4450 4455
f 4457 4456 4441
f 4457 4441 4453
f 4453 4449 4454
f 4456 4457 4458
f 4453 4460 4457
f 4453 4461 4460
f 4461 4453 4454
f 4441 4456 4443
f 4463 4442 4443
f 4464 4442 4463
f 4446 4442 4464
f 4463 4443 4456
f 4444 1051 4445
f 4463 4458 4464
f 4458 4463 4456
f 4449 1050 4450
f 4450 4448 4451
f 4451 4452 4462
f 4450 4451 4455
f 4459 4464 4458
f 4455 4451 4462
f 4466 4458 4457
f 4459 4458 4466
f 4469 4466 4460
f 4459 4466 4469
f 4467 4461 4454
f 4454 4455 4470
f 4467 4469 4461
f 4461 4469 4460
f 4472 4468 4459
f 4471 4459 4469
f 4472 4459 4471
f 4473 4468 4472
f 4472 4475 4473
f 4476 4467 4454
f 4476 4454 4470
f 4474 4469 4467
f 4470 4477 4476
f 4445 4446 4465
f 4473 4465 4446
f 4478 4473 4475
f 4465 4473 4478
f 4446 4464 4459
f 4468 4446 4459
f 4473 4446 4468
f 4481 4482 4480
f 4483 4480 4482
f 4472 4471 4484
f 4484 4471 4474
f 4486 4472 4484
f 4486 4485 4472
f 4467 4480 4474
f 4476 4480 4467
f 4480 4476 4481
f 4477 4481 4476
f 4483 4474 4480
f 4488 4484 4483
f 4489 4488 4483
f 4491 4486 4490
f 4484 4488 4486
f 4490 4486 4488
f 4479 4478 4475
f 4475 4472 4485
f 4485 4494 4475
f 4475 4494 4492
f 4492 4479 4475
f 4495 4485 4486
f 4496 4486 4491
f 4494 4485 4495
f 4496 4495 4486
f 4493 4492 4494
f 4493 4494 4495
f 4495 4498 4497
f 4496 4498 4495
f 4497 4493 4495
f 4499 1093 1094
f 4499 4500 1093
f 4500 1092 1093
f 4500 4501 1092
f 4501 4500 4502
f 1090 1036 1051
f 1094 1091 4503
f 4503 1091 1090
f 1090 1051 4444
f 4444 4503 1090
f 4504 1094 4503
f 4499 1094 4504
f 4444 4505 4503
f 4506 4503 4505
f 4506 4504 4503
f 4504 4506 4499
f 4465 4444 4445
f 4505 4444 4465
f 4507 4506 4505
f 4499 4506 4500
f 4500 4506 4508
f 4509 4500 4508
f 4502 4500 4509
f 4501 1100 1092
f 4501 1102 1100
f 1101 1102 4511
f 1102 4501 4512
f 4511 1102 4512
f 4502 4510 4501
f 4502 4513 4510
f 4510 4512 4501
f 4516 4511 4512
f 4510 4515 4512
f 4515 4510 4513
f 4513 4514 4515
f 4518 4512 4515
f 4517 4518 4515
f 4507 4505 4465
f 4520 4508 4506
f 4520 4506 4507
f 4478 4507 4465
f 4478 4520 4507
f 4478 4479 4520
f 4522 4508 4520
f 4522 4521 4508
f 4523 4522 4520
f 4509 4508 4521
f 4509 4519 4502
f 4524 4521 4522
f 4524 4509 4521
f 4520 4479 4525
f 4526 4479 4492
f 4492 4527 4526
f 4527 4492 4493
f 4497 4527 4493
f 4526 4525 4479
f 4524 4522 4523
f 4523 4525 4529
f 4525 4523 4520
f 4530 4524 4523
f 4529 4531 4523
f 4529 4525 4526
f 4532 4529 4526
f 4526 4528 4532
f 4532 4531 4529
f 4533 4513 4502
f 4534 4502 4519
f 4513 4533 4514
f 4534 4533 4502
f 4535 4533 4534
f 4537 4535 4536
f 4536 4535 4534
f 4535 4514 4533
f 4515 4514 4517
f 4517 4514 4538
f 4539 4538 4514
f 4514 4535 4539
f 4536 4534 4530
f 4536 4530 4540
f 4540 4530 4541
f 4540 4537 4536
f 4537 4540 4543
f 4537 4539 4535
f 4544 4540 4541
f 4544 4543 4540
f 4541 4545 4544
f 4544 4545 4546
f 4519 4509 4534
f 4524 4534 4509
f 4534 4524 4530
f 4523 4541 4530
f 4531 4541 4523
f 4542 4541 4531
f 4487 4547 4549
f 4548 4487 4549
f 4551 4552 4489
f 4553 4552 4551
f 4552 4490 4488
f 4553 4491 4552
f 4490 4552 4491
f 4491 4555 4554
f 4491 4553 4555
f 4550 4548 4556
f 4556 4557 4550
f 4551 4489 4550
f 4558 4551 4550
f 4559 4551 4558
f 4559 4553 4551
f 4560 4553 4559
f 4554 4496 4491
f 4496 4554 4498
f 4562 4554 4555
f 4553 4563 4555
f 4563 4562 4555
f 4561 4498 4554
f 4554 4562 4564
f 4564 4561 4554
f 4565 4550 4557
f 4565 4558 4550
f 4559 4566 4560
f 4563 4560 4566
f 4553 4560 4563
f 4562 4567 4564
f 4562 4563 4567
f 4568 4567 4563
f 4570 4563 4566
f 4563 4570 4568
f 4570 4566 4569
f 4571 4572 4570
f 4573 4497 4498
f 4527 4497 4573
f 4574 4573 4498
f 4528 4526 4527
f 4575 4528 4573
f 4527 4573 4528
f 4574 4575 4573
f 4574 4576 4575
f 4577 4574 4561
f 4577 4576 4574
f 4561 4574 4498
f 4579 4528 4575
f 4579 4532 4528
f 4542 4531 4532
f 4580 4579 4575
f 4581 4575 4576
f 4581 4580 4575
f 4576 4577 4581
f 4564 4578 4561
f 4583 4578 4564
f 4567 4583 4564
f 4583 4584 4578
f 4585 4583 4567
f 4585 4567 4568
f 4586 4585 4568
f 4584 4577 4578
f 4587 4577 4584
f 4587 4582 4577
f 4582 4581 4577
f 4587 4584 4588
f 4589 4588 4584
f 4578 4577 4561
f 4583 4585 4584
f 4589 4584 4585
f 4590 4541 4542
f 4590 4545 4541
f 4579 4542 4532
f 4579 4594 4542
f 4595 4542 4594
f 4580 4594 4579
f 4596 4594 4580
f 4597 4580 4581
f 4594 4596 4595
f 4597 4596 4580
f 4599 4597 4581
f 4599 4581 4598
f 4590 4542 4595
f 4591 4590 4595
f 4592 4596 4597
f 4591 4595 4596
f 4592 4591 4596
f 4582 4598 4581
f 4600 4582 4587
f 4600 4587 4588
f 4600 4598 4582
f 4601 4598 4602
f 4602 4598 4600
f 4600 4603 4602
f 4599 4592 4597
f 4601 4599 4598
f 4593 4592 4599
f 4570 4586 4568
f 4570 4605 4586
f 4606 4605 4570
f 4585 4586 4589
f 4608 4607 4589
f 4589 4586 4605
f 4589 4605 4608
f 4572 4606 4570
f 4609 4606 4572
f 4608 4605 4606
f 4607 4588 4589
f 4603 4588 4607
f 4603 4600 4588
f 4611 4603 4607
f 4608 4612 4607
f 4612 4611 4607
f 4614 4603 4611
f 4603 4614 4602
f 4615 4601 4602
f 4614 4615 4602
f 4615 4604 4601
f 4612 4616 4611
f 4613 4616 4612
f 4614 4616 4617
f 4616 4614 4611
f 4608 4613 4612
f 4618 4608 4606
f 4619 4618 4606
f 4606 4609 4619
f 4613 4608 4618
f 4613 4618 4620
f 1187 1189 4621
f 1189 4622 4621
f 4621 1190 1187
f 4623 4621 4622
f 4623 4625 4621
f 4626 4625 4623
f 4628 4623 4627
f 4511 1103 1101
f 1193 1192 1103
f 4511 1193 1103
f 4629 4511 4516
f 4629 1193 4511
f 1189 1181 1193
f 4630 1189 1193
f 4630 1193 4629
f 4516 4512 4518
f 4631 4629 4516
f 4632 4516 4518
f 4631 4516 4632
f 4629 4631 4624
f 4624 4630 4629
f 4633 4631 4632
f 1189 4630 4622
f 4630 4624 4622
f 4623 4624 4627
f 4622 4624 4623
f 4627 4624 4631
f 4633 4627 4631
f 4634 4632 4518
f 4538 4518 4517
f 4634 4518 4538
f 4538 4539 4634
f 4635 4632 4634
f 4634 4539 4636
f 4637 4633 4632
f 4637 4632 4635
f 4638 4637 4635
f 4537 4639 4539
f 4639 4537 4543
f 4539 4639 4636
f 4640 4639 4543
f 4636 4639 4641
f 4640 4543 4544
f 4546 4640 4544
f 4639 4640 4641
f 4641 4640 4546
f 4638 4635 4636
f 4634 4636 4635
f 4641 4638 4636
f 4642 4638 4641
f 4633 4643 4627
f 4643 4633 4637
f 4643 4637 4644
f 4627 4643 4628
f 4643 4645 4628
f 4643 4644 4645
f 4645 4644 4646
f 4647 4644 4637
f 4638 4647 4637
f 4644 4647 4646
f 4647 4638 4648
f 4649 4638 4642
f 4649 4648 4638
f 4648 4651 4646
f 4648 4646 4647
f 4652 1191 1190
f 4625 1190 4621
f 4625 4652 1190
f 1212 1209 4653
f 1191 4652 1209
f 4655 4654 4626
f 4655 4626 4623
f 4654 4625 4626
f 4652 4625 4656
f 4625 4654 4656
f 4653 1211 1212
f 1211 4653 4657
f 1209 4652 4653
f 1210 1211 4658
f 4657 4658 1211
f 4658 1215 1210
f 4656 4653 4652
f 4660 4657 4653
f 4656 4660 4653
f 4657 4660 4659
f 4661 4657 4659
f 4659 4660 4661
f 4623 4662 4655
f 4662 4623 4628
f 4662 4628 4663
f 4663 4628 4645
f 4664 4654 4655
f 4662 4665 4655
f 4664 4655 4665
f 4663 4665 4662
f 4650 4663 4645
f 4666 4663 4650
f 4667 4665 4663
f 4667 4663 4666
f 4667 4664 4665
f 4670 4666 4650
f 4666 4669 4667
f 4666 4671 4669
f 4672 4671 4666
f 4656 4654 4673
f 4674 4673 4654
f 4674 4654 4664
f 4656 4673 4660
f 4676 4660 4673
f 4676 4661 4660
f 4675 4673 4674
f 4676 4673 4678
f 4668 4664 4667
f 4668 4679 4664
f 4669 4679 4668
f 4669 4668 4667
f 4674 4664 4675
f 4679 4675 4664
f 4679 4669 4680
f 4680 4669 4671
f 4681 4680 4671
f 4682 4677 4676
f 4673 4675 4678
f 4680 4675 4679
f 4682 4676 4678
f 4675 4680 4678
f 4683 4678 4680
f 4645 4646 4650
f 4646 4651 4650
f 4685 4650 4651
f 4670 4650 4685
f 4546 4545 4687
f 4686 4545 4590
f 4686 4590 4591
f 4687 4545 4686
f 4688 4689 4686
f 4686 4689 4687
f 4690 4641 4546
f 4642 4641 4690
f 4546 4687 4690
f 4687 4691 4690
f 4689 4691 4687
f 4692 4591 4592
f 4692 4686 4591
f 4593 4692 4592
f 4693 4692 4593
f 4694 4693 4593
f 4688 4686 4692
f 4695 4688 4692
f 4693 4695 4692
f 4593 4599 4694
f 4695 4689 4688
f 4696 4689 4695
f 4697 4695 4693
f 4693 4694 4697
f 4697 4694 4699
f 4695 4700 4696
f 4700 4697 4701
f 4697 4700 4695
f 4697 4699 4701
f 4604 4694 4599
f 4599 4601 4604
f 4702 4649 4642
f 4704 4702 4703
f 4691 4702 4642
f 4691 4642 4690
f 4703 4702 4691
f 4648 4649 4684
f 4684 4651 4648
f 4704 4649 4702
f 4649 4705 4684
f 4704 4705 4649
f 4707 4705 4704
f 4689 4708 4691
f 4691 4708 4703
f 4696 4708 4689
f 4709 4708 4696
f 4701 4709 4700
f 4709 4696 4700
f 4712 4711 4708
f 4703 4707 4704
f 4707 4714 4705
f 4713 4707 4703
f 4703 4711 4713
f 4715 4713 4711
f 4711 4703 4708
f 4711 4712 4715
f 4694 4716 4698
f 4716 4694 4604
f 4699 4694 4698
f 4717 4698 4716
f 4710 4701 4699
f 4718 4717 4716
f 4719 4717 4718
f 4717 4720 4698
f 4698 4720 4699
f 4719 4720 4717
f 4719 4721 4720
f 4719 4722 4723
f 4719 4723 4721
f 4615 4716 4604
f 4716 4615 4718
f 4615 4614 4725
f 4726 4725 4614
f 4614 4617 4726
f 4718 4615 4725
f 4718 4725 4726
f 4727 4726 4617
f 4727 4617 4616
f 4613 4727 4616
f 4727 4718 4726
f 4728 4727 4613
f 4613 4620 4728
f 4727 4722 4718
f 4722 4719 4718
f 4722 4727 4724
f 4724 4727 4728
f 4729 4724 4728
f 4701 4710 4730
f 4710 4731 4730
f 4730 4709 4701
f 4712 4708 4709
f 4709 4730 4732
f 4720 4710 4699
f 4733 4710 4720
f 4734 4733 4720
f 4721 4734 4720
f 4733 4731 4710
f 4736 4715 4735
f 4732 4712 4709
f 4732 4730 4731
f 4735 4712 4732
f 4735 4715 4712
f 4738 4732 4731
f 4733 4738 4731
f 4732 4739 4735
f 4739 4732 4738
f 4735 4739 4737
f 4723 4722 4740
f 4741 4734 4721
f 4721 4723 4741
f 4724 4740 4722
f 4723 4740 4741
f 4741 4740 4742
f 4724 4743 4740
f 4738 4733 4734
f 4744 4738 4734
f 4734 4741 4744
f 4745 4739 4738
f 4744 4745 4738
f 4744 4746 4745
f 4744 4741 4747
f 4742 4747 4741
f 4743 4742 4740
f 4748 4747 4742
f 4749 4746 4744
f 4747 4749 4744
f 4670 4672 4666
f 4672 4751 4750
f 4672 4681 4671
f 4752 4681 4672
f 4752 4672 4750
f 4753 4681 4752
f 4681 4683 4680
f 4755 4683 4681
f 4681 4753 4755
f 4756 4755 4753
f 4754 4750 4751
f 4754 4752 4750
f 4754 4753 4752
f 4754 4756 4753
f 4754 4757 4759
f 4759 4756 4754
f 4759 4757 4758
f 4761 4756 4759
f 4761 4759 4760
f 4760 4759 4758
f 4763 4758 4762
f 4763 4760 4758
f 4764 4761 4760
f 4764 4760 4763
f 4763 4762 4765
f 4763 4765 4766
f 4684 4685 4651
f 4706 4684 4705
f 4706 4685 4684
f 4685 4706 4767
f 4767 4670 4685
f 4751 4672 4670
f 4751 4670 4767
f 4714 4706 4705
f 4706 4714 4767
f 4769 4714 4707
f 4769 4707 4713
f 4769 4768 4714
f 4768 4767 4714
f 4767 4768 4751
f 4768 4757 4751
f 4769 4770 4768
f 4771 4768 4770
f 4757 4754 4751
f 4758 4757 4768
f 4771 4758 4768
f 4772 4713 4715
f 4713 4772 4773
f 4736 4772 4715
f 4773 4769 4713
f 4736 4773 4772
f 4773 4736 4774
f 4737 4736 4735
f 4775 4737 4739
f 4775 4736 4737
f 4776 4775 4739
f 4775 4774 4736
f 4777 4770 4769
f 4769 4773 4777
f 4777 4771 4770
f 4778 4777 4773
f 4774 4778 4773
f 4779 4777 4778
f 4778 4774 4780
f 4779 4778 4780
f 4745 4776 4739
f 4746 4776 4745
f 4781 4776 4746
f 4782 4746 4749
f 4782 4781 4746
f 4775 4783 4774
f 4783 4775 4784
f 4784 4775 4776
f 4783 4780 4774
f 4785 4780 4783
f 4781 4784 4776
f 4786 4785 4783
f 4786 4783 4784
f 4786 4784 4781
f 4781 4782 4786
f 4762 4758 4771
f 4787 4771 4777
f 4779 4787 4777
f 4762 4771 4787
f 4788 4762 4787
f 4789 4787 4779
f 4785 4789 4779
f 4790 4789 4785
f 4790 4785 4791
f 4785 4779 4780
f 4789 4788 4787
f 4792 4788 4789
f 4789 4790 4792
f 4790 4793 4792
f 4786 4791 4785
f 4794 4791 4786
f 4791 4794 4790
f 4788 4765 4762
f 4788 4792 4765
f 4796 4765 4792
f 4792 4795 4796
f 4792 4793 4795
f 4797 4790 4794
f 4793 4790 4797
f 4798 4796 4795
f 4797 4795 4793
f 4797 4799 4795
f 4799 4798 4795
f 4610 4609 4572
f 4802 4610 4801
f 4801 4803 4802
f 4619 4609 4804
f 4804 4609 4610
f 4618 4619 4805
f 4806 4619 4804
f 4805 4619 4806
f 4804 4610 4802
f 4803 4804 4802
f 4808 4804 4803
f 4809 4808 4803
f 4807 4805 4806
f 4806 4804 4807
f 4808 4807 4804
f 4809 4810 4808
f 4811 4809 4803
f 4812 4809 4811
f 4811 4813 4812
f 4816 4811 4814
f 4815 4816 4814
f 4805 4620 4618
f 4805 4817 4620
f 4729 4728 4620
f 4729 4620 4817
f 4810 4807 4808
f 4805 4818 4817
f 4807 4818 4805
f 4819 4818 4807
f 4810 4819 4807
f 4822 4743 4724
f 4742 4743 4748
f 4824 4748 4743
f 4822 4823 4743
f 4825 4824 4743
f 4823 4825 4743
f 4826 4823 4820
f 4729 4822 4724
f 4823 4822 4729
f 4820 4729 4817
f 4817 4818 4820
f 4729 4820 4823
f 4818 4827 4820
f 4827 4818 4821
f 4826 4820 4827
f 4812 4810 4809
f 4810 4812 4828
f 4812 4813 4828
f 4828 4819 4810
f 4829 4828 4813
f 4829 4813 4816
f 4818 4819 4821
f 4813 4811 4816
f 4828 4829 4830
f 4831 4821 4819
f 4828 4831 4819
f 4832 4831 4828
f 4831 4827 4821
f 4832 4833 4831
f 4828 4830 4832
f 4834 4832 4830
f 4832 4834 4833
f 4748 4824 4836
f 4836 4747 4748
f 4836 4749 4747
f 4837 4782 4749
f 4838 4837 4836
f 4836 4837 4749
f 4839 4836 4824
f 4786 4782 4840
f 4841 4840 4782
f 4782 4837 4841
f 4839 4838 4836
f 4825 4839 4824
f 4837 4838 4841
f 4842 4825 4823
f 4826 4842 4823
f 4844 4825 4843
f 4839 4825 4844
f 4825 4842 4843
f 4845 4843 4842
f 4840 4794 4786
f 4840 4841 4846
f 4846 4794 4840
f 4847 4794 4846
f 4841 4838 4848
f 4849 4848 4838
f 4846 4841 4848
f 4848 4850 4846
f 4850 4847 4846
f 4851 4797 4794
f 4794 4847 4851
f 4851 4799 4797
f 4852 4799 4851
f 4853 4852 4851
f 4851 4854 4853
f 4851 4847 4854
f 4850 4854 4847
f 4855 4854 4850
f 4849 4850 4848
f 4849 4838 4839
f 4844 4849 4839
f 4856 4849 4844
f 4857 4844 4843
f 4857 4856 4844
f 4858 4850 4849
f 4858 4855 4850
f 4858 4849 4856
f 4856 4859 4858
f 4827 4860 4826
f 4861 4860 4827
f 4845 4842 4826
f 4860 4845 4826
f 4862 4845 4860
f 4861 4862 4860
f 4861 4863 4862
f 4862 4863 4864
f 4864 4865 4862
f 4861 4827 4831
f 4831 4833 4861
f 4861 4833 4863
f 4863 4833 4866
f 4843 4867 4857
f 4845 4867 4843
f 4868 4867 4845
f 4856 4857 4859
f 4867 4869 4857
f 4868 4845 4862
f 4862 4865 4868
f 4868 4870 4867
f 4870 4869 4867
f 4870 4868 4865
f 4815 4872 4816
f 4872 4815 4873
f 4874 4829 4872
f 4875 4874 4872
f 4872 4829 4816
f 4874 4830 4829
f 4876 4872 4873
f 4877 4876 4878
f 4876 4875 4872
f 4874 4879 4830
f 4879 4834 4830
f 4879 4835 4834
f 4879 4874 4880
f 4880 4874 4875
f 4882 4875 4876
f 4882 4881 4875
f 4881 4880 4875
f 4883 4879 4880
f 4881 4883 4880
f 4877 4884 4876
f 4882 4876 4884
f 4884 4886 4882
f 4886 4884 4887
f 4887 4884 4885
f 4888 4886 4887
f 4886 4881 4882
f 4886 4890 4881
f 4889 4890 4886
f 4890 4891 4881
f 4892 4891 4890
f 4885 4893 4887
f 4888 4887 4893
f 4886 4888 4889
f 4894 4888 4893
f 4888 4894 4889
f 4893 4895 4894
f 4895 4896 4894
f 4889 4894 4896
f 4899 4890 4889
f 4900 4892 4890
f 4889 4896 4899
f 4899 4900 4890
f 4899 4896 4898
f 4895 4898 4896
f 4901 4900 4899
f 4902 4900 4901
f 4833 4834 4866
f 4835 4866 4834
f 4904 4863 4903
f 4903 4863 4866
f 4879 4883 4835
f 4835 4903 4866
f 4883 4905 4835
f 4905 4903 4835
f 4906 4903 4905
f 4904 4864 4863
f 4864 4870 4865
f 4870 4864 4907
f 4904 4908 4864
f 4864 4908 4909
f 4907 4864 4909
f 4906 4908 4903
f 4904 4903 4908
f 4881 4891 4883
f 4891 4910 4883
f 4911 4891 4892
f 4911 4910 4891
f 4912 4905 4883
f 4912 4906 4905
f 4912 4883 4910
f 4911 4914 4910
f 4913 4910 4914
f 4913 4912 4910
f 4915 4911 4892
f 4915 4892 4900
f 4915 4916 4911
f 4916 4915 4902
f 4902 4915 4900
f 4916 4918 4917
f 4902 4918 4916
f 4917 4918 4919
f 4917 4911 4916
f 4917 4914 4911
f 4919 4914 4917
f 4921 4913 4914
f 4919 4922 4914
f 4923 4921 4914
f 4913 4921 4920
f 4921 4923 4920
f 4925 4906 4912
f 4908 4906 4924
f 4924 4906 4926
f 4927 4925 4912
f 4927 4912 4913
f 4920 4927 4913
f 4928 4927 4920
f 4927 4928 4925
f 4906 4925 4926
f 4925 4929 4926
f 4899 4898 4930
f 4901 4899 4930
f 4931 4901 4930
f 4932 4902 4901
f 4901 4931 4933
f 4932 4901 4933
f 4934 4935 4933
f 4937 4935 4934
f 4936 4938 4937
f 4934 4936 4937
f 4941 4918 4902
f 4932 4941 4902
f 4941 4919 4918
f 4933 4940 4932
f 4935 4940 4933
f 4940 4941 4932
f 4942 4943 4941
f 4940 4942 4941
f 4944 4942 4940
f 4942 4944 4943
f 4923 4914 4922
f 4919 4941 4922
f 4945 4920 4923
f 4922 4945 4923
f 4943 4946 4922
f 4943 4922 4941
f 4946 4945 4922
f 4948 4945 4946
f 4949 4935 4937
f 4949 4940 4935
f 4950 4949 4937
f 4939 4950 4937
f 4950 4951 4949
f 4951 4940 4949
f 4951 4944 4940
f 4952 4944 4951
f 4953 4950 4939
f 4950 4953 4954
f 4954 4955 4950
f 4955 4951 4950
f 4955 4952 4951
f 4956 4952 4955
f 4946 4943 4944
f 4944 4952 4946
f 4952 4958 4957
f 4959 4948 4946
f 4946 4957 4959
f 4946 4952 4957
f 4952 4961 4958
f 4952 4956 4961
f 4963 4960 4957
f 4963 4957 4958
f 4963 4958 4964
f 4966 4928 4965
f 4920 4945 4928
f 4965 4928 4945
f 4947 4965 4945
f 4948 4947 4945
f 4947 4967 4965
f 4947 4959 4967
f 4959 4947 4948
f 4967 4966 4965
f 4960 4967 4959
f 4967 4968 4966
f 4928 4966 4925
f 4968 4970 4966
f 4925 4966 4929
f 4969 4929 4966
f 4970 4969 4966
f 4957 4960 4959
f 4960 4963 4971
f 4971 4972 4960
f 4967 4960 4973
f 4967 4973 4968
f 4973 4974 4968
f 4960 4972 4973
f 4971 4963 4964
f 4974 4973 4972
f 4975 4974 4972
f 4964 4972 4971
f 4975 4972 4964
f 4976 4975 4964
f 4975 4976 4977
f 4970 4977 4978
f 4979 4970 4978
f 4970 4968 4974
f 4977 4970 4974
f 4974 4975 4977
f 4980 4977 4981
f 4977 4980 4978
f 4954 4956 4955
f 4956 4954 4983
f 4984 4956 4983
f 4985 4956 4984
f 4956 4962 4961
f 4958 4961 4962
f 4986 4958 4962
f 4962 4956 4987
f 4986 4964 4958
f 4987 4956 4985
f 4986 4962 4987
f 4987 4985 4986
f 4990 4986 4985
f 4986 4990 4988
f 4989 4988 4990
f 4992 4990 4985
f 4993 4990 4992
f 4990 4993 4989
f 4989 4993 4991
f 4994 4991 4993
f 4995 4993 4992
f 4996 4994 4993
f 4996 4993 4997
f 4988 4964 4986
f 5000 4964 4988
f 4989 5000 4988
f 4964 5000 4999
f 4964 5001 4976
f 5001 4981 4976
f 4964 4999 5001
f 4991 5000 4989
f 4999 5000 4991
f 4994 4999 4991
f 4999 4994 5002
f 5003 5001 4999
f 4976 4981 4977
f 5003 4980 4981
f 5004 4980 5003
f 4980 4982 4978
f 5003 4981 5001
f 5005 5004 5003
f 5004 5005 5006
f 5002 5003 4999
f 5003 5002 5005
f 5008 5002 4994
f 4998 4994 4996
f 4998 5008 4994
f 5009 5010 5008
f 5008 5010 5002
f 5010 5005 5002
f 5011 5005 5010
f 5012 5011 5010
f 4996 4997 4998
f 5014 4998 4997
f 4998 5009 5008
f 5015 5009 4998
f 5013 5010 5009
f 5009 5015 5016
f 5016 5013 5009
f 5015 4998 5014
f 5018 5014 5017
f 5018 5015 5014
f 5019 5013 5016
f 5018 5016 5015
f 5016 5018 5020
f 5019 5016 5020
f 5010 5013 5012
f 5019 5012 5013
f 5021 5011 5012
f 5021 5012 5019
f 5023 5018 5022
f 5018 5023 5020
f 5024 5020 5023
f 5024 5019 5020
f 5026 5019 5024
f 5026 5024 5025
f 5026 5021 5019
f 5026 5027 5021
f 5029 5026 5025
f 5025 5028 5029
f 5030 5029 5028
f 5031 5029 5030
f 5032 5029 5031
f 5034 5033 5035
f 5035 5033 5036
f 4466 4457 4460
f 4469 4474 4471
f 4474 4483 4484
f 4482 4487 4483
f 4489 4483 4487
f 4488 4489 4552
f 4487 4548 4489
f 4548 4550 4489
f 4953 4983 4954
f 5031 5034 5032
f 5033 5034 5031
f 5040 5039 5041
f 5041 5039 5037
f 5038 5041 5037
f 5043 5042 5040
f 5044 5041 5038
f 5045 5040 5041
f 5045 5041 5044
f 5047 5040 5045
f 5043 5040 5047
f 5050 5038 5048
f 5048 5051 5050
f 5051 5048 5052
f 5049 5052 5048
f 5044 5038 5050
f 5049 5054 5052
f 5046 5043 5055
f 5056 5045 5044
f 5043 5057 5055
f 5057 5043 5047
f 5056 5047 5045
f 5058 5047 5056
f 5059 5055 5057
f 5060 5047 5058
f 5047 5060 5057
f 5044 5061 5056
f 5050 5061 5044
f 5051 5062 5050
f 5052 5062 5051
f 5050 5063 5061
f 5061 5064 5056
f 5063 5050 5062
f 5062 5052 5065
f 5066 5063 5062
f 5066 5062 5065
f 5057 5067 5068
f 5068 5059 5057
f 5063 5069 5061
f 5064 5061 5069
f 5070 5058 5056
f 5070 5056 5064
f 5060 5058 5070
f 5071 5060 5070
f 5060 5067 5057
f 5072 5064 5069
f 5072 5070 5064
f 5071 5070 5072
f 5060 5071 5073
f 5074 5072 5069
f 5069 5075 5074
f 5069 5063 5075
f 5075 5063 5066
f 5076 5075 5066
f 5060 5073 5067
f 5049 5053 5054
f 5079 5053 5078
f 5054 5065 5052
f 5065 5054 5053
f 5065 5053 5081
f 5079 5081 5053
f 5082 5079 5078
f 5082 5078 5083
f 5084 5081 5079
f 5076 5066 5081
f 5065 5081 5066
f 5081 5084 5085
f 5084 5079 5082
f 5086 5084 5082
f 5086 5082 5083
f 1753 1054 1053
f 4452 1054 1753
f 1753 1754 5088
f 1754 5090 5088
f 5091 5088 5090
f 4462 4452 5089
f 5089 4452 1753
f 5089 1753 5088
f 5092 4462 5089
f 5093 5092 5089
f 5093 5089 5088
f 5093 5088 5094
f 5094 5088 5091
f 5093 5094 5091
f 1754 5096 5090
f 5096 1754 1755
f 5096 1755 1773
f 5096 5097 5098
f 5090 5096 5099
f 5091 5090 5099
f 5099 5096 5100
f 5091 5099 5093
f 5101 5099 5100
f 5096 5098 5100
f 5101 5100 5102
f 5103 5100 5098
f 5102 5100 5103
f 5102 5103 5104
f 5105 4455 4462
f 4470 4455 5105
f 5105 4462 5106
f 4462 5092 5106
f 5107 4470 5105
f 5107 5105 5106
f 4477 4470 5107
f 5107 5106 5108
f 5106 5110 5109
f 5106 5109 5108
f 5111 5109 5112
f 5111 5112 5113
f 5106 5092 5095
f 5110 5106 5095
f 5095 5092 5093
f 5095 5101 5110
f 5112 5109 5110
f 4482 4481 5114
f 4481 4477 5114
f 4477 5107 5114
f 5108 5114 5107
f 5114 5108 5115
f 4547 4487 4482
f 4547 4482 5116
f 5116 4482 5114
f 5117 5114 5115
f 5116 5114 5117
f 5118 5117 5119
f 5108 5109 5111
f 5115 5108 5111
f 5115 5111 5120
f 5121 5111 5113
f 5120 5111 5121
f 5115 5120 5119
f 5119 5120 5122
f 5117 5115 5119
f 5121 5122 5120
f 5119 5122 5118
f 5118 5122 5123
f 5124 5118 5123
f 5095 5093 5099
f 5095 5099 5101
f 5125 5110 5101
f 5112 5110 5127
f 5127 5110 5125
f 5127 5113 5112
f 5126 5127 5125
f 5113 5127 5126
f 5113 5126 5129
f 5113 5129 5131
f 5125 5101 5102
f 5104 5125 5102
f 5126 5125 5104
f 5126 5104 5132
f 5132 5104 5134
f 5134 5104 5133
f 5129 5126 5132
f 5129 5132 5134
f 5131 5129 5134
f 5131 5134 5135
f 5121 5113 5128
f 5123 5122 5121
f 5121 5128 5136
f 5121 5136 5123
f 5123 5136 5138
f 5137 5123 5138
f 5137 5138 5139
f 5128 5113 5130
f 5130 5113 5131
f 5130 5131 5136
f 5128 5130 5136
f 5136 5131 5140
f 5135 5140 5131
f 5138 5136 5140
f 5138 5140 5141
f 5139 5138 5141
f 5139 5141 5142
f 5104 5103 5144
f 5144 5103 5143
f 5145 5144 5143
f 5143 5146 5145
f 5133 5104 5144
f 5145 5133 5144
f 5134 5133 5147
f 5148 5145 5146
f 5147 5133 5148
f 5148 5133 5145
f 5151 5135 5150
f 5135 5134 5147
f 5150 5135 5147
f 5149 5147 5148
f 5149 5150 5147
f 5150 5149 5151
f 5151 5149 5152
f 5148 5146 5153
f 5149 5148 5155
f 5148 5154 5155
f 5152 5149 5155
f 5152 5155 5156
f 5140 5135 5151
f 5159 5140 5151
f 5159 5141 5140
f 5142 5141 5159
f 5160 5159 5151
f 5160 5151 5152
f 5139 5142 5161
f 5142 5159 5160
f 5160 5161 5142
f 5160 5152 5163
f 5163 5152 5158
f 5152 5156 5158
f 5164 5160 5163
f 5162 5161 5160
f 5162 5160 5164
f 5158 5156 5166
f 5158 5166 5167
f 5163 5158 5167
f 5167 5164 5163
f 5168 5162 5164
f 5165 5162 5168
f 5169 5168 5170
f 5097 1773 1775
f 5096 1773 5097
f 5097 1775 5171
f 1774 1808 1775
f 5171 1775 1808
f 5098 5097 5171
f 1808 1805 1809
f 5171 1808 5172
f 1808 1809 5172
f 5103 5098 5171
f 5143 5103 5171
f 5143 5171 5173
f 5171 5172 5173
f 5174 5173 5172
f 5174 5176 5175
f 5143 5173 5175
f 5153 5143 5175
f 5146 5143 5153
f 5175 5173 5174
f 1809 1810 1819
f 5172 1809 1819
f 5177 5172 1819
f 5180 5181 5179
f 1819 1810 1823
f 5177 1819 1823
f 1816 5180 1823
f 1820 5180 1816
f 5180 5177 1823
f 5179 5177 5180
f 5176 5174 5178
f 5174 5172 5177
f 5178 5174 5177
f 5178 5177 5179
f 5175 5176 5154
f 5154 5176 5183
f 5176 5178 5182
f 5183 5176 5182
f 5181 5178 5179
f 5182 5178 5181
f 5182 5181 5185
f 5186 5181 5180
f 5186 5180 5187
f 5185 5181 5186
f 5190 5182 5185
f 5183 5182 5190
f 5184 5183 5190
f 5190 5188 5184
f 5190 5185 5186
f 5188 5190 5191
f 1829 1830 5192
f 5154 5148 5153
f 5154 5153 5175
f 5155 5154 5184
f 5155 5184 5157
f 5184 5154 5183
f 5157 5184 5193
f 5156 5155 5157
f 5166 5156 5157
f 5166 5157 5193
f 5166 5193 5194
f 5167 5166 5194
f 5189 5184 5188
f 5189 5193 5184
f 5189 5196 5193
f 5196 5189 5188
f 5196 5188 5197
f 5196 5194 5193
f 5167 5194 5195
f 5195 5194 5196
f 5164 5167 5195
f 5164 5195 5198
f 5168 5164 5198
f 5170 5168 5198
f 5199 5203 5201
f 5204 5199 5200
f 5204 5200 5205
f 5202 5201 5203
f 5202 5207 4565
f 5203 5207 5202
f 5208 4565 5207
f 5205 5206 5204
f 5209 5199 5204
f 5199 5210 5203
f 5210 5199 5209
f 5211 5204 5206
f 5211 5206 5212
f 5212 5206 5213
f 5116 5214 4547
f 5214 5116 5117
f 4547 5215 4549
f 5215 4547 5214
f 5117 5118 5214
f 5216 5214 5217
f 5217 5214 5118
f 4556 4548 4549
f 5214 5216 5200
f 5200 5215 5214
f 4549 5201 4556
f 5215 5199 4549
f 5199 5215 5200
f 5217 5218 5216
f 5216 5205 5200
f 5219 5217 5118
f 5124 5219 5118
f 5220 5219 5124
f 5218 5217 5219
f 5216 5218 5206
f 5218 5219 5221
f 5221 5219 5220
f 5201 4549 5199
f 5202 4557 4556
f 4565 4557 5202
f 5202 4556 5201
f 5216 5206 5205
f 5208 4558 4565
f 5222 4558 5208
f 5222 4559 4558
f 4559 5222 4566
f 5206 5218 5223
f 5223 5218 5221
f 5213 5206 5223
f 5124 5123 5137
f 5137 5224 5124
f 5221 5220 5124
f 5221 5124 5225
f 5224 5225 5124
f 5224 5137 5139
f 5224 5139 5225
f 5221 5225 5223
f 5228 5207 5203
f 5229 5207 5228
f 5229 5208 5207
f 5229 5230 5208
f 5209 5204 5211
f 5228 5203 5231
f 5231 5203 5210
f 5209 5232 5210
f 5233 5229 5228
f 5230 5229 5234
f 5231 5210 5232
f 5233 5228 5231
f 5209 5235 5232
f 5233 5234 5229
f 5233 5231 5236
f 5232 5237 5231
f 5237 5232 5235
f 5209 5211 5238
f 5238 5211 5212
f 5209 5238 5235
f 5240 5238 5212
f 5240 5212 5213
f 5240 5213 5239
f 5242 5236 5241
f 5234 5233 5236
f 5231 5241 5236
f 5241 5231 5237
f 5230 5234 5244
f 5245 5236 5242
f 5243 5230 5244
f 5245 5234 5236
f 5245 5244 5234
f 5248 5235 5238
f 5248 5238 5240
f 5237 5235 5249
f 5249 5235 5248
f 5250 5249 5248
f 5241 5251 5242
f 5250 5248 5240
f 5250 5240 5252
f 5213 5223 5226
f 5239 5213 5226
f 5253 5254 5239
f 5239 5255 5240
f 5255 5239 5256
f 5257 5240 5255
f 5252 5240 5257
f 5256 5239 5258
f 5254 5258 5239
f 5255 5256 5258
f 5261 5255 5258
f 5254 5261 5258
f 5222 5208 5230
f 4566 5222 4569
f 5243 5222 5230
f 5264 5222 5243
f 5264 4569 5222
f 4571 4570 4569
f 5247 5264 5243
f 4800 4571 4569
f 4800 4569 5264
f 4800 5264 5247
f 5253 5226 5225
f 5226 5223 5225
f 5265 5253 5225
f 5239 5226 5253
f 5253 5265 5254
f 5225 5139 5227
f 5227 5139 5161
f 5161 5162 5227
f 5227 5162 5165
f 5266 5227 5165
f 5225 5227 5265
f 5267 5227 5266
f 5165 5168 5266
f 5268 5168 5169
f 5267 5266 5269
f 5270 5269 5266
f 5266 5168 5268
f 5270 5266 5268
f 5254 5259 5262
f 5259 5272 5262
f 5271 5272 5259
f 5265 5227 5274
f 5265 5274 5275
f 5276 5275 5274
f 5274 5227 5267
f 5276 5274 5278
f 5278 5274 5277
f 5277 5274 5267
f 5254 5265 5275
f 5275 5259 5254
f 5259 5275 5271
f 5271 5275 5279
f 5279 5275 5276
f 5273 5271 5279
f 5280 5278 5277
f 5281 5279 5276
f 5282 5281 5276
f 5273 5279 5281
f 5282 5276 5278
f 5282 5278 5283
f 5278 5280 5283
f 5277 5267 5269
f 5277 5269 5285
f 5286 5269 5287
f 5269 5270 5287
f 5289 5277 5285
f 5280 5277 5289
f 5290 5285 5269
f 5289 5285 5290
f 5284 5283 5280
f 5284 5280 5291
f 5291 5280 5289
f 5291 5289 5292
f 5290 5292 5289
f 5292 5290 5286
f 5290 5269 5286
f 5288 5286 5287
f 5294 5286 5295
f 5295 5286 5288
f 5292 5286 5294
f 5294 5296 5292
f 5296 5294 5295
f 5296 5295 5298
f 5298 5295 5299
f 5295 5297 5299
f 5300 1824 1821
f 5300 1821 1833
f 1831 1833 1822
f 5301 1824 5300
f 1833 5303 5300
f 5302 5303 1833
f 1824 5187 5180
f 1824 5180 1820
f 5187 1824 5301
f 5303 5301 5300
f 5302 1833 1831
f 5304 1831 1832
f 5302 1831 5304
f 1832 5305 5304
f 5305 1832 1834
f 5186 5187 5306
f 5190 5186 5307
f 5307 5186 5306
f 5307 5191 5190
f 5309 5306 5308
f 5311 5303 5302
f 5306 5187 5301
f 5301 5308 5306
f 5311 5308 5303
f 5303 5308 5301
f 5312 5311 5302
f 5312 5302 5304
f 5314 5305 1834
f 5313 5304 5305
f 5314 5313 5305
f 5312 5304 5313
f 5315 5312 5313
f 5308 5311 5310
f 5310 5309 5308
f 5310 5311 5312
f 5316 5313 5314
f 5315 5313 5316
f 1827 1835 1834
f 5318 1834 1835
f 5314 1834 5318
f 5318 1835 5319
f 1829 1835 1828
f 5319 1835 1829
f 5192 5319 1829
f 5314 5320 5321
f 5314 5318 5319
f 5320 5314 5319
f 5316 5314 5321
f 5317 5316 5322
f 5322 5316 5321
f 5320 5319 5192
f 5320 5192 5323
f 5197 5188 5191
f 5324 5197 5191
f 5324 5191 5307
f 5307 5306 5309
f 5307 5309 5325
f 5326 5309 5310
f 5309 5326 5325
f 5326 5310 5327
f 5195 5196 5324
f 5198 5195 5324
f 5196 5197 5324
f 5324 5328 5198
f 5329 5324 5307
f 5329 5307 5325
f 5328 5324 5329
f 5331 5329 5325
f 5331 5325 5326
f 5332 5326 5327
f 5334 5330 5333
f 5312 5333 5310
f 5327 5310 5333
f 5333 5312 5315
f 5335 5333 5315
f 5335 5315 5336
f 5336 5315 5316
f 5336 5316 5337
f 5337 5316 5317
f 5338 5337 5317
f 5333 5330 5327
f 5335 5336 5339
f 5339 5336 5337
f 5334 5333 5335
f 5334 5335 5340
f 5340 5335 5339
f 5170 5198 5328
f 5341 5328 5329
f 5329 5331 5342
f 5341 5329 5342
f 5331 5332 5343
f 5332 5331 5326
f 5342 5331 5343
f 5170 5328 5341
f 5344 5341 5342
f 5332 5327 5330
f 5345 5330 5334
f 5334 5340 5345
f 5342 5343 5346
f 5344 5342 5346
f 5348 5332 5330
f 5348 5330 5345
f 5332 5346 5343
f 5347 5346 5332
f 5347 5332 5348
f 5350 5340 5349
f 5350 5345 5340
f 5351 5340 5339
f 5351 5339 5352
f 5351 5352 5353
f 5349 5340 5351
f 5353 5349 5351
f 5338 5317 5322
f 5322 5321 5355
f 5337 5338 5354
f 5356 5337 5354
f 5354 5338 5322
f 5357 5354 5322
f 5321 5320 5358
f 5355 5321 5358
f 5358 5320 5359
f 5357 5322 5355
f 5360 5355 5358
f 5357 5355 5360
f 5352 5337 5356
f 5339 5337 5352
f 5356 5354 5361
f 5362 5352 5356
f 5353 5352 5363
f 5363 5352 5362
f 5365 5363 5362
f 5366 5354 5357
f 5361 5354 5366
f 5362 5356 5361
f 5366 5357 5360
f 5368 5362 5361
f 5364 5362 5368
f 5361 5366 5369
f 5369 5368 5361
f 5360 5369 5366
f 5369 5360 5367
f 5369 5370 5368
f 5169 5341 5371
f 5268 5169 5371
f 5372 5268 5371
f 5270 5268 5372
f 5372 5371 5373
f 5376 5372 5373
f 5287 5270 5378
f 5378 5270 5372
f 5288 5287 5378
f 5379 5372 5376
f 5378 5372 5379
f 5376 5373 5374
f 5380 5374 5377
f 5377 5374 5375
f 5381 5380 5377
f 5382 5378 5379
f 5374 5383 5376
f 5374 5380 5383
f 5379 5376 5383
f 5297 5295 5288
f 5297 5288 5384
f 5384 5288 5385
f 5288 5378 5386
f 5386 5378 5382
f 5382 5379 5383
f 5288 5386 5385
f 5388 5381 5389
f 5383 5380 5390
f 5381 5390 5380
f 5383 5392 5393
f 5390 5381 5394
f 5392 5383 5390
f 5394 5381 5388
f 5394 5388 5396
f 5396 5388 5391
f 5394 5392 5390
f 5396 5391 5395
f 5387 5382 5383
f 5397 5393 5392
f 5393 5387 5383
f 5398 5397 5392
f 5399 5394 5396
f 5398 5392 5394
f 5400 5394 5399
f 5400 5398 5394
f 5401 5399 5396
f 5402 5396 5395
f 5401 5396 5402
f 5169 5170 5341
f 5371 5341 5344
f 5403 5347 5348
f 5346 5347 5404
f 5345 5405 5348
f 5405 5345 5350
f 5350 5349 5406
f 5373 5344 5407
f 5407 5344 5346
f 5407 5346 5404
f 5403 5404 5347
f 5371 5344 5373
f 5404 5403 5407
f 5375 5407 5403
f 5408 5403 5348
f 5408 5348 5405
f 5410 5409 5349
f 5349 5353 5410
f 5411 5406 5349
f 5411 5349 5409
f 5410 5412 5409
f 5373 5407 5374
f 5375 5403 5413
f 5413 5403 5408
f 5374 5407 5375
f 5413 5408 5414
f 5405 5415 5408
f 5415 5405 5350
f 5416 5415 5350
f 5350 5406 5416
f 5416 5406 5411
f 5377 5375 5413
f 5415 5414 5408
f 5389 5377 5413
f 5389 5413 5414
f 5389 5414 5415
f 5416 5411 5417
f 5417 5418 5416
f 5411 5409 5419
f 5417 5411 5420
f 5419 5409 5412
f 5421 5419 5412
f 5420 5411 5419
f 5420 5419 5422
f 5422 5419 5421
f 5423 5422 5421
f 5365 5353 5363
f 5410 5353 5365
f 5365 5362 5364
f 5410 5365 5425
f 5412 5410 5425
f 5425 5365 5424
f 5370 5364 5368
f 5424 5365 5364
f 5427 5364 5426
f 5426 5364 5370
f 5364 5427 5424
f 5428 5427 5426
f 5429 5412 5425
f 5429 5425 5431
f 5430 5412 5429
f 5421 5412 5430
f 5432 5421 5430
f 5423 5421 5432
f 5425 5424 5428
f 5431 5425 5428
f 5428 5424 5427
f 5431 5428 5433
f 5430 5429 5431
f 5434 5430 5431
f 5381 5377 5389
f 5435 5417 5420
f 5418 5417 5435
f 5435 5420 5422
f 5435 5422 5436
f 5436 5422 5423
f 5436 5423 5437
f 5436 5439 5435
f 5439 5436 5437
f 5440 5437 5438
f 5441 5439 5437
f 5441 5437 5440
f 5443 5389 5415
f 5444 5415 5416
f 5444 5443 5415
f 5445 5444 5416
f 5445 5416 5418
f 5389 5391 5388
f 5391 5389 5443
f 5445 5418 5446
f 5439 5418 5435
f 5446 5418 5439
f 5447 5446 5439
f 5395 5391 5443
f 5395 5443 5444
f 5448 5395 5444
f 5448 5444 5445
f 5450 5449 5445
f 5450 5445 5446
f 5449 5448 5445
f 5402 5395 5448
f 5452 5449 5450
f 5451 5449 5452
f 5447 5439 5441
f 5450 5446 5447
f 5453 5447 5441
f 5441 5442 5453
f 5441 5440 5442
f 5454 5450 5447
f 5454 5447 5453
f 5452 5450 5454
f 5437 5423 5438
f 5432 5438 5423
f 5432 5455 5438
f 5455 5432 5434
f 5440 5438 5456
f 5456 5438 5455
f 5455 5434 5458
f 5457 5456 5455
f 5457 5455 5459
f 5459 5455 5458
f 5433 5434 5431
f 5434 5433 5461
f 5432 5430 5434
f 5458 5434 5461
f 5460 5458 5462
f 5461 5462 5458
f 5463 5461 5433
f 5462 5461 5463
f 5457 5440 5456
f 5464 5440 5457
f 5459 5458 5460
f 5465 5457 5459
f 5465 5459 5460
f 5440 5464 5442
f 5464 5457 5465
f 5466 5465 5460
f 5466 5460 5467
f 5460 5462 5467
f 5462 5463 5467
f 5467 5463 5469
f 5466 5467 5468
f 5468 5467 5470
f 5470 5467 5469
f 5471 5469 5472
f 5465 5442 5464
f 1830 1913 5475
f 1830 5475 5474
f 5475 1913 5476
f 5478 5474 5475
f 5478 5475 5477
f 5477 5475 5479
f 5479 5475 5476
f 5480 5477 5479
f 5478 5477 5481
f 5482 5477 5480
f 5481 5477 5482
f 5482 5483 5481
f 5476 1913 1917
f 5479 5476 1917
f 5479 1917 5484
f 5484 1917 5485
f 1919 1915 1920
f 5486 1918 1919
f 5486 1917 1918
f 5485 1917 5486
f 5487 1919 1920
f 5486 1919 5487
f 5479 5484 5480
f 5482 5480 5484
f 5482 5484 5488
f 5484 5485 5488
f 5488 5485 5489
f 5483 5482 5490
f 5490 5482 5491
f 5492 5488 5489
f 5493 5492 5489
f 5482 5488 5492
f 5489 5485 5486
f 5486 5493 5489
f 5493 5486 5494
f 5494 5486 5487
f 5495 5493 5494
f 5497 5495 5494
f 5496 5497 5494
f 5490 5491 5498
f 5491 5482 5492
f 5498 5491 5492
f 5498 5492 5499
f 5498 5499 5500
f 5492 5493 5495
f 5499 5492 5495
f 5499 5495 5497
f 5502 5499 5497
f 5503 5502 5497
f 5499 5504 5500
f 5502 5504 5499
f 5504 5502 5503
f 5504 5501 5500
f 5506 5501 5507
f 5507 5501 5504
f 5508 5504 5503
f 5508 5507 5504
f 5508 5503 5505
f 5507 5508 5509
f 5487 1920 1940
f 5510 1940 1942
f 5511 5496 5487
f 1940 5510 5487
f 5496 5494 5487
f 5513 5496 5511
f 5497 5496 5513
f 5511 5487 5512
f 5512 5510 1942
f 5487 5510 5512
f 5515 5511 5512
f 5514 5515 5512
f 4312 5516 1942
f 4312 1942 1943
f 5516 5512 1942
f 5514 5512 5516
f 5517 5516 4312
f 5519 5497 5513
f 5503 5497 5519
f 5503 5519 5520
f 5521 5519 5513
f 5519 5521 5520
f 5522 5521 5513
f 5505 5503 5520
f 5520 5521 5523
f 5523 5521 5522
f 5511 5515 5513
f 5522 5513 5515
f 5524 5522 5515
f 5525 5515 5514
f 5524 5515 5525
f 5526 5522 5524
f 5526 5524 5527
f 5527 5524 5525
f 5527 5525 5528
f 5508 5505 5529
f 5529 5505 5530
f 5530 5520 5523
f 5530 5505 5520
f 5530 5523 5531
f 5509 5508 5529
f 5509 5529 5532
f 5529 5530 5531
f 5532 5529 5531
f 5526 5523 5522
f 5531 5523 5526
f 5533 5526 5527
f 5533 5527 5534
f 5535 5526 5533
f 5535 5531 5526
f 5532 5531 5535
f 5536 5533 5534
f 5514 5516 5537
f 5537 5538 5514
f 5538 5537 5539
f 5525 5514 5528
f 5538 5528 5514
f 5540 5528 5538
f 5517 5537 5516
f 5537 5517 5539
f 5518 5539 5517
f 5527 5528 5540
f 5534 5527 5540
f 5542 5540 5538
f 5542 5534 5540
f 5542 5538 5541
f 5544 5541 5545
f 5543 5542 5541
f 5543 5541 5544
f 5541 5538 5539
f 5545 5541 5539
f 5547 5539 5518
f 5545 5539 5548
f 5548 5539 5547
f 5549 5546 5545
f 5549 5545 5548
f 5550 5549 5548
f 5546 5544 5545
f 5551 5507 5509
f 5551 5509 5532
f 5551 5532 5552
f 5554 5532 5553
f 5532 5554 5552
f 5532 5535 5553
f 5553 5535 5533
f 5553 5533 5536
f 5553 5536 5556
f 5554 5553 5556
f 5557 5552 5554
f 5557 5554 5556
f 5559 5555 5560
f 5555 5552 5557
f 5555 5557 5560
f 5558 5557 5556
f 5557 5558 5562
f 5563 5560 5557
f 5559 5560 5564
f 5564 5560 5565
f 5562 5563 5557
f 5560 5563 5565
f 5536 5534 5542
f 5543 5536 5542
f 5566 5536 5543
f 5567 5544 5546
f 5543 5544 5567
f 5556 5536 5566
f 5569 5566 5543
f 5558 5556 5566
f 5569 5543 5567
f 5569 5567 5570
f 5571 5549 5550
f 5571 5550 5573
f 5573 5550 5572
f 5567 5546 5571
f 5571 5546 5549
f 5570 5567 5571
f 5571 5574 5570
f 5574 5571 5573
f 5575 5574 5573
f 5576 5575 5573
f 5558 5566 5568
f 5562 5558 5568
f 5578 5569 5570
f 5578 5570 5579
f 5578 5566 5569
f 5568 5566 5578
f 5563 5562 5580
f 5581 5580 5562
f 5568 5578 5581
f 5562 5568 5581
f 5579 5570 5574
f 5579 5574 5575
f 5575 5576 5583
f 5576 5573 5577
f 5581 5578 5579
f 5579 5582 5581
f 5575 5583 5579
f 5582 5579 5583
f 5582 5583 5584
f 5561 5559 5564
f 5565 5563 5586
f 5564 5565 5586
f 5561 5564 5587
f 5589 5588 5561
f 5586 5563 5580
f 5564 5586 5587
f 5580 5581 5591
f 5582 5591 5581
f 5592 5580 5591
f 5586 5580 5592
f 5589 5561 5587
f 5587 5586 5593
f 5589 5587 5594
f 5594 5587 5593
f 5586 5592 5593
f 5596 5591 5582
f 5584 5597 5582
f 5596 5582 5597
f 5595 5591 5596
f 5592 5591 5595
f 5593 5592 5598
f 5592 5595 5598
f 5600 5589 5594
f 5590 5589 5601
f 5601 5589 5600
f 5601 5602 5590
f 5604 5603 5602
f 5602 5601 5600
f 5605 5602 5600
f 5604 5602 5605
f 5593 5598 5599
f 5594 5593 5599
f 5600 5594 5599
f 5600 5599 5606
f 5598 5607 5599
f 5599 5608 5606
f 5608 5599 5607
f 5605 5600 5606
f 5606 5608 5609
f 5192 1830 5474
f 5474 5323 5192
f 5610 5474 5478
f 5610 5478 5481
f 5610 5481 5483
f 5359 5320 5323
f 5323 5474 5359
f 5611 5474 5610
f 5359 5474 5611
f 5612 5359 5611
f 5358 5359 5613
f 5360 5358 5613
f 5613 5359 5612
f 5614 5612 5611
f 5614 5613 5612
f 5615 5611 5610
f 5615 5610 5616
f 5616 5610 5483
f 5616 5483 5490
f 5614 5611 5615
f 5617 5616 5490
f 5617 5490 5618
f 5615 5616 5617
f 5619 5360 5613
f 5619 5367 5360
f 5614 5620 5613
f 5619 5613 5620
f 5619 5620 5621
f 5369 5367 5622
f 5367 5619 5622
f 5619 5621 5622
f 5624 5620 5614
f 5624 5614 5625
f 5614 5615 5626
f 5626 5615 5617
f 5625 5614 5626
f 5620 5624 5621
f 5623 5621 5624
f 5623 5624 5627
f 5628 5625 5626
f 5628 5624 5625
f 5618 5490 5498
f 5617 5618 5629
f 5629 5618 5498
f 5626 5617 5629
f 5629 5498 5501
f 5501 5498 5500
f 5506 5629 5501
f 5630 5626 5629
f 5630 5629 5506
f 5631 5626 5630
f 5628 5626 5631
f 5631 5630 5506
f 5631 5506 5633
f 5507 5633 5506
f 5370 5369 5622
f 5622 5621 5623
f 5634 5622 5623
f 5635 5426 5370
f 5635 5370 5622
f 5635 5622 5634
f 5635 5634 5623
f 5426 5635 5636
f 5636 5635 5637
f 5638 5623 5627
f 5639 5624 5628
f 5639 5627 5624
f 5637 5635 5623
f 5637 5623 5638
f 5637 5638 5640
f 5640 5638 5639
f 5644 5426 5636
f 5428 5426 5644
f 5642 5644 5636
f 5644 5433 5428
f 5641 5637 5640
f 5636 5645 5642
f 5643 5642 5645
f 5636 5637 5646
f 5646 5637 5641
f 5645 5636 5646
f 5646 5647 5645
f 5648 5628 5631
f 5639 5628 5648
f 5631 5632 5648
f 5648 5632 5649
f 5638 5627 5639
f 5640 5639 5651
f 5651 5639 5650
f 5649 5639 5648
f 5650 5639 5649
f 5633 5632 5631
f 5632 5633 5551
f 5633 5507 5551
f 5652 5632 5551
f 5649 5632 5652
f 5649 5652 5653
f 5641 5640 5651
f 5650 5654 5651
f 5655 5646 5641
f 5646 5655 5656
f 5641 5651 5654
f 5655 5641 5654
f 5654 5650 5657
f 5650 5649 5653
f 5657 5650 5653
f 5653 5652 5555
f 5658 5653 5555
f 5660 5654 5657
f 5655 5654 5660
f 5655 5660 5661
f 5657 5653 5659
f 5659 5660 5657
f 5661 5660 5659
f 5433 5644 5662
f 5662 5644 5642
f 5662 5642 5643
f 5643 5663 5662
f 5463 5433 5664
f 5433 5662 5664
f 5664 5662 5665
f 5666 5645 5647
f 5663 5643 5645
f 5665 5662 5663
f 5666 5663 5645
f 5472 5463 5664
f 5668 5664 5665
f 5668 5665 5667
f 5469 5463 5472
f 5669 5472 5670
f 5472 5664 5668
f 5668 5670 5472
f 5665 5663 5667
f 5667 5663 5666
f 5667 5666 5672
f 5671 5668 5667
f 5673 5671 5667
f 5674 5667 5672
f 5674 5673 5667
f 5647 5646 5656
f 5675 5656 5655
f 5675 5676 5656
f 5666 5647 5656
f 5666 5656 5676
f 5675 5655 5661
f 5677 5675 5661
f 5677 5661 5678
f 5679 5676 5675
f 5680 5675 5677
f 5677 5678 5681
f 5666 5676 5679
f 5682 5666 5679
f 5682 5683 5672
f 5683 5682 5684
f 5672 5666 5682
f 5674 5672 5683
f 5679 5675 5680
f 5684 5682 5679
f 5684 5679 5686
f 5684 5686 5687
f 5679 5680 5686
f 5555 5652 5551
f 5551 5552 5555
f 5659 5653 5658
f 5659 5658 5688
f 5658 5555 5559
f 5688 5658 5559
f 5688 5559 5561
f 5678 5661 5659
f 5678 5659 5585
f 5659 5688 5585
f 5561 5585 5688
f 5681 5680 5677
f 5678 5585 5689
f 5689 5585 5588
f 5678 5689 5681
f 5588 5585 5561
f 5689 5588 5690
f 5680 5681 5691
f 5681 5689 5692
f 5691 5681 5692
f 5693 5680 5691
f 5686 5680 5693
f 5693 5691 5692
f 5693 5692 5694
f 5692 5689 5690
f 5695 5692 5690
f 5695 5690 5590
f 5590 5690 5588
f 5588 5589 5590
f 5695 5603 5692
f 5692 5603 5694
f 5602 5695 5590
f 5603 5695 5602
f 5245 5696 5244
f 5697 5244 5696
f 5244 5697 5246
f 5246 5243 5244
f 5698 5243 5246
f 5243 5698 5247
f 5701 5242 5251
f 5242 5701 5245
f 5251 5241 5237
f 5696 5245 5701
f 5249 5700 5237
f 5700 5251 5237
f 5702 5701 5251
f 5700 5703 5251
f 5702 5251 5703
f 5250 5704 5249
f 5705 5700 5249
f 5696 5701 5702
f 5702 5706 5696
f 5696 5707 5697
f 5702 5703 5708
f 5706 5702 5708
f 5707 5696 5706
f 5705 5249 5709
f 5709 5249 5704
f 5703 5700 5705
f 5709 5704 5710
f 5703 5711 5712
f 5711 5703 5705
f 5705 5709 5711
f 5713 5706 5708
f 5712 5716 5708
f 5714 5707 5713
f 5716 5712 5711
f 5703 5712 5708
f 5717 5246 5697
f 5717 5698 5246
f 5697 5707 5717
f 5699 5698 5717
f 5707 5706 5713
f 5707 5714 5717
f 5718 5717 5714
f 5699 5717 5720
f 5704 5250 5721
f 5721 5250 5252
f 5721 5252 5722
f 5252 5257 5722
f 5723 5704 5721
f 5724 5721 5725
f 5725 5721 5722
f 5723 5721 5724
f 5710 5704 5723
f 5724 5725 5726
f 5727 5725 5722
f 5726 5725 5727
f 5257 5255 5260
f 5263 5260 5255
f 5263 5255 5261
f 5260 5722 5257
f 5729 5261 5728
f 5263 5261 5729
f 5263 5722 5260
f 5727 5722 5263
f 5263 5730 5727
f 5730 5263 5731
f 5729 5731 5263
f 5711 5709 5733
f 5733 5709 5710
f 5715 5711 5733
f 5734 5733 5710
f 5734 5710 5732
f 5735 5734 5732
f 5735 5726 5736
f 5710 5723 5732
f 5732 5723 5724
f 5732 5724 5726
f 5735 5732 5726
f 5726 5727 5739
f 5730 5739 5727
f 5731 5741 5730
f 5740 5739 5730
f 5736 5726 5739
f 5736 5739 5740
f 5740 5742 5736
f 5742 5740 5741
f 5740 5730 5741
f 5742 5741 5743
f 5699 5247 5698
f 5744 5247 5699
f 4800 5247 5744
f 4571 4800 4572
f 4801 4800 5744
f 5720 5744 5699
f 5745 5744 5720
f 5745 4801 5744
f 5716 5711 5715
f 5708 5716 5713
f 5713 5746 5714
f 5746 5713 5716
f 5747 5716 5715
f 5716 5747 5748
f 5748 5746 5716
f 5746 5748 5749
f 5749 5714 5746
f 5718 5714 5749
f 5750 5718 5749
f 5718 5719 5717
f 5719 5752 5717
f 5718 5752 5719
f 5718 5751 5752
f 5717 5752 5753
f 5752 5754 5753
f 5718 5750 5751
f 5754 5752 5751
f 5749 5748 5755
f 5757 5749 5755
f 5757 5750 5749
f 5756 5751 5750
f 5758 5756 5750
f 5758 5750 5757
f 5756 5754 5751
f 5759 5754 5756
f 5760 5754 5759
f 5762 5715 5733
f 5762 5733 5761
f 5761 5733 5734
f 5735 5737 5734
f 5764 5747 5715
f 5764 5715 5763
f 5762 5765 5715
f 5763 5715 5765
f 5765 5762 5766
f 5761 5734 5767
f 5767 5734 5737
f 5762 5761 5768
f 5768 5761 5767
f 5737 5735 5736
f 5738 5737 5736
f 5738 5736 5742
f 5738 5742 5769
f 5769 5742 5743
f 5767 5737 5738
f 5768 5767 5770
f 5770 5767 5738
f 5747 5772 5755
f 5768 5773 5762
f 5773 5766 5762
f 5755 5748 5747
f 5772 5747 5764
f 5764 5763 5774
f 5774 5763 5765
f 5775 5774 5765
f 5775 5765 5766
f 5766 5773 5775
f 5770 5773 5768
f 5770 5738 5769
f 5777 5770 5769
f 5773 5770 5777
f 5769 5781 5777
f 5781 5769 5778
f 5717 5753 5720
f 5782 5720 5753
f 5782 5753 5783
f 5745 5720 5784
f 5784 5720 5782
f 5754 5783 5753
f 5785 5782 5783
f 5760 5783 5754
f 5783 5760 5786
f 5782 5785 5784
f 5786 5785 5783
f 5261 5254 5262
f 5728 5261 5262
f 5273 5272 5271
f 5728 5262 5272
f 5788 5728 5272
f 5272 5273 5789
f 5729 5728 5788
f 5731 5729 5791
f 5791 5729 5788
f 5789 5788 5272
f 5792 5788 5789
f 5793 5788 5792
f 5790 5789 5794
f 5792 5789 5790
f 5790 5794 5796
f 5790 5796 5797
f 5731 5791 5799
f 5799 5741 5731
f 5791 5793 5800
f 5791 5788 5793
f 5801 5799 5791
f 5741 5799 5743
f 5801 5743 5799
f 5801 5791 5800
f 5801 5800 5802
f 5802 5800 5803
f 5803 5800 5793
f 5804 5790 5795
f 5790 5804 5792
f 5793 5792 5804
f 5804 5795 5805
f 5795 5790 5797
f 5805 5795 5797
f 5805 5797 5807
f 5807 5797 5806
f 5803 5804 5808
f 5803 5793 5804
f 5808 5804 5805
f 5797 5796 5798
f 5806 5797 5798
f 5809 5806 5798
f 5810 5809 5798
f 5812 5810 5811
f 5812 5811 5813
f 5813 5811 5814
f 5807 5806 5809
f 5815 5807 5809
f 5816 5807 5815
f 5817 5810 5812
f 5809 5810 5817
f 5817 5815 5809
f 5817 5812 5813
f 5814 5819 5813
f 5819 5814 5818
f 5789 5273 5281
f 5794 5281 5282
f 5789 5281 5794
f 5796 5794 5282
f 5796 5282 5798
f 5798 5282 5283
f 5798 5283 5821
f 5821 5283 5284
f 5821 5284 5822
f 5284 5291 5822
f 5822 5291 5292
f 5811 5798 5821
f 5823 5822 5293
f 5824 5821 5822
f 5811 5821 5824
f 5824 5822 5823
f 5293 5822 5292
f 5293 5292 5296
f 5293 5296 5298
f 5298 5299 5826
f 5826 5299 5825
f 5823 5293 5827
f 5827 5293 5298
f 5827 5298 5828
f 5828 5298 5826
f 5811 5810 5798
f 5814 5823 5830
f 5830 5823 5827
f 5824 5823 5814
f 5814 5811 5824
f 5827 5828 5831
f 5827 5831 5830
f 5831 5828 5829
f 5831 5814 5830
f 5832 5831 5829
f 5832 5829 5833
f 5820 5814 5831
f 5814 5820 5818
f 5831 5832 5820
f 5771 5769 5743
f 5769 5771 5776
f 5771 5743 5836
f 5836 5743 5801
f 5837 5801 5802
f 5837 5836 5801
f 5776 5771 5836
f 5776 5836 5835
f 5835 5836 5837
f 5802 5803 5808
f 5802 5808 5838
f 5839 5802 5838
f 5837 5802 5839
f 5838 5808 5840
f 5840 5808 5841
f 5840 5841 5842
f 5808 5805 5841
f 5841 5805 5807
f 5835 5837 5839
f 5840 5839 5838
f 5839 5840 5843
f 5769 5776 5778
f 5778 5776 5835
f 5778 5835 5844
f 5844 5781 5778
f 5835 5845 5844
f 5843 5845 5835
f 5839 5843 5835
f 5842 5841 5816
f 5816 5841 5807
f 5815 5846 5816
f 5815 5817 5847
f 5846 5815 5847
f 5842 5816 5846
f 5840 5842 5848
f 5848 5842 5846
f 5848 5846 5849
f 5846 5847 5849
f 5817 5813 5819
f 5847 5817 5819
f 5819 5818 5850
f 5850 5818 5820
f 5847 5819 5849
f 5849 5819 5850
f 5849 5850 5852
f 5840 5848 5843
f 5848 5849 5851
f 5843 5848 5845
f 5848 5853 5845
f 5851 5849 5852
f 5854 5851 5852
f 5854 5852 5855
f 5851 5853 5848
f 5854 5853 5851
f 5856 5854 5855
f 5834 5820 5832
f 4800 4610 4572
f 4610 4800 4801
f 5745 5857 4801
f 5857 4803 4801
f 5857 5745 5784
f 4811 4803 5857
f 5787 5784 5785
f 5857 5784 5787
f 4814 4811 5857
f 5858 5760 5759
f 5860 5858 5859
f 5861 5772 5764
f 5862 5772 5861
f 5862 5755 5772
f 5862 5757 5755
f 5862 5758 5757
f 5861 5764 5774
f 5863 5775 5773
f 5775 5037 5774
f 5037 5861 5774
f 5775 5038 5037
f 5038 5775 5863
f 5864 5756 5758
f 5759 5756 5864
f 5861 5039 5862
f 5865 5758 5862
f 5865 5864 5758
f 5866 5862 5039
f 5865 5862 5866
f 5039 5861 5037
f 5864 5865 5867
f 5868 5864 5867
f 5868 5859 5864
f 5863 5773 5779
f 5779 5773 5777
f 5780 5779 5777
f 5780 5777 5869
f 5781 5869 5777
f 5038 5863 5779
f 5048 5038 5779
f 5049 5779 5780
f 5049 5048 5779
f 5049 5780 5869
f 5859 5759 5864
f 5858 5759 5859
f 5039 5042 5866
f 5046 5865 5866
f 5042 5039 5040
f 5867 5865 5870
f 5870 5868 5867
f 5865 5046 5870
f 5866 5042 5043
f 5046 5866 5043
f 5055 5870 5046
f 5868 5870 5871
f 5049 5869 5053
f 5872 5859 5868
f 5873 5860 5859
f 5873 5859 5872
f 5786 5760 5858
f 5858 5874 5786
f 5875 5786 5874
f 5875 5785 5786
f 5860 5873 5876
f 5860 5874 5858
f 5874 5860 5876
f 5874 5876 5877
f 5870 5055 5871
f 5871 5872 5868
f 5871 5055 5059
f 5871 5879 5878
f 5878 5872 5871
f 5873 5872 5878
f 5077 5871 5059
f 5068 5077 5059
f 5879 5871 5077
f 5881 5879 5077
f 5879 5881 5880
f 5880 5878 5879
f 5878 5880 5882
f 5873 5883 5876
f 5876 5885 5877
f 5886 5884 5876
f 5886 5876 5883
f 5887 5884 5886
f 5887 5886 5888
f 5873 5878 5883
f 5883 5878 5889
f 5878 5882 5890
f 5878 5890 5889
f 5889 5886 5883
f 5889 5888 5886
f 5891 5869 5781
f 5053 5869 5891
f 5891 5781 5844
f 5080 5891 5844
f 5892 5844 5845
f 5053 5891 5078
f 5078 5891 5080
f 5080 5844 5892
f 5078 5080 5892
f 5893 5892 5845
f 5856 5893 5845
f 5856 5845 5853
f 5854 5856 5853
f 5896 5892 5893
f 5894 5893 5856
f 5897 5893 5894
f 5896 5893 5897
f 5078 5892 5083
f 5083 5892 5896
f 5083 5896 5899
f 5900 5896 5897
f 5900 5897 5898
f 5899 5896 5900
f 5901 5899 5900
f 5086 5083 5899
f 5901 5087 5899
f 5087 5086 5899
f 5787 5785 5875
f 5902 5787 5875
f 5857 4815 4814
f 5857 5787 4815
f 4815 5787 5902
f 5877 5875 5874
f 5877 5903 5875
f 5903 5902 5875
f 5905 4815 5902
f 5905 4873 4815
f 5906 5902 5904
f 5905 5902 5906
f 5907 4873 5905
f 4873 5907 4878
f 5885 5903 5877
f 5908 5903 5885
f 5884 5885 5876
f 5909 5885 5884
f 5909 5908 5885
f 5904 5902 5903
f 5903 5908 5904
f 5909 5910 5908
f 5909 5884 5887
f 5911 5912 5887
f 5913 5910 5909
f 5912 5913 5909
f 5909 5887 5912
f 5914 5913 5912
f 5906 5904 5915
f 5916 5906 5915
f 5904 5910 5915
f 5910 5904 5908
f 5906 5907 5905
f 5906 5917 5907
f 5906 5916 5917
f 5918 5917 5916
f 5920 5917 5918
f 5915 5921 5919
f 5921 5915 5922
f 5910 5913 5922
f 5923 5922 5913
f 5922 5915 5910
f 5913 5914 5923
f 5923 5924 5922
f 5924 5923 5925
f 5916 5915 5919
f 5916 5919 5918
f 5919 5921 5926
f 5926 5927 5919
f 5927 5920 5918
f 5927 5918 5919
f 5921 5928 5926
f 5928 5921 5922
f 5929 5927 5926
f 5930 5929 5926
f 5299 5297 5384
f 5825 5299 5384
f 5931 5384 5385
f 5933 5826 5825
f 5933 5825 5934
f 5825 5384 5934
f 5828 5826 5933
f 5931 5934 5384
f 5933 5934 5935
f 5934 5931 5935
f 5935 5931 5932
f 5932 5385 5386
f 5931 5385 5932
f 5932 5386 5936
f 5935 5932 5938
f 5939 5938 5932
f 5939 5932 5936
f 5386 5382 5937
f 5937 5382 5387
f 5386 5937 5936
f 5829 5828 5933
f 5829 5933 5940
f 5941 5829 5940
f 5940 5933 5942
f 5935 5942 5933
f 5943 5833 5829
f 5943 5829 5941
f 5832 5833 5944
f 5941 5945 5943
f 5944 5833 5943
f 5944 5943 5945
f 5940 5942 5946
f 5941 5940 5946
f 5947 5941 5946
f 5942 5935 5938
f 5942 5938 5939
f 5948 5942 5939
f 5939 5936 5949
f 5946 5942 5948
f 5948 5947 5946
f 5948 5939 5951
f 5951 5939 5949
f 5950 5948 5951
f 5952 5937 5387
f 5393 5952 5387
f 5952 5393 5953
f 5953 5393 5397
f 5954 5953 5397
f 5954 5397 5398
f 5955 5954 5398
f 5400 5955 5398
f 5956 5955 5400
f 5399 5401 5400
f 5956 5400 5401
f 5402 5958 5401
f 5401 5958 5956
f 5958 5402 5957
f 5949 5936 5937
f 5949 5937 5952
f 5960 5949 5952
f 5961 5952 5953
f 5963 5952 5961
f 5953 5959 5961
f 5964 5954 5955
f 5953 5954 5964
f 5959 5953 5964
f 5958 5957 5965
f 5959 5964 5962
f 5964 5955 5966
f 5967 5955 5956
f 5966 5955 5967
f 5968 5956 5958
f 5962 5964 5966
f 5956 5969 5967
f 5958 5970 5968
f 5969 5956 5968
f 5970 5958 5965
f 5970 5965 5971
f 5971 5965 5972
f 5850 5820 5834
f 5973 5850 5834
f 5973 5852 5850
f 5973 5855 5852
f 5855 5973 5974
f 5974 5973 5975
f 5976 5895 5974
f 5974 5975 5977
f 5977 5975 5978
f 5976 5974 5977
f 5977 5979 5976
f 5834 5832 5944
f 5973 5834 5944
f 5947 5945 5941
f 5973 5944 5945
f 5973 5945 5980
f 5980 5945 5947
f 5980 5975 5973
f 5950 5947 5948
f 5947 5950 5981
f 5980 5947 5981
f 5981 5950 5951
f 5978 5981 5951
f 5980 5981 5978
f 5975 5980 5978
f 5978 5951 5949
f 5978 5949 5982
f 5960 5982 5949
f 5960 5952 5963
f 5979 5977 5978
f 5979 5978 5982
f 5963 5982 5960
f 5962 5961 5959
f 5984 5962 5983
f 5985 5961 5962
f 5962 5984 5985
f 5983 5966 5986
f 5986 5966 5967
f 5967 5987 5986
f 5985 5963 5961
f 5988 5985 5984
f 5988 5984 5986
f 5983 5986 5984
f 5966 5983 5962
f 5969 5968 5970
f 5970 5971 5989
f 5990 5971 5972
f 5987 5967 5969
f 5969 5991 5987
f 5991 5969 5970
f 5991 5970 5989
f 5992 5991 5989
f 5991 5992 5993
f 5994 5971 5990
f 5992 5989 5994
f 5989 5971 5994
f 5982 5995 5979
f 5976 5979 5996
f 5996 5979 5997
f 5995 5982 5963
f 5998 5985 5988
f 5999 5986 5987
f 6000 5987 5991
f 5997 5979 5995
f 5995 5963 5985
f 5995 5985 5998
f 6001 5998 5988
f 6001 5988 6002
f 5986 6002 5988
f 5999 6002 5986
f 5987 6000 5999
f 5993 5992 6003
f 6004 5993 6003
f 6000 5991 5993
f 6003 5992 5994
f 6003 5994 6005
f 6006 6003 6005
f 6007 6003 6006
f 5451 5402 5448
f 5451 5448 5449
f 5957 5402 5451
f 6009 5957 5451
f 5452 6010 5451
f 6009 5451 6010
f 6010 5452 6008
f 6011 6010 6008
f 6012 6011 6008
f 5454 5453 6013
f 6008 5452 5454
f 6008 5454 6013
f 6013 5453 5442
f 5442 5473 6013
f 6013 6012 6008
f 6014 6015 5473
f 6016 5473 6015
f 6016 6013 5473
f 5965 5957 6009
f 6018 5965 6009
f 6018 6009 6019
f 6019 6010 6011
f 6019 6009 6010
f 6020 6019 6011
f 6020 6011 6012
f 5972 5965 6018
f 5972 6018 6019
f 6021 6019 6020
f 6022 6012 6013
f 6022 6013 6016
f 6017 6016 6015
f 6020 6012 6022
f 6021 6020 6022
f 6022 6016 6017
f 6022 6017 6023
f 6023 6017 6024
f 5465 5466 6025
f 5466 5468 6026
f 6026 5468 6027
f 5470 5471 5468
f 6027 5468 5471
f 5469 5471 5470
f 6027 5471 6029
f 6030 6027 6029
f 6029 5471 6028
f 6029 6028 6032
f 6032 6030 6029
f 6025 5442 5465
f 5473 5442 6025
f 6014 5473 6025
f 6035 6025 5466
f 6035 5466 6026
f 6036 6014 6025
f 6017 6015 6014
f 6017 6014 6036
f 6025 6035 6036
f 6038 6026 6027
f 6038 6027 6030
f 6037 6036 6035
f 6026 6037 6035
f 6024 6017 6036
f 6024 6036 6037
f 6040 6024 6037
f 6037 6026 6039
f 6042 6038 6030
f 6039 6026 6038
f 6043 6039 6038
f 6043 6038 6042
f 6042 6030 6032
f 6041 6039 6043
f 6041 6043 6044
f 6044 6043 6042
f 6042 6032 6034
f 6045 6044 6042
f 6045 6042 6034
f 5972 6019 6046
f 6019 6021 6046
f 6047 6046 6021
f 6046 6047 6049
f 6049 6047 6048
f 5990 5972 6046
f 6050 5990 6046
f 5994 5990 6051
f 6051 5990 6050
f 6050 6046 6049
f 6047 6021 6048
f 6021 6022 6048
f 6048 6022 6023
f 6052 6023 6024
f 6049 6048 6053
f 6052 6048 6023
f 6054 6053 6048
f 6054 6048 6052
f 6005 5994 6051
f 6056 6051 6050
f 6005 6051 6055
f 6006 6005 6055
f 6050 6049 6058
f 6058 6049 6053
f 6059 6058 6053
f 6053 6054 6059
f 6056 6058 6059
f 6059 6054 6060
f 6056 6059 6061
f 6062 6056 6061
f 6056 6050 6058
f 6057 6051 6056
f 6057 6056 6062
f 6040 6052 6024
f 6063 6040 6037
f 6063 6037 6039
f 6063 6039 6041
f 6063 6065 6040
f 6060 6052 6040
f 6054 6052 6060
f 6065 6063 6041
f 6064 6065 6041
f 6060 6040 6065
f 6066 6065 6064
f 6044 6064 6041
f 6064 6044 6045
f 6067 6064 6045
f 6067 6045 6034
f 6067 6034 6068
f 6066 6064 6067
f 6066 6067 6069
f 6069 6067 6068
f 6069 6068 6070
f 6061 6059 6071
f 6071 6059 6060
f 6071 6060 6065
f 6071 6065 6066
f 6066 6072 6071
f 6061 6071 6062
f 6062 6071 6073
f 6073 6071 6072
f 6066 6069 6074
f 6075 6069 6070
f 6074 6069 6075
f 6077 6075 6076
f 6072 6066 6074
f 6074 6075 6078
f 6077 6078 6075
f 6072 6074 6078
f 5855 5895 5856
f 5974 5895 5855
f 5894 5856 5895
f 5895 6080 5894
f 5895 5976 6081
f 5898 5894 6080
f 5894 5898 5897
f 6080 5895 6081
f 6082 6080 6081
f 6083 5996 5997
f 6084 6081 5996
f 5976 5996 6081
f 6082 6081 6084
f 5996 6083 6088
f 6084 5996 6088
f 6088 6083 6085
f 6085 6086 6089
f 6089 6086 6087
f 5997 5995 6083
f 5995 5998 6083
f 6002 6090 6001
f 6090 6002 6091
f 6091 6002 5999
f 6092 6000 5993
f 6093 5999 6000
f 6091 5999 6093
f 6000 6094 6093
f 6094 6000 6092
f 6083 5998 6086
f 6095 5998 6001
f 6095 6001 6090
f 6096 6091 6093
f 6086 6085 6083
f 6095 6086 5998
f 6097 6095 6090
f 6096 6090 6091
f 6092 5993 6004
f 6004 6098 6092
f 6007 6004 6003
f 6098 6004 6007
f 6099 6098 6007
f 6097 6086 6095
f 6087 6086 6097
f 6100 6092 6098
f 6102 6098 6099
f 6102 6101 6098
f 5898 6080 6103
f 5900 5898 6104
f 6104 5898 6103
f 6105 5901 6104
f 5901 5900 6104
f 6106 6080 6082
f 6103 6080 6106
f 6104 6103 6106
f 6108 6104 6107
f 6107 6104 6106
f 6082 6107 6106
f 5087 5901 6109
f 6109 5901 6105
f 6109 6105 6110
f 6105 6104 6108
f 6111 6105 6108
f 6110 6105 6111
f 6110 6111 6112
f 6108 6107 6115
f 6107 6082 6115
f 6114 6082 6084
f 6114 6115 6082
f 6084 6116 6114
f 6116 6084 6088
f 6116 6088 6085
f 6108 6115 6113
f 6113 6115 6118
f 6113 6111 6108
f 6119 6113 6120
f 6118 6115 6114
f 6120 6113 6118
f 6118 6121 6120
f 6122 6121 6118
f 6121 6122 6123
f 6118 6114 6116
f 6118 6116 6122
f 6122 6116 6117
f 6123 6122 6124
f 6126 6097 6090
f 6126 6090 6125
f 6125 6090 6096
f 6093 6127 6096
f 6127 6093 6094
f 6100 6094 6092
f 6127 6094 6100
f 6126 6087 6097
f 6087 6126 6125
f 6096 6127 6125
f 6125 6127 6128
f 6129 6100 6101
f 6098 6101 6100
f 6089 6087 6130
f 6131 6087 6125
f 6131 6130 6087
f 6085 6089 6132
f 6133 6125 6128
f 6133 6131 6125
f 6117 6116 6132
f 6116 6085 6132
f 6089 6130 6132
f 6134 6130 6131
f 6133 6128 6135
f 6132 6130 6134
f 6133 6134 6131
f 6136 6135 6128
f 6137 6117 6132
f 6117 6124 6122
f 6137 6124 6117
f 6139 6132 6138
f 6137 6132 6139
f 6140 6139 6138
f 6138 6132 6134
f 6138 6134 6141
f 6141 6134 6133
f 6141 6133 6135
f 6136 6142 6135
f 6143 6135 6142
f 6139 6124 6137
f 6124 6139 6140
f 6144 6123 6124
f 6144 6124 6145
f 6145 6146 6144
f 6145 6124 6140
f 6140 6138 6141
f 6143 6141 6135
f 6147 6140 6141
f 6147 6141 6143
f 6148 6143 6149
f 6140 6150 6145
f 6146 6145 6150
f 6140 6147 6150
f 6148 6147 6143
f 6150 6147 6152
f 6152 6147 6148
f 6127 6154 6128
f 6100 6155 6127
f 6154 6127 6155
f 6136 6128 6154
f 6155 6100 6129
f 6156 6155 6129
f 6129 6101 6157
f 6101 6102 6157
f 6158 6129 6157
f 6160 6136 6154
f 6160 6154 6155
f 6160 6155 6156
f 6142 6136 6160
f 6142 6160 6161
f 6160 6156 6162
f 6163 6160 6162
f 6161 6160 6163
f 6149 6143 6142
f 6149 6142 6161
f 6153 6148 6149
f 6153 6149 6165
f 6153 6165 6166
f 6163 6167 6161
f 6149 6161 6167
f 6165 6149 6167
f 6169 6167 6163
f 6156 6129 6158
f 6164 6162 6156
f 6170 6156 6158
f 6164 6156 6170
f 6171 6162 6164
f 6163 6162 6171
f 6169 6163 6172
f 6172 6163 6171
f 6171 6164 6173
f 6173 6164 6174
f 6174 6164 6170
f 6175 6007 6006
f 6007 6175 6099
f 6006 6055 6176
f 6055 6051 6057
f 6176 6055 6057
f 6177 6006 6176
f 6175 6006 6177
f 6178 6175 6177
f 6179 6176 6057
f 6179 6177 6176
f 6179 6057 6062
f 6177 6179 6180
f 6178 6177 6180
f 6102 6099 6175
f 6182 6102 6175
f 6182 6175 6178
f 6182 6178 6181
f 6183 6182 6181
f 6180 6062 6073
f 6073 6184 6180
f 6184 6073 6072
f 6180 6184 6185
f 6185 6187 6186
f 6180 6179 6062
f 6178 6180 6185
f 6178 6185 6186
f 6184 6072 6078
f 6185 6184 6078
f 6077 6079 6078
f 6187 6078 6079
f 6185 6078 6187
f 6181 6178 6186
f 6181 6186 6183
f 6189 6186 6187
f 6189 6188 6186
f 6183 6190 6182
f 6191 6192 6183
f 6190 6183 6192
f 6193 6192 6191
f 6188 6183 6186
f 6188 6191 6183
f 6194 6188 6189
f 6195 6191 6188
f 6102 6190 6157
f 6190 6102 6182
f 6159 6157 6190
f 6158 6157 6159
f 6170 6158 6196
f 6196 6158 6159
f 6192 6159 6190
f 5604 6198 5603
f 6198 5604 6199
f 5605 5606 6201
f 6201 6202 5604
f 6203 6201 5606
f 5604 5605 6201
f 6204 6201 6203
f 6202 6201 6204
f 6199 5604 6202
f 6200 6198 6199
f 6205 6199 6202
f 6202 6204 6206
f 6205 6200 6199
f 6207 6200 6205
f 6205 6208 6209
f 6209 6207 6205
f 6210 6209 6208
f 6211 6209 6210
f 6213 6212 6211
f 4873 4878 4876
f 5907 5917 4878
f 6217 4877 4878
f 4878 6216 6217
f 5917 5920 4878
f 5920 6216 4878
f 6218 6216 5920
f 6218 6217 6216
f 6217 6218 6219
f 4877 6217 4884
f 6217 6219 6220
f 6220 4884 6217
f 6221 6218 5920
f 5920 5927 6221
f 6218 5929 6222
f 6223 6219 6218
f 6222 6223 6218
f 5927 5929 6221
f 6221 5929 6218
f 6224 6222 5929
f 6225 6223 6222
f 6219 6226 6220
f 6223 6227 6219
f 6227 6226 6219
f 6226 4884 6220
f 6226 4885 4884
f 6228 4885 6226
f 6227 6223 6225
f 6229 6228 6227
f 6226 6227 6228
f 6228 4893 4885
f 6230 4893 6228
f 6230 6231 4893
f 4897 4895 4893
f 5669 5471 5472
f 6028 5471 5669
f 6028 5669 6031
f 5670 5668 5671
f 6031 5669 5670
f 6031 5670 5671
f 6032 6028 6031
f 6032 6031 6033
f 6033 6031 6232
f 6232 6031 5671
f 6234 5671 6233
f 6232 5671 6234
f 5671 5673 6235
f 6233 5671 6235
f 6235 5673 6236
f 5674 6236 5673
f 6233 6235 6234
f 6235 6237 6234
f 6232 6239 6033
f 6032 6033 6240
f 6034 6032 6240
f 6240 6033 6239
f 6239 6232 6234
f 6234 6241 6239
f 6242 6239 6241
f 6243 6034 6240
f 6244 6240 6239
f 6242 6244 6239
f 6245 6244 6242
f 6234 6242 6241
f 6242 6234 6237
f 6242 6237 6246
f 6246 6237 6238
f 6247 6246 6238
f 6248 6246 6249
f 6248 6242 6246
f 5685 5683 5684
f 6250 5683 5685
f 6236 5674 5683
f 6237 6235 6236
f 6237 6236 6252
f 5683 6250 6252
f 6252 6236 5683
f 6238 6237 6252
f 6254 6252 6253
f 6253 6252 6250
f 6253 6250 6251
f 6254 6253 6251
f 5687 5685 5684
f 6255 6250 5685
f 6250 6255 6251
f 6256 5685 5687
f 5686 6256 5687
f 6257 6255 5685
f 6257 6251 6255
f 6258 6257 5685
f 6258 5685 6256
f 6254 6238 6252
f 6247 6238 6254
f 6247 6254 6259
f 6254 6251 6260
f 6259 6254 6260
f 6261 6260 6251
f 6246 6247 6249
f 6262 6247 6259
f 6260 6263 6259
f 6263 6262 6259
f 6261 6263 6260
f 6264 6258 6265
f 6264 6257 6258
f 6266 6257 6264
f 6267 6264 6265
f 6264 6267 6268
f 6251 6257 6261
f 6261 6257 6269
f 6266 6269 6257
f 6270 6261 6269
f 6270 6269 6266
f 6266 6264 6268
f 6271 6243 6240
f 6271 6240 6244
f 6272 6244 6245
f 6273 6271 6244
f 6273 6244 6272
f 6275 6273 6272
f 6274 6275 6272
f 6248 6276 6242
f 6272 6245 6242
f 6276 6248 6277
f 6242 6276 6272
f 6277 6248 6249
f 6279 6277 6249
f 6274 6272 6276
f 6274 6276 6278
f 6278 6276 6277
f 6281 6275 6274
f 6278 6281 6274
f 6282 6277 6279
f 6278 6277 6282
f 6283 6278 6282
f 6281 6278 6283
f 6283 6282 6284
f 6284 6281 6283
f 6285 6281 6287
f 6287 6281 6284
f 6286 6285 6287
f 6286 6287 6288
f 6243 6068 6034
f 6068 6243 6271
f 6289 6068 6271
f 6068 6076 6070
f 6076 6068 6289
f 6273 6289 6271
f 6076 6075 6070
f 6077 6076 6289
f 6273 6077 6289
f 6077 6273 6079
f 6079 6273 6275
f 6275 6290 6079
f 6292 6079 6290
f 6285 6275 6281
f 6290 6275 6285
f 6285 6286 6290
f 6292 6290 6286
f 6247 6279 6249
f 6279 6247 6280
f 6280 6247 6262
f 6294 6280 6262
f 6294 6262 6293
f 6279 6280 6282
f 6293 6262 6263
f 6294 6293 6295
f 6282 6280 6296
f 6284 6282 6296
f 6296 6280 6294
f 6293 6270 6295
f 6294 6295 6296
f 6293 6263 6261
f 6293 6261 6270
f 6270 6266 6298
f 6299 6266 6268
f 6300 6268 6267
f 6298 6266 6299
f 6299 6268 6300
f 6302 6270 6298
f 6295 6270 6301
f 6301 6270 6302
f 6299 6300 6303
f 6304 6284 6296
f 6304 6296 6295
f 6301 6304 6295
f 6305 6284 6304
f 6287 6284 6305
f 6288 6287 6305
f 6305 6304 6301
f 6306 6305 6301
f 6307 6302 6298
f 6307 6298 6299
f 6299 6308 6307
f 6308 6299 6303
f 6309 6302 6307
f 6311 6309 6307
f 6311 6307 6310
f 6306 6301 6302
f 6309 6306 6302
f 6310 6307 6308
f 6310 6308 6313
f 6313 6311 6310
f 5686 6314 6256
f 6314 5686 5693
f 6315 5693 6316
f 6317 6314 6315
f 6317 6256 6314
f 6314 5693 6315
f 5693 5694 6316
f 6316 5694 5603
f 6316 6318 6315
f 6319 6318 6316
f 6258 6256 6265
f 6265 6256 6317
f 6265 6317 6320
f 6321 6317 6315
f 6320 6317 6321
f 6297 6265 6320
f 6265 6297 6267
f 6297 6320 6322
f 6322 6320 6321
f 6324 6315 6318
f 6321 6315 6324
f 6325 6318 6319
f 6322 6321 6324
f 6327 6322 6324
f 6327 6324 6326
f 6326 6328 6327
f 6325 6324 6318
f 6329 6325 6319
f 6325 6326 6324
f 6326 6325 6330
f 6316 5603 6198
f 6198 6200 6316
f 6319 6316 6200
f 6207 6319 6200
f 6207 6329 6319
f 6331 6325 6329
f 6330 6325 6331
f 6332 6331 6329
f 6329 6207 6332
f 6300 6267 6297
f 6300 6297 6323
f 6323 6297 6322
f 6323 6322 6327
f 6333 6323 6327
f 6334 6300 6323
f 6334 6323 6333
f 6303 6300 6334
f 6335 6303 6334
f 6328 6326 6330
f 6330 6337 6328
f 6337 6330 6338
f 6336 6333 6327
f 6336 6327 6328
f 6339 6336 6328
f 6339 6328 6337
f 6337 6342 6341
f 6342 6337 6338
f 6343 6342 6338
f 6335 6334 6333
f 6344 6335 6333
f 6344 6333 6345
f 6312 6335 6344
f 6346 6344 6345
f 6346 6347 6344
f 6303 6335 6308
f 6312 6308 6335
f 6313 6308 6312
f 6312 6348 6313
f 6349 6348 6312
f 6350 6312 6344
f 6350 6344 6347
f 6333 6336 6345
f 6345 6336 6339
f 6345 6339 6340
f 6337 6340 6339
f 6337 6341 6340
f 6346 6345 6340
f 6341 6346 6340
f 6351 6341 6342
f 6351 6342 6343
f 6352 6346 6341
f 6353 6352 6341
f 6347 6346 6354
f 6354 6346 6352
f 6353 6341 6351
f 6355 6351 6343
f 6356 6353 6351
f 6356 6351 6355
f 6357 6330 6331
f 6338 6330 6357
f 6359 6332 6358
f 6357 6331 6332
f 6357 6332 6359
f 6338 6357 6343
f 6360 6357 6359
f 6212 6359 6358
f 6361 6360 6359
f 6361 6359 6212
f 6332 6207 6209
f 6212 6332 6209
f 6358 6332 6212
f 6209 6211 6212
f 6362 6212 6213
f 6362 6213 6363
f 6215 6213 6214
f 6343 6357 6364
f 6364 6357 6360
f 6355 6364 6360
f 6355 6360 6365
f 6365 6360 6361
f 6363 6361 6212
f 6366 6365 6361
f 6366 6361 6363
f 6355 6343 6364
f 6355 6365 6367
f 6363 6369 6366
f 6368 6366 6369
f 6367 6365 6370
f 6370 6365 6366
f 6370 6366 6368
f 6362 6363 6212
f 6371 6363 6213
f 6371 6213 6215
f 6371 6215 6372
f 6372 6215 6373
f 6369 6363 6371
f 6371 6374 6369
f 6374 6371 6372
f 6372 6373 6376
f 6376 6373 6375
f 6376 6375 6377
f 6288 6378 6286
f 6291 6187 6079
f 6291 6079 6292
f 6292 6286 6378
f 6378 6291 6292
f 6379 6291 6378
f 6379 6378 6380
f 6187 6291 6379
f 6379 6189 6187
f 6381 6189 6379
f 6288 6305 6380
f 6378 6288 6380
f 6309 6305 6306
f 6380 6305 6309
f 6380 6309 6382
f 6383 6380 6382
f 6384 6382 6309
f 6384 6309 6311
f 6384 6311 6313
f 6385 6384 6313
f 6385 6313 6348
f 6382 6384 6385
f 6383 6382 6386
f 6387 6385 6348
f 6386 6382 6385
f 6383 6388 6389
f 6388 6383 6386
f 6390 6386 6385
f 6388 6386 6391
f 6386 6390 6391
f 6379 6380 6383
f 6381 6379 6383
f 6383 6389 6381
f 6194 6189 6392
f 6392 6189 6381
f 6381 6394 6392
f 6393 6392 6395
f 6388 6396 6389
f 6381 6389 6394
f 6394 6389 6396
f 6395 6392 6394
f 6397 6394 6396
f 6397 6398 6394
f 6349 6312 6350
f 6349 6350 6399
f 6399 6350 6347
f 6387 6348 6349
f 6401 6387 6349
f 6401 6349 6399
f 6347 6401 6399
f 6401 6347 6400
f 6402 6401 6400
f 6354 6352 6353
f 6400 6354 6353
f 6353 6403 6400
f 6356 6403 6353
f 6405 6400 6403
f 6404 6403 6356
f 6406 6403 6404
f 6408 6406 6407
f 6400 6347 6354
f 6402 6400 6405
f 6390 6385 6387
f 6409 6390 6387
f 6387 6401 6402
f 6409 6387 6402
f 6390 6409 6410
f 6410 6409 6411
f 6411 6409 6402
f 6391 6390 6410
f 6406 6408 6412
f 6411 6402 6405
f 6411 6405 6403
f 6411 6403 6406
f 6412 6411 6406
f 6414 6410 6411
f 6414 6411 6412
f 6404 6356 6355
f 6404 6355 6367
f 6416 6370 6368
f 6417 6404 6367
f 6417 6367 6416
f 6416 6367 6370
f 6406 6404 6407
f 6407 6404 6417
f 6418 6416 6368
f 6419 6418 6368
f 6416 6418 6420
f 6419 6420 6418
f 6419 6369 6374
f 6368 6369 6419
f 6422 6374 6372
f 6422 6372 6376
f 6421 6374 6422
f 6423 6422 6376
f 6423 6376 6377
f 6421 6419 6374
f 6424 6419 6421
f 6424 6421 6425
f 6421 6422 6423
f 6425 6421 6423
f 6425 6423 6426
f 6427 6426 6423
f 6417 6416 6428
f 6413 6407 6417
f 6412 6408 6407
f 6412 6407 6413
f 6417 6420 6413
f 6420 6417 6428
f 6420 6428 6416
f 6429 6420 6419
f 6412 6413 6415
f 6415 6413 6429
f 6413 6420 6429
f 6424 6425 6431
f 6429 6419 6424
f 6433 6424 6431
f 6433 6429 6424
f 6432 6431 6425
f 6426 6432 6425
f 6427 6434 6426
f 6430 6429 6433
f 6432 6433 6431
f 6430 6433 6432
f 6435 6430 6432
f 6426 6435 6432
f 6437 6426 6434
f 6438 6435 6426
f 6438 6426 6437
f 6439 6437 6434
f 6439 6438 6437
f 6391 6396 6388
f 6440 6391 6410
f 6396 6391 6441
f 6440 6410 6414
f 6440 6414 6442
f 6442 6414 6412
f 6442 6412 6415
f 6441 6391 6440
f 6443 6440 6442
f 6397 6396 6441
f 6440 6444 6441
f 6444 6440 6443
f 6397 6441 6444
f 6446 6429 6430
f 6445 6415 6429
f 6446 6445 6429
f 6448 6445 6446
f 6448 6446 6447
f 6447 6449 6448
f 6448 6443 6445
f 6442 6415 6445
f 6443 6442 6445
f 6446 6430 6436
f 6436 6430 6435
f 6447 6446 6436
f 6436 6439 6447
f 6436 6435 6438
f 6438 6439 6436
f 6452 6447 6439
f 6449 6447 6453
f 6452 6454 6447
f 6453 6447 6454
f 6452 6439 6451
f 6451 6439 6450
f 6448 6457 6456
f 6457 6448 6449
f 6457 6449 6453
f 6456 6443 6448
f 6444 6443 6456
f 6460 6456 6457
f 6460 6444 6456
f 6459 6444 6460
f 6462 6460 6461
f 6457 6453 6458
f 6463 6453 6454
f 6452 6451 6454
f 6454 6451 6455
f 6463 6454 6464
f 6464 6454 6455
f 6458 6453 6463
f 6465 6457 6458
f 6458 6463 6465
f 6467 6463 6464
f 6466 6463 6467
f 6466 6465 6463
f 6468 6465 6466
f 6468 6466 6467
f 6467 6469 6468
f 6460 6457 6465
f 5073 5071 5072
f 5072 6471 5073
f 6472 6470 5073
f 6474 5075 6473
f 5076 6473 5075
f 6470 5067 5073
f 5067 6470 5068
f 6470 5077 5068
f 6472 5073 6471
f 6476 6472 6471
f 6477 6472 6476
f 5072 5074 6475
f 6471 5072 6475
f 5074 5075 6474
f 5074 6478 6475
f 6478 5074 6474
f 6478 6474 6479
f 6482 6481 6480
f 6480 6478 6483
f 6480 6484 6482
f 6484 6480 6483
f 6481 6476 6471
f 6481 6471 6475
f 6481 6475 6480
f 6480 6475 6478
f 6477 6476 6481
f 6477 6485 6472
f 6485 6470 6472
f 6470 6485 6487
f 6487 6486 6470
f 6482 6477 6481
f 6488 6477 6482
f 6488 6485 6477
f 6487 6485 6488
f 6490 6491 6492
f 6493 6494 6492
f 6493 6492 6491
f 6495 6493 6491
f 6495 6496 6493
f 6497 6488 6482
f 6497 6498 6488
f 6487 6488 6498
f 6498 6489 6487
f 6489 6498 6499
f 6502 6494 6493
f 6496 6502 6493
f 6496 6495 6503
f 6496 6504 6502
f 6504 6496 6503
f 6503 6506 6505
f 6504 6507 6502
f 6503 6505 6504
f 6508 6507 6509
f 6504 6509 6507
f 6504 6505 6510
f 6511 6505 6506
f 6473 5076 6512
f 5085 5076 5081
f 5076 5085 6512
f 6479 6474 6473
f 6513 6473 6512
f 6514 6512 5085
f 5084 6514 5085
f 6514 5084 6515
f 6514 6516 6512
f 6513 6479 6473
f 6483 6478 6479
f 6483 6479 6518
f 6518 6479 6513
f 6518 6513 6519
f 6519 6513 6517
f 6519 6517 6520
f 6521 6518 6519
f 6521 6519 6520
f 6520 6522 6521
f 6522 6520 6523
f 6513 6512 6517
f 6512 6516 6517
f 6516 6520 6517
f 6520 6516 6524
f 6523 6520 6525
f 6526 6522 6523
f 6525 6520 6524
f 6525 6527 6523
f 6527 6525 6529
f 6529 6530 6528
f 6526 6523 6527
f 6531 6528 6530
f 6515 5084 5086
f 6515 5086 6532
f 6532 5086 6533
f 6516 6514 6515
f 6516 6515 6532
f 6532 6533 6534
f 6533 5086 5087
f 6535 6533 5087
f 6535 5087 6109
f 6536 6535 6109
f 6533 6535 6534
f 6534 6535 6537
f 6534 6524 6516
f 6516 6532 6534
f 6525 6524 6534
f 6525 6534 6538
f 6538 6534 6542
f 6525 6540 6529
f 6540 6525 6538
f 6530 6529 6539
f 6530 6539 6544
f 6541 6544 6539
f 6543 6530 6544
f 6544 6545 6543
f 6545 6544 6546
f 6546 6547 6545
f 6534 6537 6542
f 6538 6548 6549
f 6541 6538 6549
f 6541 6549 6551
f 6551 6544 6541
f 6551 6550 6552
f 6552 6537 6535
f 6550 6551 6549
f 6551 6553 6544
f 6554 6547 6555
f 6556 6555 6547
f 6557 6544 6553
f 6546 6544 6557
f 6547 6546 6557
f 6556 6547 6558
f 6560 6559 6556
f 6558 6547 6557
f 6556 6558 6561
f 6562 6490 6483
f 6562 6483 6563
f 6563 6483 6518
f 6563 6518 6521
f 6564 6490 6562
f 6564 6562 6563
f 6563 6521 6565
f 6566 6563 6565
f 6490 6564 6491
f 6567 6521 6522
f 6522 6568 6567
f 6565 6521 6567
f 6566 6565 6570
f 6568 6570 6567
f 6570 6565 6567
f 6572 6564 6563
f 6572 6563 6569
f 6495 6491 6564
f 6495 6564 6573
f 6573 6564 6572
f 6574 6573 6575
f 6495 6573 6574
f 6576 6572 6569
f 6576 6569 6571
f 6573 6572 6576
f 6576 6577 6573
f 6575 6573 6577
f 6576 6578 6577
f 6571 6579 6580
f 6576 6571 6578
f 6578 6571 6581
f 6503 6495 6574
f 6574 6506 6503
f 6582 6506 6574
f 6582 6574 6575
f 6583 6575 6577
f 6577 6578 6584
f 6577 6584 6583
f 6575 6585 6582
f 6586 6575 6583
f 6526 6568 6522
f 6580 6579 6531
f 6581 6571 6580
f 6588 6581 6589
f 6580 6530 6543
f 6580 6531 6530
f 6581 6580 6589
f 6590 6588 6589
f 6578 6581 6588
f 6584 6578 6588
f 6584 6588 6590
f 6584 6590 6591
f 6583 6584 6591
f 6591 6587 6583
f 6591 6592 6587
f 6511 6506 6582
f 6575 6586 6585
f 6543 6594 6580
f 6594 6543 6545
f 6554 6594 6545
f 6595 6594 6554
f 6589 6580 6594
f 6589 6594 6595
f 6595 6590 6589
f 6595 6596 6590
f 6596 6591 6590
f 6597 6591 6596
f 6593 6591 6597
f 6554 6545 6547
f 6555 6595 6554
f 6555 6597 6595
f 6595 6597 6596
f 6555 6559 6597
f 6559 6555 6556
f 6535 6536 6598
f 6552 6535 6598
f 6552 6598 6599
f 6551 6552 6600
f 6553 6551 6603
f 6600 6603 6551
f 6553 6603 6604
f 6558 6557 6605
f 6561 6558 6605
f 5881 6606 5880
f 5881 5077 6470
f 6486 5881 6470
f 5880 6607 5882
f 5880 6606 6607
f 6486 6606 5881
f 6486 6608 6606
f 6489 6486 6487
f 6486 6609 6608
f 6606 6610 6607
f 6606 6608 6610
f 5890 5882 6607
f 6611 5889 5890
f 6611 5888 5889
f 5890 6607 6612
f 6610 6612 6607
f 6611 5890 6612
f 6613 6611 6612
f 6499 6486 6489
f 6609 6486 6499
f 6501 6499 6498
f 6498 6500 6501
f 6509 6614 6508
f 6509 6615 6614
f 6616 6499 6501
f 6499 6616 6609
f 6618 6610 6608
f 6608 6619 6618
f 6609 6617 6608
f 6620 6619 6617
f 6608 6617 6619
f 6509 6504 6510
f 6510 6621 6509
f 6622 6510 6505
f 6505 6511 6622
f 6621 6615 6509
f 6622 6621 6510
f 6511 6624 6622
f 6624 6511 6623
f 6620 6615 6626
f 6625 6626 6615
f 6627 6620 6626
f 6621 6625 6615
f 6622 6625 6621
f 6628 6625 6622
f 6625 6628 6626
f 6629 6622 6624
f 6630 6624 6623
f 6629 6624 6630
f 6622 6631 6628
f 6622 6629 6631
f 6632 6619 6620
f 6627 6632 6620
f 6633 6627 6626
f 6628 6633 6626
f 6633 6632 6627
f 6634 6632 6633
f 6635 6629 6630
f 6636 6628 6631
f 6633 6637 6634
f 6633 6628 6637
f 6628 6636 6637
f 6635 6631 6629
f 6639 6635 6638
f 6638 6635 6630
f 6612 6610 6640
f 6618 6640 6610
f 6641 6618 6619
f 6642 6640 6618
f 6640 6643 6612
f 6643 6613 6612
f 6618 6641 6642
f 6634 6641 6632
f 6646 6637 6636
f 6646 6634 6637
f 6645 6644 6634
f 6645 6634 6646
f 6647 6646 6636
f 6631 6647 6636
f 6631 6635 6647
f 6635 6648 6647
f 6646 6647 6649
f 6648 6635 6639
f 6647 6650 6649
f 6647 6648 6650
f 6649 6645 6646
f 6645 6649 6651
f 6642 6654 6640
f 6642 6641 6655
f 6655 6654 6642
f 6654 6643 6640
f 6655 6644 6656
f 6645 6657 6644
f 6644 6657 6656
f 6657 6658 6656
f 6556 6561 6560
f 6591 6593 6660
f 6591 6660 6592
f 6592 6660 6661
f 6662 6661 6660
f 6623 6511 6582
f 6623 6582 6585
f 6586 6583 6587
f 6623 6585 6663
f 6630 6623 6663
f 6585 6586 6663
f 6586 6665 6663
f 6586 6664 6665
f 6586 6587 6664
f 6587 6592 6666
f 6666 6664 6587
f 6664 6666 6667
f 6638 6630 6663
f 6638 6663 6665
f 6666 6592 6661
f 6668 6593 6597
f 6668 6669 6593
f 6597 6559 6668
f 6668 6559 6659
f 6668 6659 6670
f 6560 6659 6559
f 6662 6593 6669
f 6660 6593 6662
f 6671 6662 6669
f 6672 6669 6668
f 6672 6668 6670
f 6670 6673 6672
f 6669 6672 6671
f 6664 6667 6675
f 6664 6638 6665
f 6638 6664 6653
f 6675 6653 6664
f 6638 6653 6652
f 6667 6676 6675
f 6671 6676 6661
f 6667 6666 6676
f 6661 6676 6666
f 6676 6677 6675
f 6671 6680 6679
f 6672 6673 6674
f 6680 6671 6672
f 6680 6672 6674
f 6679 6680 6681
f 6682 6680 6674
f 6682 6681 6680
f 6683 6681 6682
f 6683 6682 6684
f 6661 6662 6671
f 6679 6676 6671
f 6679 6678 6676
f 6678 6681 6685
f 6678 6679 6681
f 6685 6681 6683
f 5911 5887 5888
f 5888 6686 5911
f 5911 6686 6687
f 5912 5911 5914
f 6688 5914 5911
f 6687 6688 5911
f 6690 6688 6687
f 6689 5914 6688
f 6689 6688 6691
f 6686 5888 6611
f 6692 6687 6686
f 6690 6687 6692
f 6690 6692 6693
f 6693 6694 6690
f 6696 6690 6694
f 6691 6688 6690
f 6690 6696 6691
f 6697 6691 6696
f 6696 6694 6698
f 6695 6694 6693
f 6699 6698 6694
f 6696 6698 6697
f 6697 6698 6700
f 6692 6686 6611
f 6613 6692 6611
f 6702 6693 6692
f 5925 5923 5914
f 5925 5914 6689
f 5925 6689 6691
f 6691 6703 5925
f 5924 5925 6704
f 5925 6703 6704
f 6705 6704 6703
f 5928 5930 5926
f 5930 6706 6707
f 6708 5930 6707
f 6710 6708 6707
f 6707 6709 6710
f 6711 6710 6709
f 5924 5928 5922
f 5928 5924 6712
f 6704 6712 5924
f 6712 5930 5928
f 6706 6712 6704
f 6706 5930 6712
f 6704 6713 6706
f 6709 6706 6713
f 6705 6713 6704
f 6714 6709 6713
f 6709 6707 6706
f 6697 6703 6691
f 6715 6703 6697
f 6715 6705 6703
f 6718 6705 6715
f 6717 6705 6718
f 6700 6716 6697
f 6715 6697 6716
f 6719 6718 6715
f 6719 6715 6716
f 6720 6718 6719
f 6714 6711 6709
f 6714 6713 6705
f 6714 6705 6717
f 6714 6721 6711
f 6722 6714 6717
f 6722 6717 6718
f 6720 6722 6718
f 6722 6721 6714
f 6721 6722 6723
f 6724 6711 6721
f 6721 6723 6724
f 6699 6694 6695
f 6725 6699 6695
f 6701 6699 6725
f 6701 6698 6699
f 6727 6698 6701
f 6727 6726 6698
f 6728 6701 6725
f 6727 6701 6728
f 6730 6727 6728
f 6729 6730 6728
f 6729 6731 6730
f 6702 6692 6613
f 6702 6695 6693
f 6732 6695 6702
f 6643 6733 6613
f 6613 6733 6702
f 6733 6732 6702
f 6732 6725 6695
f 6735 6725 6732
f 6734 6735 6732
f 6729 6725 6735
f 6729 6728 6725
f 6643 6654 6733
f 6736 6733 6654
f 6734 6732 6733
f 6733 6736 6734
f 6654 6656 6737
f 6736 6654 6737
f 6738 6736 6737
f 6739 6735 6734
f 6739 6729 6735
f 6738 6734 6736
f 6738 6739 6734
f 6739 6731 6729
f 6738 6740 6739
f 6740 6731 6739
f 6741 6740 6738
f 6743 6740 6741
f 6726 6700 6698
f 6726 6716 6700
f 6716 6726 6744
f 6716 6744 6719
f 6730 6744 6726
f 6726 6727 6730
f 6746 6744 6730
f 6746 6745 6744
f 6748 6745 6746
f 6748 6747 6745
f 6722 6720 6749
f 6750 6723 6722
f 6750 6722 6749
f 6749 6751 6750
f 6751 6723 6750
f 6749 6720 6747
f 6752 6749 6747
f 6753 6747 6748
f 6749 6752 6751
f 6731 6746 6730
f 6756 6746 6731
f 6748 6746 6757
f 6758 6756 6740
f 6746 6756 6757
f 6759 6757 6756
f 6758 6759 6756
f 6757 6753 6748
f 6753 6752 6747
f 6753 6755 6752
f 6760 6753 6757
f 6753 6760 6755
f 6755 6751 6752
f 6755 6760 6762
f 6762 6761 6755
f 6759 6760 6757
f 6759 6762 6760
f 6764 6762 6759
f 6740 6756 6731
f 6676 6678 6677
f 6677 6678 6765
f 6766 6765 6678
f 6766 6678 6767
f 6767 6678 6685
f 6767 6685 6683
f 6768 6683 6769
f 6770 6767 6768
f 6771 6768 6769
f 6768 6767 6683
f 6768 6772 6770
f 6772 6768 6771
f 6773 6774 6775
f 6776 6648 6639
f 6777 6650 6648
f 6777 6648 6776
f 6776 6639 6638
f 6778 6645 6651
f 6778 6657 6645
f 6779 6780 6651
f 6651 6780 6778
f 6778 6780 6781
f 6651 6649 6779
f 6779 6649 6650
f 6779 6650 6777
f 6782 6779 6777
f 6780 6779 6782
f 6776 6782 6777
f 6783 6776 6638
f 6783 6638 6652
f 6784 6782 6776
f 6784 6780 6782
f 6785 6783 6652
f 6652 6653 6786
f 6652 6786 6785
f 6787 6653 6675
f 6788 6658 6657
f 6657 6789 6788
f 6778 6789 6657
f 6789 6778 6781
f 6781 6780 6790
f 6780 6784 6790
f 6742 6738 6737
f 6788 6742 6737
f 6788 6737 6658
f 6781 6790 6791
f 6791 6789 6781
f 6792 6790 6784
f 6793 6792 6784
f 6794 6788 6789
f 6789 6791 6794
f 6793 6784 6776
f 6793 6776 6783
f 6796 6793 6783
f 6796 6783 6785
f 6795 6792 6793
f 6786 6797 6785
f 6741 6738 6742
f 6742 6743 6741
f 6799 6743 6742
f 6794 6798 6788
f 6794 6801 6798
f 6800 6801 6794
f 6802 6794 6791
f 6791 6790 6803
f 6803 6790 6792
f 6802 6800 6794
f 6791 6803 6802
f 6792 6795 6803
f 6801 6799 6798
f 6804 6800 6802
f 6803 6795 6805
f 6802 6803 6804
f 6795 6793 6796
f 6806 6796 6785
f 6785 6807 6806
f 6787 6797 6786
f 6785 6797 6807
f 6805 6795 6796
f 6805 6796 6806
f 6806 6808 6805
f 6809 6806 6807
f 6810 6763 6758
f 6763 6759 6758
f 6764 6759 6763
f 6813 6764 6763
f 6813 6814 6764
f 6813 6763 6811
f 6811 6763 6810
f 6813 6815 6816
f 6811 6815 6813
f 6813 6816 6814
f 6814 6816 6817
f 6815 6818 6819
f 6815 6819 6820
f 6815 6820 6821
f 6821 6820 6823
f 6822 6823 6820
f 6822 6824 6823
f 6825 6824 6822
f 6810 6758 6740
f 6810 6740 6743
f 6799 6810 6743
f 6827 6810 6799
f 6801 6827 6799
f 6800 6828 6801
f 6819 6827 6801
f 6828 6819 6801
f 6818 6812 6827
f 6804 6828 6800
f 6803 6830 6804
f 6830 6803 6805
f 6819 6818 6827
f 6831 6804 6830
f 6832 6828 6804
f 6832 6804 6831
f 6833 6830 6805
f 6808 6834 6805
f 6833 6831 6830
f 6805 6834 6833
f 6809 6808 6806
f 6807 6797 6829
f 6809 6834 6808
f 6834 6809 6807
f 6835 6834 6807
f 6835 6807 6829
f 6820 6819 6828
f 6832 6820 6828
f 6825 6832 6836
f 6831 6836 6832
f 6832 6822 6820
f 6836 6831 6833
f 6836 6833 6837
f 6837 6833 6834
f 6832 6825 6822
f 6836 6838 6825
f 6837 6838 6836
f 6837 6839 6838
f 6834 6840 6837
f 6841 6837 6840
f 6837 6841 6839
f 6842 6835 6829
f 6834 6835 6840
f 6787 6675 6677
f 6786 6653 6787
f 6843 6787 6677
f 6844 6843 6677
f 6797 6787 6843
f 6844 6677 6765
f 6766 6844 6765
f 6766 6767 6770
f 6829 6797 6843
f 6843 6844 6845
f 6766 6846 6844
f 6846 6847 6844
f 6844 6848 6845
f 6847 6848 6844
f 6848 6847 6849
f 6842 6829 6843
f 6842 6843 6845
f 6766 6770 6846
f 6773 6770 6772
f 6846 6770 6850
f 6849 6847 6846
f 6773 6850 6770
f 6851 6850 6773
f 6775 6851 6773
f 6775 6853 6851
f 6109 6110 6601
f 6536 6109 6601
f 6598 6536 6601
f 6599 6598 6854
f 6854 6602 6599
f 6112 6111 6113
f 6110 6112 6601
f 6598 6601 6854
f 6602 6854 6856
f 6855 6857 6603
f 6856 6857 6602
f 6859 6601 6112
f 6859 6112 6858
f 6859 6854 6601
f 6856 6854 6859
f 6859 6860 6856
f 6857 6856 6861
f 6861 6856 6860
f 6864 6560 6561
f 6864 6561 6605
f 6864 6865 6659
f 6864 6659 6560
f 6605 6557 6866
f 6866 6864 6605
f 6866 6557 6863
f 6863 6867 6866
f 6866 6867 6864
f 6659 6865 6670
f 6868 6670 6865
f 6603 6600 6855
f 6603 6857 6604
f 6604 6863 6553
f 6557 6553 6863
f 6604 6871 6863
f 6870 6863 6871
f 6871 6604 6869
f 6872 6867 6873
f 6873 6867 6870
f 6869 6604 6857
f 6871 6873 6870
f 6871 6869 6874
f 6873 6871 6874
f 6872 6873 6875
f 6874 6875 6873
f 6863 6870 6867
f 6864 6867 6872
f 6865 6864 6872
f 6868 6865 6872
f 6868 6872 6875
f 6877 6868 6875
f 6876 6877 6875
f 6673 6670 6877
f 6670 6868 6877
f 6876 6878 6877
f 6674 6877 6878
f 6879 6880 6876
f 6880 6878 6876
f 6880 6879 6881
f 6858 6112 6113
f 6119 6858 6113
f 6858 6119 6883
f 6882 6858 6883
f 6884 6882 6883
f 6859 6858 6882
f 6860 6859 6882
f 6861 6860 6885
f 6857 6862 6887
f 6869 6857 6888
f 6857 6887 6888
f 6885 6860 6886
f 6869 6888 6889
f 6860 6882 6891
f 6886 6860 6891
f 6891 6882 6884
f 6888 6887 6890
f 6892 6888 6890
f 6889 6888 6892
f 6120 6883 6119
f 6883 6120 6121
f 6883 6121 6893
f 6884 6883 6893
f 6893 6894 6884
f 6891 6884 6894
f 6893 6121 6123
f 6893 6123 6896
f 6896 6123 6144
f 6894 6893 6896
f 6895 6894 6896
f 6897 6895 6896
f 6886 6891 6899
f 6899 6891 6894
f 6899 6894 6895
f 6899 6895 6900
f 6889 6892 6900
f 6901 6889 6900
f 6902 6901 6900
f 6904 6898 6903
f 6900 6898 6904
f 6904 6905 6900
f 6902 6900 6905
f 6902 6905 6906
f 6906 6907 6902
f 6909 6907 6906
f 6909 6910 6907
f 6910 6908 6907
f 6889 6911 6869
f 6869 6911 6874
f 6874 6911 6912
f 6912 6875 6874
f 6879 6876 6875
f 6875 6912 6913
f 6913 6912 6911
f 6911 6889 6901
f 6913 6911 6914
f 6915 6913 6914
f 6879 6875 6913
f 6916 6913 6915
f 6914 6911 6901
f 6914 6901 6902
f 6915 6914 6917
f 6902 6917 6914
f 6916 6879 6913
f 6919 6916 6918
f 6920 6881 6879
f 6920 6879 6916
f 6917 6921 6915
f 6917 6908 6921
f 6907 6917 6902
f 6907 6908 6917
f 6918 6916 6915
f 6922 6915 6921
f 6922 6918 6915
f 6908 6922 6921
f 6923 6880 6881
f 6924 6881 6920
f 6920 6916 6919
f 6920 6919 6925
f 6922 6908 6926
f 6922 6926 6927
f 6922 6928 6918
f 6919 6918 6928
f 6925 6919 6929
f 6929 6919 6928
f 6927 6928 6922
f 6929 6928 6930
f 6927 6931 6928
f 6931 6927 6932
f 6928 6931 6930
f 6877 6674 6673
f 6682 6674 6878
f 6923 6682 6878
f 6684 6682 6923
f 6878 6880 6923
f 6923 6881 6924
f 6684 6923 6933
f 6933 6923 6924
f 6933 6924 6934
f 6935 6933 6934
f 6924 6920 6934
f 6934 6920 6925
f 6934 6925 6936
f 6897 6896 6144
f 6897 6144 6938
f 6146 6938 6144
f 6904 6937 6938
f 6904 6903 6937
f 6905 6904 6939
f 6939 6904 6938
f 6939 6938 6941
f 6941 6942 6939
f 6940 6939 6942
f 6909 6942 6943
f 6938 6151 6941
f 6942 6941 6944
f 6151 6944 6941
f 6942 6944 6945
f 6945 6944 6946
f 6152 6148 6153
f 6947 6152 6153
f 6942 6909 6940
f 6943 6942 6945
f 6939 6906 6905
f 6906 6939 6940
f 6940 6909 6906
f 6948 6909 6943
f 6948 6910 6909
f 6153 6166 6947
f 6947 6166 6949
f 6946 6950 6945
f 6949 6166 6951
f 6943 6945 6952
f 6950 6952 6945
f 6168 6166 6165
f 6166 6953 6951
f 6952 6950 6951
f 6948 6954 6910
f 6948 6955 6956
f 6952 6951 6957
f 6952 6955 6943
f 6955 6952 6957
f 6958 6951 6953
f 6955 6948 6943
f 6956 6955 6957
f 6165 6167 6960
f 6960 6167 6169
f 6172 6171 6961
f 6168 6165 6960
f 6962 6166 6168
f 6168 6960 6963
f 6173 6961 6171
f 6964 6961 6173
f 6172 6961 6965
f 6966 6169 6172
f 6966 6172 6965
f 6960 6169 6966
f 6962 6168 6963
f 6963 6960 6966
f 6967 6965 6961
f 6953 6166 6962
f 6962 6968 6953
f 6958 6953 6969
f 6959 6958 6969
f 6956 6957 6970
f 6969 6953 6968
f 6971 6959 6969
f 6968 6962 6972
f 6972 6962 6963
f 6973 6963 6966
f 6972 6963 6973
f 6910 6926 6908
f 6926 6910 6954
f 6954 6948 6956
f 6954 6956 6974
f 6954 6975 6926
f 6974 6975 6954
f 6969 6976 6971
f 6969 6968 6977
f 6977 6968 6978
f 6977 6976 6969
f 6926 6932 6927
f 6931 6979 6980
f 6191 6195 6193
f 6981 6193 6195
f 6982 6188 6194
f 6195 6188 6982
f 6981 6195 6982
f 6983 6982 6984
f 6684 6933 6935
f 6769 6684 6935
f 6934 6985 6935
f 6985 6934 6936
f 6986 6985 6936
f 6936 6987 6986
f 6989 6986 6987
f 6684 6769 6683
f 6771 6935 6985
f 6935 6771 6769
f 6986 6988 6985
f 6985 6988 6990
f 6985 6990 6771
f 6936 6925 6929
f 6991 6936 6929
f 6987 6936 6991
f 6929 6930 6991
f 6991 6930 6980
f 6931 6980 6930
f 6987 6991 6989
f 6992 6989 6991
f 6993 6991 6980
f 6989 6992 6993
f 6993 6992 6991
f 6995 6989 6993
f 6772 6771 6990
f 6772 6990 6774
f 6774 6990 6988
f 6772 6774 6773
f 6996 6774 6988
f 6986 6996 6988
f 6996 6986 6989
f 6996 6989 6997
f 6998 6774 6996
f 6998 6996 6999
f 6998 6999 7000
f 6999 6996 6997
f 6997 7001 6999
f 6995 6993 6994
f 6994 7004 6995
f 7005 7008 7004
f 7009 6983 7010
f 7009 7014 7013
f 7014 7009 7010
f 7004 7007 6995
f 7006 7005 7011
f 7004 7008 7015
f 7011 7016 7006
f 7004 7015 7007
f 7017 7007 7015
f 7011 7012 7018
f 7018 7012 7013
f 7013 7020 7018
f 7017 7016 7018
f 7016 7011 7018
f 7020 7013 7014
f 7020 7021 7018
f 7022 7007 7017
f 7024 7023 7022
f 7022 7019 7007
f 7018 7022 7017
f 7024 7022 7018
f 7024 7018 7021
f 6995 6997 6989
f 7025 6997 6995
f 6997 7025 7002
f 7007 7025 6995
f 7019 7025 7007
f 6174 6170 6196
f 6173 6174 7026
f 6159 6192 6197
f 6196 7026 6174
f 6196 6159 6197
f 6964 6173 7026
f 6964 7026 7027
f 6966 6965 6967
f 6964 6967 6961
f 6968 6972 6978
f 6978 6972 6973
f 6967 7028 6966
f 6973 6966 7028
f 6964 7028 6967
f 6978 6973 7029
f 7029 6973 7028
f 7030 7026 6196
f 7030 6196 6197
f 7027 7026 7030
f 7028 6964 7027
f 6192 6193 6197
f 6975 6974 7031
f 7029 7032 6978
f 7031 6976 6977
f 6977 7033 7031
f 7033 6977 6978
f 7029 7028 7027
f 7029 7027 7034
f 7035 7032 7029
f 7033 6978 7032
f 7035 7029 7034
f 6975 6932 6926
f 6975 7031 7037
f 6975 7036 6932
f 6932 6979 6931
f 7036 6979 6932
f 7039 7038 7031
f 7036 6975 7037
f 7039 7040 7038
f 7036 7041 6979
f 7041 6980 6979
f 7033 7039 7031
f 7033 7032 7035
f 7034 7027 7030
f 7042 7034 7030
f 7035 7034 7042
f 7035 7042 7043
f 7042 7030 6197
f 7042 6197 6981
f 7044 7033 7043
f 7039 7033 7044
f 7044 7045 7039
f 7039 7046 7040
f 7045 7047 7039
f 7047 7046 7039
f 7035 7043 7033
f 7044 7043 7048
f 7048 7043 7042
f 7048 7045 7044
f 7045 7049 7047
f 7049 7045 7048
f 7049 7048 7050
f 6981 6197 6193
f 7051 7042 6981
f 7052 7048 7042
f 7050 7048 7052
f 7052 7042 7051
f 6983 6981 6982
f 7051 6981 6983
f 7047 6980 7046
f 7047 7053 6980
f 7053 7047 7049
f 7053 7054 6980
f 7053 7055 7054
f 7056 7049 7050
f 7053 7049 7056
f 6994 7055 7004
f 7003 7055 7005
f 7055 7053 7005
f 7056 7005 7053
f 7050 7052 7013
f 7056 7050 7013
f 7052 7051 7009
f 7013 7052 7009
f 7056 7012 7005
f 7012 7056 7013
f 7009 7051 6983
f 7012 7011 7005
f 6853 6775 6998
f 6998 6775 6774
f 6853 6998 7000
f 5929 5930 6708
f 6708 6224 5929
f 6708 7057 6224
f 7057 6222 6224
f 7057 6225 6222
f 7058 6225 7057
f 7057 6708 6710
f 7059 7057 6710
f 7057 7059 7060
f 7057 7060 7058
f 6229 6227 6225
f 7058 6229 6225
f 6230 6228 6229
f 6230 6229 7063
f 7063 7058 7060
f 7063 6229 7058
f 7065 7063 7060
f 7064 6230 7063
f 6230 7064 7062
f 7066 7062 7064
f 7065 7064 7063
f 6710 7067 7059
f 6711 7067 6710
f 7067 7060 7059
f 7061 7060 7067
f 6724 7067 6711
f 7067 7068 7061
f 7061 7068 7069
f 7070 7067 6724
f 7070 7068 7067
f 7071 7068 7070
f 7071 7072 7068
f 7070 6724 6723
f 7060 7061 7065
f 7069 7065 7061
f 7069 7073 7065
f 7074 7066 7064
f 7073 7064 7065
f 7064 7073 7074
f 7072 7069 7068
f 7072 7073 7069
f 7075 7073 7072
f 7076 7073 7075
f 7076 7074 7073
f 7077 7074 7076
f 7078 7077 7076
f 4897 4893 6231
f 7079 4897 6231
f 7062 6231 6230
f 4930 4897 7079
f 4898 4895 4897
f 4930 4898 4897
f 6231 7062 7080
f 7066 7080 7062
f 7080 7066 7081
f 6231 7080 7079
f 7082 7079 7080
f 7082 4930 7079
f 7082 4931 4930
f 4931 7082 7084
f 4933 4931 7084
f 7082 7083 7084
f 4934 7084 7083
f 4934 4933 7084
f 7066 7085 7081
f 7081 7082 7080
f 7066 7074 7085
f 7074 7077 7085
f 7081 7086 7082
f 7087 7086 7081
f 7086 7083 7082
f 7087 7081 7085
f 7088 7087 7085
f 7085 7077 7089
f 7089 7088 7085
f 7091 7090 7087
f 7091 7087 7088
f 7087 7083 7086
f 4934 7083 4936
f 7083 7090 4936
f 7090 7083 7087
f 4936 7090 4938
f 4938 4939 4937
f 4939 4938 7093
f 7093 7090 7092
f 7092 7090 7091
f 7093 4938 7090
f 4953 4939 7093
f 7094 4953 7093
f 4953 7094 7095
f 7072 7071 7096
f 7097 7096 7071
f 7096 7097 7098
f 6723 6751 7070
f 7099 7071 7070
f 6751 6754 7070
f 7099 7070 6754
f 6751 6755 6754
f 7099 7097 7071
f 7096 7075 7072
f 7096 7098 7075
f 7076 7100 7078
f 7075 7100 7076
f 7101 7098 7097
f 7075 7102 7100
f 7075 7098 7102
f 7103 7100 7102
f 6761 6754 6755
f 7099 6754 6761
f 7104 6761 6762
f 6761 7097 7099
f 7105 7097 6761
f 7105 7101 7097
f 7107 6762 6764
f 7107 7104 6762
f 7105 6761 7104
f 7107 7105 7104
f 7105 7107 7106
f 7109 7107 7108
f 7109 7106 7107
f 7110 7102 7098
f 7110 7111 7102
f 7111 7103 7102
f 7113 7111 7110
f 7110 7098 7101
f 7101 7105 7110
f 7110 7105 7116
f 7106 7116 7105
f 7113 7110 7116
f 7116 7106 7115
f 7115 7113 7116
f 7113 7115 7114
f 7089 7077 7078
f 7100 7089 7078
f 7089 7100 7117
f 7117 7088 7089
f 7088 7117 7118
f 7118 7091 7088
f 7103 7117 7100
f 7119 7117 7103
f 7117 7120 7118
f 7120 7117 7119
f 7121 7118 7120
f 7091 7118 7092
f 7093 7092 7094
f 7121 7092 7118
f 7122 7094 7092
f 7092 7121 7122
f 7121 7123 7122
f 7123 7094 7122
f 7123 7095 7094
f 7119 7103 7112
f 7112 7103 7111
f 7112 7125 7119
f 7113 7112 7111
f 7126 7112 7113
f 7126 7125 7112
f 7119 7125 7120
f 7120 7127 7121
f 7120 7125 7127
f 7114 7126 7113
f 7126 7114 7128
f 7115 7128 7114
f 7128 7125 7126
f 7129 7127 7125
f 7129 7125 7128
f 7130 7129 7128
f 7121 7127 7123
f 7131 7123 7127
f 7133 7123 7132
f 7131 7132 7123
f 7132 7131 7134
f 7134 7133 7132
f 7131 7127 7129
f 7130 7131 7129
f 7134 7131 7135
f 7136 7131 7130
f 7131 7136 7135
f 7124 4953 7095
f 7124 4983 4953
f 4984 4983 7124
f 7123 7124 7095
f 7137 7124 7123
f 7124 7137 4984
f 7133 7137 7123
f 7133 7138 7137
f 7138 4984 7137
f 4985 4984 7138
f 7140 4985 7138
f 4985 7140 4992
f 7135 7133 7134
f 7139 7138 7133
f 7135 7139 7133
f 7139 7140 7138
f 7140 4995 4992
f 7141 7140 7139
f 7140 7141 4995
f 4997 4993 4995
f 6764 6814 7107
f 7108 7107 6814
f 7142 7109 7108
f 6817 7108 6814
f 7143 6817 6816
f 7108 7144 7142
f 7143 7108 6817
f 7144 7108 7143
f 7109 7115 7106
f 7109 7142 7147
f 7147 7146 7109
f 7146 7145 7109
f 6823 6826 6821
f 6823 6824 6826
f 7149 6824 6825
f 7149 6825 7150
f 6824 7152 6826
f 7152 6824 7149
f 7153 7152 7149
f 7155 7153 7149
f 7155 7149 7150
f 7142 7144 7147
f 7146 7147 7156
f 7148 7152 7159
f 7153 7159 7152
f 7153 7160 7159
f 7160 7157 7159
f 7155 7160 7153
f 7150 7161 7155
f 7150 7151 7161
f 7157 7160 7163
f 6838 7150 6825
f 7151 7150 6838
f 7165 6839 6841
f 7151 6838 7154
f 7154 6838 6839
f 7154 6839 7165
f 6841 7166 7165
f 7165 7162 7154
f 7167 6841 6840
f 6840 7168 7167
f 7167 7166 6841
f 7167 7168 7169
f 7170 6840 6835
f 7170 6835 6842
f 7168 6840 7170
f 7170 7172 7168
f 7172 7170 7171
f 7169 7168 7173
f 7173 7168 7172
f 7115 7109 7145
f 7128 7115 7130
f 7145 7130 7115
f 7145 7146 7175
f 7136 7130 7176
f 7130 7145 7176
f 7176 7145 7177
f 7177 7145 7175
f 7175 7158 7177
f 7158 7175 7146
f 7158 7146 7156
f 7180 7177 7158
f 7158 7178 7180
f 7176 7177 7179
f 7179 7177 7180
f 7179 7180 7181
f 7161 7151 7182
f 7182 7151 7154
f 7182 7154 7162
f 7183 7161 7182
f 7184 7160 7155
f 7160 7185 7163
f 7185 7160 7184
f 7184 7155 7161
f 7183 7184 7161
f 7183 7182 7187
f 7188 7182 7162
f 7188 7162 7186
f 7186 7165 7166
f 7186 7162 7165
f 7166 7189 7186
f 7189 7166 7167
f 7189 7167 7169
f 7185 7191 7163
f 7191 7190 7163
f 7183 7187 7184
f 7192 7191 7185
f 7192 7185 7184
f 7188 7187 7182
f 7193 7187 7188
f 7192 7195 7191
f 7184 7187 7196
f 7184 7196 7192
f 7197 7178 7195
f 7195 7178 7191
f 7186 7194 7188
f 7187 7198 7196
f 7198 7187 7193
f 7194 7199 7188
f 7188 7198 7193
f 7197 7200 7178
f 7180 7200 7202
f 7202 7181 7180
f 7201 7200 7197
f 7205 7204 7201
f 7204 7200 7201
f 7202 7200 7204
f 7206 7204 7205
f 7207 7206 7205
f 7201 7197 7195
f 7205 7195 7192
f 7205 7192 7196
f 7196 7198 7208
f 7201 7195 7205
f 7207 7205 7196
f 7196 7208 7207
f 7209 7198 7199
f 7199 7198 7188
f 7209 7199 7194
f 7194 7211 7209
f 7211 7194 7210
f 7198 7212 7208
f 7212 7198 7209
f 7208 7213 7207
f 7212 7213 7208
f 7214 7209 7211
f 7189 7194 7186
f 7194 7189 7210
f 7210 7189 7169
f 7169 7216 7210
f 7173 7216 7169
f 7218 7173 7172
f 7173 7218 7217
f 7210 7216 7211
f 7217 7216 7173
f 7220 7216 7217
f 7221 7220 7217
f 7215 7211 7216
f 7220 7215 7216
f 7217 7219 7221
f 7217 7218 7219
f 7219 7218 7222
f 6845 6848 6849
f 6845 6849 7224
f 7170 6842 6845
f 6845 7171 7170
f 6845 7224 7171
f 7225 7224 6849
f 7171 7174 7172
f 7174 7171 7224
f 7226 7174 7224
f 7224 7225 7227
f 7227 7226 7224
f 6846 7228 6849
f 7228 6846 6850
f 7225 6849 7228
f 7229 7225 7228
f 6850 6851 6852
f 6851 6853 7230
f 7230 6852 6851
f 7230 7228 6852
f 7228 7230 7232
f 7232 7230 7231
f 6852 7228 6850
f 7229 7228 7232
f 7229 7232 7233
f 7232 7234 7233
f 7231 7234 7232
f 7236 7234 7235
f 7234 7236 7233
f 7227 7225 7229
f 7227 7229 7233
f 7222 7174 7226
f 7226 7227 7239
f 7239 7227 7238
f 7222 7226 7240
f 7226 7239 7240
f 7242 7239 7241
f 7244 7233 7236
f 7245 7246 7244
f 7247 7245 7248
f 7238 7227 7249
f 7249 7227 7233
f 7249 7237 7250
f 7237 7249 7233
f 7233 7244 7237
f 7246 7237 7244
f 7246 7250 7237
f 7245 7247 7246
f 7251 7249 7250
f 7241 7249 7251
f 7241 7238 7249
f 7239 7238 7241
f 7242 7241 7243
f 7243 7241 7253
f 7252 7253 7241
f 7252 7241 7251
f 7250 7247 7251
f 7247 7250 7246
f 7251 7247 7248
f 7248 7254 7251
f 7218 7172 7174
f 7218 7174 7222
f 7223 7219 7222
f 7136 7256 7135
f 7139 7135 7256
f 7141 7139 7256
f 7257 4995 7141
f 7258 7141 7256
f 7259 7136 7176
f 7136 7259 7256
f 7260 7256 7259
f 7256 7260 7258
f 7257 7141 7258
f 7261 4995 7257
f 4995 7261 4997
f 7257 7258 7262
f 7263 7257 7262
f 7263 7261 7257
f 7258 7260 7262
f 7263 5017 7261
f 5014 4997 7261
f 7261 5017 5014
f 7263 5022 5017
f 7264 7260 7259
f 7259 7176 7179
f 7265 7259 7179
f 7264 7262 7260
f 7262 5022 7263
f 5017 5022 5018
f 7266 5022 7262
f 7262 7264 7266
f 5022 7266 5023
f 5023 7266 5024
f 7266 7264 7267
f 7266 7267 5024
f 7179 7181 7265
f 7268 7265 7181
f 7270 7203 7202
f 7270 7202 7204
f 7206 7270 7204
f 7269 7203 7270
f 7207 7271 7206
f 7206 7272 7270
f 7206 7271 7272
f 7274 7273 7272
f 7272 7273 7270
f 7271 7207 7213
f 7275 7212 7209
f 7209 7214 7275
f 7211 7215 7214
f 7265 7264 7259
f 7276 7264 7265
f 7277 7265 7268
f 7265 7277 7276
f 7279 7271 7213
f 7272 7271 7274
f 7271 7279 7274
f 7280 7279 7213
f 7280 7213 7212
f 7280 7212 7275
f 7282 7280 7281
f 7275 7281 7280
f 7275 7214 7281
f 7280 7282 7283
f 7279 7287 7274
f 7273 7274 7286
f 7287 7286 7274
f 7279 7280 7283
f 7288 7287 7279
f 7290 7289 7286
f 7287 7290 7286
f 7287 7288 7290
f 7290 7291 7289
f 7292 7288 7279
f 7292 7279 7283
f 7293 7294 7283
f 7283 7294 7292
f 7293 7283 7282
f 7214 7295 7281
f 7285 7215 7284
f 7295 7214 7285
f 7215 7285 7214
f 7282 7281 7293
f 7293 7281 7295
f 7296 7295 7285
f 7298 7220 7221
f 7299 7298 7221
f 7223 7221 7219
f 7299 7221 7223
f 7299 7223 7300
f 7300 7301 7299
f 7302 7301 7300
f 7284 7215 7220
f 7298 7284 7220
f 7298 7297 7284
f 7297 7298 7299
f 7297 7304 7303
f 7297 7299 7301
f 7304 7297 7301
f 7264 7276 7267
f 5025 5024 7267
f 5028 5025 7267
f 7276 7305 7267
f 7291 7306 7289
f 7291 7290 7288
f 5030 7267 7305
f 7309 7291 7288
f 7309 7307 7291
f 7309 7308 7307
f 7288 7310 7309
f 7292 7310 7288
f 7292 7294 7310
f 7311 7310 7294
f 7311 7294 7312
f 7309 7310 7313
f 7305 7308 7314
f 7309 7315 7308
f 7313 7315 7309
f 7310 7311 7313
f 7312 7317 7311
f 7312 7316 7317
f 7318 7311 7317
f 7312 7294 7293
f 7295 7296 7293
f 7296 7312 7293
f 7320 7296 7285
f 7285 7284 7320
f 7297 7321 7284
f 7284 7321 7320
f 7316 7312 7296
f 7296 7320 7319
f 7319 7316 7296
f 7321 7319 7320
f 5030 5028 7267
f 7324 7314 7308
f 7324 5031 7314
f 7324 7308 7315
f 7315 7325 7324
f 7325 7315 7313
f 7326 7313 7311
f 7327 7325 7313
f 7328 7327 7313
f 7326 7311 7318
f 7325 5031 7324
f 5031 7325 5033
f 7327 5033 7325
f 7327 5036 5033
f 7322 7319 7321
f 7322 7321 7323
f 7323 7329 7330
f 7297 7303 7321
f 7323 7321 7303
f 7301 7331 7304
f 7304 7331 7303
f 7303 7329 7323
f 7329 7303 7333
f 7333 7303 7331
f 7332 7333 7331
f 7333 7332 7334
f 7240 7239 7242
f 7336 7243 7253
f 7252 7336 7253
f 7243 7336 7335
f 7338 7336 7254
f 7254 7252 7251
f 7339 7254 7248
f 7254 7339 7340
f 7254 7336 7252
f 7338 7337 7336
f 7337 7335 7336
f 7342 7338 7254
f 7254 7340 7342
f 7340 7341 7343
f 7342 7340 7343
f 7346 7345 7343
f 7347 7346 7343
f 7223 7222 7240
f 7240 7348 7223
f 7348 7300 7223
f 7348 7240 7242
f 7335 7242 7243
f 7242 7335 7349
f 7348 7302 7300
f 7351 7242 7349
f 7242 7351 7348
f 7348 7351 7350
f 7351 7349 7353
f 7352 7350 7351
f 7353 7352 7351
f 7353 7354 7352
f 7349 7335 7353
f 7337 7353 7335
f 7353 7337 7338
f 7302 7348 7355
f 7350 7355 7348
f 7301 7302 7331
f 7302 7332 7331
f 7355 7332 7302
f 7356 7352 7354
f 7355 7350 7352
f 7356 7355 7352
f 7360 7359 7355
f 7360 7355 7356
f 7360 7356 7358
f 7358 7356 7357
f 7355 7359 7332
f 7334 7332 7359
f 7354 7353 7338
f 7338 7342 7354
f 7356 7354 7357
f 7345 7354 7342
f 7345 7342 7343
f 7357 7354 7362
f 7354 7345 7362
f 7361 7358 7357
f 7362 7345 7346
f 6194 6392 6393
f 6982 6194 6393
f 6393 6984 6982
f 6984 6393 7365
f 6394 6398 6395
f 6393 6395 7366
f 6395 6398 7366
f 7366 6398 6397
f 7366 6397 7367
f 7365 6393 7366
f 7365 7366 7368
f 7369 7368 7366
f 7000 6999 7370
f 7370 6999 7001
f 7002 7001 6997
f 7371 7001 7002
f 6983 6984 7364
f 7374 7010 6983
f 7374 6983 7364
f 7375 7010 7374
f 7014 7010 7375
f 7014 7021 7020
f 7019 7022 7023
f 7019 7023 7377
f 7376 7023 7024
f 7021 7378 7024
f 7376 7024 7378
f 7014 7378 7021
f 7014 7375 7379
f 7014 7379 7378
f 7365 7380 6984
f 7380 7364 6984
f 7364 7381 7374
f 7375 7374 7381
f 7379 7375 7382
f 7381 7382 7375
f 7383 7002 7025
f 7384 7383 7025
f 7002 7383 7371
f 7025 7019 7377
f 7385 7384 7377
f 7377 7384 7025
f 7378 7386 7376
f 7386 7385 7377
f 7371 7383 7372
f 7373 7372 7383
f 7383 7384 7387
f 7373 7383 7387
f 7388 7386 7389
f 7392 7391 7384
f 7392 7388 7389
f 7389 7386 7378
f 7389 7378 7390
f 7390 7378 7379
f 7379 7393 7390
f 7387 7384 7391
f 7389 7390 7392
f 7394 7387 7391
f 7392 7390 7396
f 7396 7390 7393
f 7396 7397 7392
f 7397 7395 7392
f 7381 7364 7380
f 7381 7380 7398
f 7380 7365 7368
f 7380 7368 7369
f 7399 7373 7387
f 7402 7399 7400
f 7399 7402 7373
f 7393 7379 7382
f 7382 7405 7393
f 7396 7393 7405
f 7397 7396 7406
f 7381 7398 7407
f 7405 7382 7381
f 7396 7408 7406
f 7405 7408 7396
f 7409 7395 7397
f 7409 7397 7403
f 7403 7397 7406
f 7409 7403 7399
f 7401 7399 7403
f 7398 7380 7410
f 7404 7402 7400
f 7404 7411 7412
f 7412 7413 7404
f 7415 7404 7413
f 7412 7414 7416
f 7413 7412 7416
f 7416 7414 7417
f 7405 7381 7407
f 7407 7418 7405
f 7407 7398 7410
f 7408 7405 7418
f 7408 7414 7406
f 7414 7408 7418
f 7401 7403 7411
f 7406 7412 7403
f 7411 7403 7412
f 7412 7406 7414
f 7418 7417 7414
f 7417 7418 7419
f 7367 6397 6444
f 7367 6444 7421
f 7367 7422 7420
f 7423 7369 7420
f 7369 7366 7367
f 7369 7367 7420
f 7421 6444 6459
f 7421 6459 6462
f 6462 6459 6460
f 7425 6462 6461
f 7422 7367 7421
f 7421 6462 7425
f 7425 7426 7421
f 7426 7427 7421
f 7422 7421 7427
f 7427 7426 7428
f 7430 6465 6468
f 7429 6465 7430
f 6468 6469 7431
f 7431 7430 6468
f 7432 7430 7431
f 7432 7429 7430
f 6461 6460 6465
f 7425 6461 7429
f 7429 6461 6465
f 7435 7425 7429
f 7426 7425 7435
f 7436 7435 7429
f 7437 7426 7435
f 7428 7426 7437
f 7438 7435 7436
f 7435 7438 7437
f 7436 7429 7432
f 7432 7433 7436
f 7438 7436 7433
f 7432 7434 7433
f 7420 7422 7439
f 7423 7420 7439
f 7427 7428 7422
f 7439 7422 7428
f 7439 7428 7440
f 7423 7439 7440
f 7441 7433 7434
f 7442 7438 7443
f 7437 7438 7442
f 7428 7437 7442
f 7442 7440 7428
f 7443 7440 7442
f 7443 7438 7433
f 7444 7433 7441
f 7443 7433 7444
f 7445 7440 7443
f 7445 7443 7444
f 7424 7380 7369
f 7446 7380 7424
f 7446 7424 7447
f 7423 7424 7369
f 7448 7424 7423
f 7424 7448 7447
f 7446 7410 7380
f 7451 7407 7410
f 7410 7446 7450
f 7450 7451 7410
f 7450 7419 7451
f 7452 7419 7450
f 7418 7407 7451
f 7419 7418 7451
f 7446 7447 7449
f 7448 7449 7447
f 7450 7446 7449
f 7448 7423 7453
f 7453 7423 7440
f 7453 7454 7448
f 7453 7440 7445
f 7454 7453 7455
f 7455 7453 7445
f 7456 7457 7454
f 7456 7458 7457
f 7449 7448 7457
f 7448 7454 7457
f 7457 7459 7449
f 7461 7457 7460
f 7458 7460 7457
f 7230 6853 7000
f 7000 7370 7230
f 7370 7231 7230
f 7231 7370 7462
f 7462 7370 7001
f 7234 7231 7462
f 7235 7234 7462
f 7235 7463 7236
f 7462 7463 7235
f 7001 7371 7464
f 7464 7462 7001
f 7372 7464 7371
f 7463 7244 7236
f 7463 7462 7465
f 7463 7245 7244
f 7245 7463 7248
f 7466 7463 7465
f 7467 7466 7465
f 7465 7462 7464
f 7465 7464 7468
f 7468 7464 7373
f 7465 7468 7467
f 7469 7468 7373
f 7467 7468 7469
f 7466 7248 7463
f 7469 7466 7467
f 7466 7469 7470
f 7466 7470 7255
f 7472 7469 7471
f 7470 7469 7472
f 7248 7466 7255
f 7373 7464 7372
f 7402 7469 7373
f 7402 7471 7469
f 7415 7402 7404
f 7473 7415 7413
f 7416 7473 7413
f 7474 7255 7470
f 7472 7471 7475
f 7471 7476 7475
f 7477 7475 7478
f 7475 7476 7478
f 7339 7248 7255
f 7339 7255 7474
f 7474 7340 7339
f 7340 7474 7341
f 7479 7341 7474
f 7470 7479 7474
f 7472 7479 7470
f 7480 7479 7472
f 7341 7479 7344
f 7480 7344 7479
f 7480 7472 7475
f 7475 7477 7480
f 7471 7402 7481
f 7473 7482 7415
f 7402 7415 7481
f 7482 7481 7415
f 7481 7482 7473
f 7476 7471 7481
f 7416 7417 7419
f 7419 7484 7416
f 7484 7485 7416
f 7416 7485 7473
f 7473 7483 7481
f 7483 7473 7485
f 7486 7476 7481
f 7484 7419 7452
f 7485 7484 7452
f 7488 7486 7481
f 7483 7487 7481
f 7489 7450 7449
f 7452 7450 7489
f 7452 7491 7485
f 7490 7485 7491
f 7487 7483 7490
f 7483 7485 7490
f 7491 7452 7489
f 7492 7476 7486
f 7476 7492 7478
f 7494 7493 7487
f 7490 7494 7487
f 7478 7496 7477
f 7497 7477 7496
f 7498 7480 7477
f 7341 7344 7343
f 7498 7344 7480
f 7343 7344 7347
f 7347 7344 7498
f 7477 7499 7498
f 7498 7363 7347
f 7363 7498 7499
f 7501 7477 7497
f 7500 7499 7477
f 7500 7477 7501
f 7502 7503 7499
f 7502 7499 7500
f 7502 7500 7504
f 7459 7489 7449
f 7505 7489 7459
f 7491 7506 7490
f 7505 7491 7489
f 7506 7491 7505
f 7461 7459 7457
f 7505 7459 7507
f 7507 7459 7461
f 7495 7478 7492
f 7509 7478 7495
f 7494 7508 7493
f 7510 7511 7508
f 7494 7510 7508
f 7509 7496 7478
f 7494 7490 7506
f 7506 7512 7494
f 7505 7507 7506
f 7507 7512 7506
f 7510 7494 7512
f 7507 7513 7512
f 7510 7512 7514
f 7514 7497 7511
f 7514 7511 7510
f 7514 7512 7513
f 7513 7515 7514
f 7515 7513 7507
f 7515 7507 7516
f 7514 7518 7497
f 7501 7497 7518
f 7517 7518 7514
f 7515 7517 7514
f 7504 7501 7518
f 7504 7518 7517
f 7519 7461 7460
f 7516 7507 7461
f 7516 7461 7519
f 7519 7460 7520
f 7515 7516 7521
f 7517 7515 7521
f 7521 7516 7519
f 7521 7519 7522
f 7523 7504 7517
f 7523 7517 7521
f 7313 7326 7328
f 7524 7317 7316
f 7524 7316 7319
f 7327 7328 5036
f 7328 7525 5036
f 7328 7326 7525
f 7326 7526 7525
f 7526 7326 7318
f 7526 7318 7527
f 7524 7318 7317
f 7528 7524 7319
f 7527 7318 7524
f 7528 7319 7322
f 7322 7323 7530
f 7530 7529 7322
f 7322 7529 7528
f 6484 6483 6490
f 6497 6482 6484
f 6492 6484 6490
f 6484 6492 6497
f 6494 6497 6492
f 6494 6498 6497
f 6500 6498 6494
f 7531 6500 6502
f 6502 6500 6494
f 6507 7531 6502
f 7531 6501 6500
f 6507 6508 7531
f 6501 7531 6508
f 6508 6614 6501
f 6614 6616 6501
f 6615 6616 6614
f 6617 6609 6616
f 6615 6617 6616
f 6617 6615 6620
f 6644 6641 6634
f 6641 6619 6632
f 6644 6655 6641
f 6656 6654 6655
f 6658 6737 6656
f 6719 6747 6720
f 6744 6745 6719
f 6719 6745 6747
f 6788 6798 6742
f 6798 6799 6742
f 6812 6811 6810
f 6811 6812 6815
f 6812 6818 6815
f 6816 6815 6821
f 6826 6816 6821
f 6812 6810 6827
f 6826 7143 6816
f 7148 7143 6826
f 7143 7148 7144
f 6826 7152 7148
f 7144 7159 7147
f 7159 7156 7147
f 7144 7148 7159
f 7157 7156 7159
f 7158 7156 7157
f 7164 7157 7163
f 7157 7164 7158
f 7190 7164 7163
f 7178 7158 7164
f 7164 7190 7178
f 7178 7190 7191
f 7200 7180 7178
f 7181 7202 7203
f 7203 7269 7181
f 7269 7268 7181
f 7268 7269 7270
f 7273 7268 7270
f 7278 7277 7268
f 7273 7278 7268
f 7278 7289 7277
f 7278 7273 7286
f 7289 7278 7286
f 7289 7276 7277
f 7289 7306 7276
f 7306 7305 7276
f 7306 7291 7305
f 7291 7307 7305
f 7308 7305 7307
f 7305 7314 5030
f 7314 5031 5030
f 3600 3598 7533
f 3598 1215 7533
f 1215 7532 7533
f 3600 7533 3604
f 7533 7532 7534
f 4658 4657 7536
f 7536 1215 4658
f 1215 7536 7532
f 4661 7536 4657
f 4661 4676 7537
f 7536 4661 7537
f 7537 7538 7536
f 7535 7532 7536
f 7536 7538 7535
f 7534 3604 7533
f 7540 3601 3603
f 3601 7540 3602
f 7539 3603 3604
f 7539 7540 3603
f 7541 7540 7539
f 7539 3604 7534
f 7539 7534 7542
f 7535 7534 7532
f 7535 7543 7534
f 7543 7542 7534
f 7541 7539 7542
f 7541 7542 7544
f 7537 4676 7545
f 7545 4676 4677
f 7538 7537 7545
f 7546 7545 4677
f 7547 4677 4682
f 7548 7538 7545
f 7547 7546 4677
f 7546 7548 7545
f 7535 7550 7551
f 7551 7543 7535
f 7542 7543 7544
f 7551 7552 7543
f 7550 7553 7551
f 7554 7553 7550
f 7548 7550 7538
f 7550 7535 7538
f 7548 7555 7550
f 7548 7549 7556
f 7549 7548 7546
f 7554 7550 7555
f 7548 7557 7555
f 7557 7554 7555
f 3602 7558 3609
f 3602 7540 7558
f 3609 7558 7559
f 3610 3607 7559
f 7559 3607 3609
f 7560 7558 7540
f 7541 7560 7540
f 7560 7541 7544
f 7559 7558 7560
f 7564 3612 3610
f 7559 7564 3610
f 7565 7564 7559
f 7567 3613 3612
f 7564 7566 3612
f 3612 7566 7567
f 7566 7564 7565
f 7563 7559 7560
f 7566 7568 7567
f 7568 7566 7565
f 7552 7544 7543
f 7561 7560 7544
f 7552 7561 7544
f 7562 7560 7561
f 7560 7562 7563
f 7552 7570 7561
f 7571 7562 7561
f 7571 7561 7570
f 7553 7552 7551
f 7553 7570 7552
f 7572 7573 7570
f 7572 7570 7553
f 7554 7572 7553
f 7554 7574 7572
f 7570 7573 7571
f 7571 7573 7575
f 7573 7572 7575
f 7563 7565 7559
f 7576 7562 7571
f 7576 7563 7562
f 7576 7577 7563
f 7577 7565 7563
f 7565 7577 7568
f 7578 7569 7568
f 7579 7576 7571
f 7575 7579 7571
f 7577 7576 7580
f 7580 7568 7577
f 7580 7578 7568
f 7578 7580 7581
f 7582 7581 7580
f 7579 7580 7576
f 7580 7579 7584
f 7584 7582 7580
f 7586 7582 7584
f 4678 4683 4682
f 7547 4682 4683
f 4683 7588 7547
f 7589 7588 4683
f 4755 7589 4683
f 7549 7546 7547
f 7588 7590 7547
f 7589 7590 7588
f 7549 7547 7590
f 7591 7589 4755
f 4755 4756 7591
f 7589 7591 7592
f 7593 7591 4756
f 4761 7593 4756
f 7591 7593 7592
f 7594 7590 7589
f 7592 7594 7589
f 7592 7593 7595
f 7592 7595 7594
f 7597 7549 7590
f 7549 7597 7556
f 7556 7557 7548
f 7557 7556 7596
f 7598 7596 7556
f 7557 7596 7599
f 7594 7597 7590
f 7600 7597 7594
f 7594 7602 7600
f 7595 7601 7594
f 7597 7598 7556
f 7600 7598 7597
f 7603 7598 7600
f 7603 7600 7602
f 7604 7593 4761
f 4764 7604 4761
f 4766 4764 4763
f 4766 7605 4764
f 7604 4764 7605
f 7606 7605 4766
f 7605 7606 7604
f 7607 7595 7593
f 7604 7607 7593
f 7608 7607 7604
f 7604 7606 7608
f 4796 7610 4765
f 4766 4765 7610
f 4766 7610 7606
f 7611 7610 4796
f 7610 7611 7612
f 7612 7606 7610
f 7614 7613 7612
f 7612 7611 7614
f 7615 7608 7606
f 7606 7612 7615
f 7613 7615 7612
f 7601 7602 7594
f 7617 7595 7607
f 7617 7601 7595
f 7616 7602 7601
f 7609 7607 7608
f 7607 7609 7617
f 7601 7617 7616
f 7619 7603 7602
f 7616 7619 7602
f 7622 7616 7617
f 7622 7621 7616
f 7621 7619 7616
f 7622 7617 7618
f 7609 7618 7617
f 7608 7615 7609
f 7609 7615 7623
f 7624 7618 7609
f 7623 7624 7609
f 7626 7621 7622
f 7618 7624 7622
f 7622 7624 7626
f 7625 7624 7623
f 7626 7624 7627
f 7611 4796 4798
f 7628 7575 7572
f 7628 7572 7574
f 7630 7628 7574
f 7629 7630 7574
f 7631 7630 7629
f 7557 7599 7554
f 7554 7599 7574
f 7629 7574 7599
f 7632 7596 7598
f 7632 7599 7596
f 7632 7629 7599
f 7620 7598 7603
f 7598 7633 7632
f 7620 7633 7598
f 7635 7629 7632
f 7629 7635 7631
f 7575 7628 7636
f 7628 7630 7636
f 7579 7575 7636
f 7637 7585 7587
f 7636 7584 7579
f 7584 7638 7586
f 7587 7639 7637
f 7640 7638 7584
f 7641 7637 7639
f 7631 7636 7630
f 7631 7642 7636
f 7635 7642 7631
f 7584 7643 7640
f 7644 7584 7636
f 7584 7644 7643
f 7644 7636 7642
f 7643 7641 7639
f 7645 7644 7642
f 7645 7643 7644
f 7646 7641 7643
f 7647 7641 7646
f 7620 7603 7619
f 7649 7620 7619
f 7620 7649 7650
f 7632 7634 7635
f 7632 7633 7634
f 7633 7620 7650
f 7634 7633 7650
f 7634 7650 7652
f 7652 7650 7651
f 7621 7649 7619
f 7651 7649 7621
f 7621 7626 7653
f 7621 7653 7654
f 7654 7651 7621
f 7626 7627 7653
f 7654 7653 7655
f 7653 7627 7655
f 7650 7649 7651
f 7651 7654 7656
f 7656 7652 7651
f 7657 7658 7655
f 7659 7656 7654
f 7655 7659 7654
f 7645 7642 7635
f 7645 7648 7643
f 7647 7646 7661
f 7660 7648 7645
f 7661 7664 7647
f 7647 7664 7663
f 7662 7664 7661
f 7634 7652 7666
f 7666 7635 7634
f 7667 7645 7635
f 7635 7666 7667
f 7668 7645 7667
f 7668 7660 7645
f 7664 7662 7669
f 7656 7666 7652
f 7659 7666 7656
f 7671 7667 7666
f 7666 7659 7671
f 7667 7670 7668
f 7664 7669 7665
f 7667 7671 7670
f 7669 7670 7665
f 7673 7665 7670
f 7675 3745 3738
f 7567 3823 3613
f 3733 3823 7676
f 7677 3823 7567
f 7676 3823 7678
f 7679 3733 7676
f 3735 3728 3733
f 3733 7679 3735
f 7679 7680 3735
f 7680 3737 3735
f 7675 3738 3737
f 7677 7569 7682
f 7569 7677 7567
f 7567 7568 7569
f 7681 7676 7678
f 7676 7681 7679
f 7685 7681 7683
f 7685 7679 7681
f 7679 7685 7684
f 7686 7682 7569
f 7569 7687 7686
f 7688 7685 7683
f 7684 7680 7679
f 7689 3737 7680
f 7680 7684 7689
f 3737 7689 7690
f 7690 7675 3737
f 7691 7675 7690
f 7693 7692 7691
f 7684 7694 7689
f 7689 7694 7695
f 7695 7690 7689
f 7695 7691 7690
f 7696 7691 7695
f 7697 7693 7691
f 7698 3741 3744
f 3744 3746 7698
f 7699 7698 3746
f 7700 3746 3745
f 3746 7700 7699
f 7700 3745 7675
f 7701 3824 3741
f 7701 3835 3824
f 7698 7701 3741
f 3835 3837 3836
f 7703 3837 7702
f 7692 7699 7700
f 7701 7698 7704
f 7704 7705 7701
f 3835 7701 7705
f 7706 3835 7705
f 7702 3837 3835
f 7706 7702 3835
f 7707 7702 7706
f 3842 3838 7708
f 7703 7708 3837
f 3837 7708 3838
f 7709 3844 3842
f 7709 3845 3844
f 7709 3842 7710
f 7710 7711 7709
f 7703 7713 7708
f 7713 3842 7708
f 3842 7713 7710
f 7714 7710 7713
f 3839 3842 3844
f 3845 3843 3844
f 7691 7700 7675
f 7692 7700 7691
f 7692 7698 7699
f 7692 7704 7698
f 7704 7706 7705
f 7704 7707 7706
f 7716 7707 7704
f 7703 7702 7718
f 7707 7718 7702
f 7713 7703 7718
f 7718 7707 7717
f 7715 7714 7713
f 7713 7718 7715
f 7719 7718 7717
f 7719 7715 7718
f 7720 7707 7716
f 7720 7717 7707
f 7717 7722 7721
f 7721 7719 7717
f 7724 7715 7719
f 7724 7723 7715
f 7712 7711 7710
f 7714 7712 7710
f 7726 7725 7714
f 3857 3845 3858
f 7727 3858 7711
f 7727 7711 7712
f 7727 3859 3858
f 3859 7727 7728
f 7728 7727 7729
f 7731 7727 7730
f 7730 7727 7712
f 7714 7730 7712
f 7714 7725 7730
f 7730 7725 7732
f 7732 7731 7730
f 7725 7726 7733
f 3865 7728 7729
f 3865 3859 7728
f 3865 3864 3859
f 7734 3865 7729
f 7734 7735 3865
f 7731 7729 7727
f 7731 7734 7729
f 7735 3864 3865
f 7735 7734 7737
f 7736 7737 7734
f 3864 7735 3867
f 7732 7734 7731
f 7732 7736 7734
f 7733 7732 7725
f 7738 7736 7732
f 7733 7738 7732
f 7714 7715 7726
f 7723 7726 7715
f 7740 7726 7723
f 7726 7740 7733
f 7741 7740 7723
f 7740 7739 7733
f 7739 7740 7742
f 7578 7687 7569
f 7688 7743 7685
f 7744 7684 7685
f 7745 7744 7685
f 7694 7744 7745
f 7581 7743 7578
f 7743 7687 7578
f 7746 7685 7743
f 7746 7745 7685
f 7684 7744 7694
f 7697 7691 7696
f 7696 7695 7694
f 7745 7747 7694
f 7696 7694 7749
f 7750 7697 7696
f 7750 7751 7697
f 7751 7693 7697
f 7693 7751 7748
f 7745 7754 7747
f 7754 7746 7583
f 7746 7754 7745
f 7585 7754 7583
f 7749 7694 7747
f 7755 7750 7696
f 7755 7696 7749
f 7756 7749 7747
f 7756 7755 7749
f 7751 7752 7748
f 7750 7757 7751
f 7758 7753 7752
f 7760 7759 7753
f 7761 7755 7756
f 7762 7750 7755
f 7750 7762 7763
f 7757 7750 7763
f 7751 7757 7752
f 7753 7764 7760
f 7764 7753 7758
f 7693 7704 7692
f 7748 7716 7704
f 7748 7704 7693
f 7720 7722 7717
f 7767 7719 7721
f 7748 7752 7716
f 7753 7720 7716
f 7720 7753 7722
f 7753 7716 7752
f 7767 7721 7765
f 7759 7721 7722
f 7759 7722 7753
f 7759 7765 7721
f 7765 7759 7760
f 7724 7719 7767
f 7724 7768 7723
f 7724 7767 7768
f 7723 7768 7741
f 7770 7767 7769
f 7768 7767 7770
f 7768 7771 7741
f 7771 7740 7741
f 7742 7740 7771
f 7742 7771 7772
f 7774 7772 7771
f 7769 7767 7765
f 7766 7769 7765
f 7771 7768 7776
f 7775 7768 7770
f 7775 7776 7768
f 7765 7760 7766
f 7766 7770 7769
f 7777 7776 7775
f 7777 7770 7766
f 7777 7775 7770
f 7778 7776 7777
f 7773 7771 7776
f 7773 7774 7771
f 7778 7773 7776
f 7778 7774 7773
f 7737 3867 7735
f 3874 3867 7737
f 3874 3872 3867
f 3874 7737 7781
f 7736 7781 7737
f 7736 7738 7781
f 7782 3874 7781
f 3872 3874 3875
f 7782 3875 3874
f 3875 7782 7783
f 7739 7738 7733
f 7782 7781 7738
f 7738 7739 7782
f 7784 7782 7739
f 7784 7783 7782
f 3875 3876 3873
f 3875 3877 3876
f 7783 3923 3875
f 3923 7783 7785
f 7785 7783 7786
f 7783 7784 7786
f 7787 7785 7786
f 7786 7788 7787
f 7742 7784 7739
f 7742 7789 7784
f 7789 7786 7784
f 7789 7790 7786
f 7742 7790 7789
f 7790 7788 7786
f 7788 3946 7787
f 7788 7793 3946
f 7794 7793 7788
f 7794 7788 7790
f 7791 7794 7790
f 7791 7795 7794
f 7794 7795 7796
f 7794 7797 7798
f 7799 7797 7800
f 7800 7797 7794
f 7772 7801 7742
f 7801 7802 7742
f 7774 7801 7772
f 7803 7802 7801
f 7804 7790 7742
f 7802 7804 7742
f 7804 7791 7790
f 7805 7791 7804
f 7803 7804 7802
f 7803 7805 7804
f 7803 7801 7774
f 7803 7774 7779
f 7780 7779 7778
f 7774 7778 7779
f 7806 7803 7779
f 7806 7805 7803
f 7805 7808 7791
f 7795 7791 7808
f 7808 7800 7795
f 7796 7795 7800
f 7805 7809 7808
f 7800 7794 7796
f 7809 7811 7800
f 7800 7811 7799
f 7799 7811 7812
f 7810 7811 7809
f 7809 7800 7808
f 7814 7812 7811
f 7813 7814 7811
f 7805 7806 7807
f 7807 7809 7805
f 7807 7810 7809
f 7811 7810 7813
f 7813 7810 7815
f 7810 7817 7815
f 7816 7810 7807
f 7818 7817 7810
f 7810 7816 7818
f 7819 7815 7817
f 7818 7819 7817
f 3875 3923 3877
f 3924 3923 7785
f 7792 3944 3924
f 7792 3924 7785
f 7792 3946 3944
f 3944 3946 3943
f 3943 3946 3945
f 7785 7787 7792
f 7792 7787 3946
f 3946 3954 3945
f 3954 3946 7820
f 3953 3954 7820
f 3953 7820 7821
f 7793 7820 3946
f 7820 7793 7798
f 7794 7798 7793
f 7637 7754 7585
f 7754 7637 7822
f 7747 7754 7822
f 7823 7747 7822
f 7823 7756 7747
f 7824 7756 7823
f 7824 7761 7756
f 7824 7825 7761
f 7762 7755 7761
f 7752 7757 7763
f 7826 7752 7763
f 7826 7758 7752
f 7827 7764 7758
f 7826 7827 7758
f 7829 7760 7764
f 7828 7764 7827
f 7828 7829 7764
f 7825 7763 7762
f 7825 7762 7761
f 7830 7826 7763
f 7831 7826 7830
f 7832 7637 7641
f 7832 7822 7637
f 7833 7823 7822
f 7823 7833 7824
f 7834 7825 7824
f 7833 7822 7832
f 7641 7647 7832
f 7663 7832 7647
f 7834 7835 7825
f 7835 7830 7825
f 7836 7824 7833
f 7835 7834 7836
f 7836 7834 7824
f 7837 7830 7835
f 7827 7826 7828
f 7830 7763 7825
f 7826 7831 7838
f 7839 7826 7838
f 7831 7830 7837
f 7829 7766 7760
f 7841 7777 7829
f 7766 7829 7777
f 7841 7842 7777
f 7842 7840 7777
f 7826 7839 7828
f 7828 7839 7844
f 7828 7841 7829
f 7828 7844 7841
f 7831 7846 7838
f 7848 7844 7839
f 7847 7841 7844
f 7849 7845 7847
f 7842 7841 7845
f 7847 7845 7841
f 7842 7850 7840
f 7840 7850 7843
f 7842 7845 7850
f 7852 7843 7850
f 7850 7845 7853
f 7849 7853 7845
f 7851 7850 7853
f 7851 7852 7850
f 7777 7840 7778
f 7778 7843 7780
f 7840 7843 7778
f 7833 7832 7663
f 7833 7663 7854
f 7854 7836 7833
f 7836 7855 7835
f 7855 7836 7856
f 7837 7835 7855
f 7856 7836 7854
f 7665 7663 7664
f 7858 7857 7855
f 7857 7837 7855
f 7856 7858 7855
f 7846 7831 7837
f 7859 7848 7838
f 7848 7839 7838
f 7859 7838 7846
f 7849 7847 7860
f 7844 7848 7847
f 7848 7861 7847
f 7860 7853 7849
f 7862 7851 7853
f 7862 7863 7851
f 7861 7860 7847
f 7861 7864 7860
f 7860 7862 7853
f 7864 7862 7860
f 7858 7856 7854
f 7866 7858 7854
f 7663 7665 7854
f 7846 7837 7857
f 7867 7859 7846
f 7868 7848 7859
f 7859 7867 7868
f 7866 7854 7665
f 7665 7674 7866
f 7871 7858 7866
f 7870 7857 7858
f 7870 7846 7857
f 7846 7870 7872
f 7872 7867 7846
f 7868 7869 7848
f 7873 7869 7868
f 7874 7869 7873
f 7869 7861 7848
f 7874 7864 7861
f 7869 7874 7861
f 7865 7862 7864
f 7875 7865 7864
f 7876 7865 7875
f 7864 7874 7875
f 7877 7875 7874
f 7863 7852 7851
f 7878 7852 7863
f 7780 7806 7779
f 7852 7880 7780
f 7780 7880 7806
f 7880 7879 7806
f 7852 7780 7843
f 7881 7880 7852
f 7878 7881 7852
f 7882 7881 7878
f 7816 7807 7806
f 7816 7806 7879
f 7883 7816 7879
f 7883 7818 7816
f 7885 7818 7883
f 7818 7885 7884
f 7886 7884 7885
f 7887 7819 7818
f 7818 7884 7887
f 7881 7879 7880
f 7879 7881 7888
f 7879 7888 7883
f 7891 7888 7881
f 7891 7889 7888
f 7890 7891 7881
f 7888 7885 7883
f 7888 7889 7885
f 7889 7892 7886
f 7891 7893 7889
f 7889 7886 7885
f 7894 7863 7862
f 7894 7878 7863
f 7865 7894 7862
f 7894 7895 7878
f 7896 7895 7894
f 7882 7878 7897
f 7895 7898 7878
f 7896 7898 7895
f 7898 7897 7878
f 7865 7876 7899
f 7865 7899 7900
f 7900 7901 7865
f 7901 7896 7865
f 7896 7894 7865
f 7899 7876 7875
f 7875 7877 7899
f 7902 7899 7877
f 7903 7900 7899
f 7902 7903 7899
f 7904 7898 7896
f 7901 7904 7896
f 7906 7904 7901
f 7903 7901 7900
f 7902 7907 7903
f 7901 7903 7906
f 7909 7906 7903
f 7908 7909 7907
f 7905 7882 7897
f 7897 7898 7905
f 7906 7905 7904
f 7904 7905 7898
f 7906 7910 7905
f 7911 7910 7909
f 7909 7910 7906
f 7907 7909 7903
f 7911 7909 7912
f 7911 7912 7913
f 7911 7913 7914
f 7916 7914 7913
f 7882 7890 7881
f 7890 7882 7917
f 7918 7891 7890
f 7917 7918 7890
f 7882 7905 7917
f 7917 7905 7919
f 7918 7917 7919
f 7891 7918 7893
f 7921 7889 7893
f 7920 7921 7893
f 7918 7919 7910
f 7922 7918 7910
f 7922 7893 7918
f 7920 7893 7922
f 7905 7910 7919
f 7910 7911 7914
f 7922 7910 7914
f 7915 7922 7914
f 7915 7914 7916
f 7923 7611 4798
f 7924 7613 7614
f 7923 7614 7611
f 7925 7614 7923
f 7613 7924 7615
f 7925 7924 7614
f 7615 7924 7926
f 7927 7924 7925
f 7925 7929 7927
f 7930 7623 7615
f 7926 7930 7615
f 7927 7926 7924
f 7931 7926 7927
f 7932 7931 7927
f 7933 7930 7926
f 7931 7933 7926
f 7934 7933 7931
f 7930 7625 7623
f 7935 7625 7930
f 7930 7933 7935
f 7933 7934 7937
f 7937 7935 7933
f 7625 7935 7936
f 7932 7927 7929
f 7931 7932 7934
f 7938 7932 7929
f 7932 7938 7939
f 7932 7942 7934
f 7932 7939 7942
f 7942 7937 7934
f 7942 7939 7943
f 7940 7939 7938
f 7938 7941 7940
f 7944 7940 7941
f 7940 7944 7946
f 7939 7940 7945
f 7946 7945 7940
f 7948 7946 7944
f 7946 7948 7949
f 4852 4798 4799
f 4852 7923 4798
f 4853 7923 4852
f 7928 7923 4853
f 4854 7928 4853
f 7928 7925 7923
f 4855 7951 7952
f 7951 4855 4858
f 7952 4854 4855
f 7951 7953 7952
f 7954 7951 4858
f 7954 7953 7951
f 7955 7953 7954
f 4854 7952 7956
f 7956 7928 4854
f 7929 7928 7956
f 7953 7956 7952
f 7957 7956 7953
f 7958 7957 7953
f 7958 7953 7955
f 7955 7959 7958
f 7956 7938 7929
f 7956 7957 7941
f 7956 7941 7938
f 4859 7954 4858
f 7955 7954 7959
f 7959 7954 4859
f 7960 7959 4859
f 4859 4857 7960
f 7944 7957 7958
f 7961 7958 7959
f 7961 7959 7962
f 7962 7959 7960
f 4869 7960 4857
f 7963 7960 4869
f 7963 4869 4871
f 4869 4870 4871
f 7962 7960 7963
f 7964 7962 7963
f 4871 7964 7963
f 7944 7941 7957
f 7958 7961 7944
f 7966 7961 7962
f 7964 4871 7965
f 7964 7966 7962
f 7961 7948 7944
f 7966 7948 7961
f 7950 7948 7966
f 7964 7967 7966
f 7967 7950 7966
f 7968 7657 7627
f 7627 7969 7968
f 7624 7936 7627
f 7936 7624 7625
f 7970 7936 7935
f 7935 7937 7970
f 7969 7627 7936
f 7970 7969 7936
f 7971 7969 7970
f 7657 7655 7627
f 7658 7659 7655
f 7657 7972 7658
f 7973 7968 7969
f 7968 7972 7657
f 7971 7970 7974
f 7937 7974 7970
f 7937 7942 7974
f 7974 7942 7975
f 7976 7971 7974
f 7975 7942 7943
f 7974 7975 7977
f 7978 7977 7975
f 7978 7975 7943
f 7973 7979 7968
f 7980 7968 7979
f 7981 7980 7979
f 7979 7982 7981
f 7971 7973 7969
f 7973 7971 7976
f 7973 7976 7979
f 7982 7979 7976
f 7977 7976 7974
f 7983 7982 7976
f 7977 7983 7976
f 7983 7981 7982
f 7659 7658 7984
f 7972 7984 7658
f 7985 7670 7671
f 7659 7984 7671
f 7984 7985 7671
f 7985 7984 7972
f 7968 7985 7972
f 7985 7968 7987
f 7985 7986 7670
f 7672 7988 7989
f 7673 7670 7672
f 7665 7673 7674
f 7672 7989 7673
f 7985 7987 7986
f 7990 7673 7989
f 7673 7990 7674
f 7991 7871 7674
f 7980 7987 7968
f 7993 7980 7981
f 7983 7994 7981
f 7993 7992 7980
f 7994 7993 7981
f 7995 7993 7994
f 7998 7989 7988
f 7992 7987 7980
f 7990 7989 7998
f 7991 7674 7990
f 8000 7999 7871
f 8001 7999 8000
f 8000 7871 7991
f 7995 7992 7993
f 7998 7996 7990
f 7996 7997 7990
f 8002 7990 7997
f 8000 7991 8003
f 8002 7991 7990
f 7947 7939 7945
f 7939 7947 7943
f 7947 7978 7943
f 8004 7947 7945
f 8005 7978 7947
f 8005 7947 8004
f 8004 7945 7946
f 7949 8004 7946
f 7949 8006 8004
f 8006 8007 8004
f 8005 7977 7978
f 8008 7983 7977
f 7977 8005 8008
f 8006 8009 8007
f 8004 8007 8005
f 8005 8007 8010
f 8010 8008 8005
f 8007 8009 8010
f 7948 8006 7949
f 8012 8006 7948
f 8011 8012 7948
f 8012 8011 8013
f 8009 8006 8014
f 8006 8012 8014
f 8012 8013 8014
f 7983 8008 7994
f 7994 8008 8015
f 8008 8010 8016
f 8017 8016 8010
f 8016 8015 8008
f 8020 8015 8018
f 8020 8019 8015
f 8022 8002 8021
f 8021 8002 7997
f 7997 7994 8021
f 8003 7991 8002
f 8003 8024 8000
f 8022 8003 8002
f 8024 8025 8000
f 8023 8003 8022
f 8003 8023 8024
f 8015 8021 7994
f 8025 8024 8027
f 8027 8026 8025
f 8019 8021 8015
f 8019 8022 8021
f 8022 8019 8023
f 8028 8023 8019
f 8030 8024 8023
f 8031 8027 8030
f 8030 8027 8024
f 8031 8026 8027
f 8029 8026 8031
f 8032 8026 8029
f 8010 8009 8033
f 8020 8018 8034
f 8018 8033 8034
f 8033 8017 8010
f 8035 8034 8033
f 8014 8033 8009
f 8033 8014 8037
f 8036 8035 8033
f 8034 8019 8020
f 8038 8019 8034
f 8028 8039 8023
f 8019 8038 8028
f 8040 8028 8038
f 8041 8029 8031
f 8041 8042 8032
f 8041 8032 8029
f 8043 8042 8041
f 8034 8035 8038
f 8044 8040 8038
f 8039 8040 8045
f 8038 8035 8046
f 8038 8046 8044
f 8044 8045 8040
f 8039 8045 8031
f 8047 8041 8031
f 8047 8031 8045
f 8048 8043 8047
f 8047 8043 8041
f 8011 7948 7950
f 8049 8042 8043
f 8052 8049 8043
f 8049 8052 8050
f 4870 8054 4871
f 4907 8055 4870
f 4907 4909 8055
f 8054 7965 4871
f 8055 8054 4870
f 8056 7967 7964
f 7964 7965 8056
f 8057 8056 7965
f 8057 7965 8054
f 8058 8057 8054
f 8058 8054 8055
f 8058 8055 4909
f 8059 8056 8057
f 8059 8057 8060
f 4924 4909 4908
f 4924 8058 4909
f 8062 4924 4926
f 4929 8062 4926
f 8062 8061 4924
f 8058 4924 8061
f 8063 8058 8061
f 8060 8057 8058
f 8058 8063 8060
f 8061 8064 8063
f 8067 8013 8066
f 8067 8068 8013
f 8069 8035 8036
f 8035 8069 8046
f 8068 8014 8013
f 8068 8037 8014
f 8068 8070 8037
f 8071 8036 8070
f 8036 8071 8069
f 8069 8072 8046
f 8072 8073 8046
f 8074 8045 8044
f 8073 8044 8046
f 8075 8045 8074
f 8075 8047 8045
f 8075 8048 8047
f 8076 8044 8073
f 8076 8074 8044
f 8076 8075 8074
f 8077 8075 8076
f 8078 8075 8077
f 8079 8070 8068
f 8070 8080 8071
f 8072 8069 8071
f 8076 8073 8072
f 8082 8076 8072
f 8083 8071 8080
f 8082 8081 8076
f 8085 8082 8072
f 8085 8072 8071
f 8081 8077 8076
f 8084 8077 8081
f 7950 7967 8011
f 8066 8011 7967
f 8013 8011 8066
f 8086 7967 8056
f 8056 8059 8086
f 8067 8066 7967
f 7967 8086 8067
f 8087 8067 8086
f 8087 8068 8067
f 8043 8051 8052
f 8051 8043 8048
f 8053 8050 8052
f 8052 8088 8053
f 8089 8088 8052
f 8078 8048 8075
f 8090 8051 8048
f 8091 8052 8051
f 8078 8090 8048
f 8051 8090 8091
f 8052 8091 8089
f 8093 8092 8088
f 8093 8094 8092
f 8089 8093 8088
f 8094 8093 8096
f 8097 8094 8096
f 8098 8094 8097
f 8099 8079 8068
f 8100 8090 8078
f 8077 8084 8078
f 8084 8100 8078
f 8101 8090 8100
f 8090 8101 8102
f 8103 8090 8102
f 8103 8091 8090
f 8091 8103 8089
f 8104 8100 8084
f 8105 8102 8101
f 8105 8101 8100
f 8104 8105 8100
f 8106 8103 8102
f 8106 8105 8107
f 8106 8102 8105
f 8095 8093 8089
f 8095 8096 8093
f 8089 8103 8108
f 8108 8095 8089
f 8095 8109 8096
f 8098 8097 8096
f 8098 8096 8110
f 8106 8108 8103
f 8111 8108 8106
f 8108 8111 8109
f 8095 8108 8109
f 8096 8109 8110
f 8112 8109 8111
f 8110 8109 8112
f 8114 8113 8098
f 8114 8098 8110
f 8116 8110 8112
f 8116 8114 8110
f 8116 8117 8114
f 8114 8117 8115
f 8118 8117 8116
f 8059 8060 8121
f 8059 8087 8086
f 8059 8121 8087
f 8060 8122 8121
f 8123 8087 8124
f 8087 8121 8124
f 8060 8125 8122
f 8063 8125 8060
f 8126 8125 8063
f 8124 8129 8127
f 8122 8124 8121
f 8128 8124 8122
f 8130 8128 8122
f 8130 8122 8125
f 8132 8129 8131
f 8087 8099 8068
f 8123 8099 8087
f 8133 8071 8083
f 8084 8081 8134
f 8084 8134 8104
f 8071 8133 8085
f 8135 8082 8085
f 8136 8082 8135
f 8081 8082 8134
f 8136 8134 8082
f 8127 8123 8124
f 8127 8083 8123
f 8127 8085 8133
f 8127 8133 8083
f 8137 8085 8127
f 8135 8085 8137
f 8138 8104 8134
f 8134 8136 8138
f 8139 8104 8138
f 8141 8107 8105
f 8104 8141 8105
f 8139 8141 8104
f 8143 8141 8139
f 8144 8107 8141
f 8140 8143 8139
f 8145 8141 8143
f 8146 8143 8140
f 8146 8145 8143
f 8111 8106 8107
f 8142 8111 8107
f 8142 8112 8111
f 8142 8116 8112
f 8116 8142 8147
f 8142 8148 8147
f 8144 8142 8107
f 8149 8142 8144
f 8149 8148 8142
f 8145 8144 8141
f 8145 8150 8144
f 8149 8144 8150
f 8151 8149 8150
f 8152 8148 8149
f 8152 8149 8151
f 8153 8152 8154
f 8155 8135 8137
f 8136 8156 8138
f 8155 8136 8135
f 8157 8136 8155
f 8157 8156 8136
f 8158 8139 8138
f 8158 8138 8156
f 8158 8140 8139
f 8146 8140 8158
f 8159 8146 8158
f 8159 8161 8146
f 8161 8160 8146
f 8132 8127 8129
f 8137 8127 8132
f 8162 8137 8132
f 8162 8155 8137
f 8163 8158 8156
f 8159 8158 8163
f 8164 8159 8163
f 8160 8161 8165
f 8164 8161 8159
f 8165 8161 8164
f 8166 8160 8165
f 8166 8167 8160
f 8167 8166 8168
f 8164 8166 8165
f 8160 8145 8146
f 8145 8160 8150
f 8160 8167 8150
f 8154 8152 8151
f 8151 8150 8154
f 8170 8154 8150
f 8167 8170 8150
f 8170 8167 8168
f 8170 8168 8172
f 8116 8147 8118
f 8120 8118 8147
f 8173 8120 8147
f 8152 8153 8148
f 8154 8174 8153
f 8175 8153 8174
f 8173 8147 8148
f 8153 8173 8148
f 8173 8153 8175
f 8175 8177 8173
f 8173 8177 8120
f 8174 8177 8175
f 8178 8177 8174
f 8174 8176 8178
f 8179 8178 8176
f 8118 8119 8117
f 8120 8119 8118
f 8120 8181 8119
f 8180 8182 8120
f 8181 8120 8182
f 8183 8182 8180
f 8120 8177 8178
f 8178 8180 8120
f 8179 8183 8178
f 8183 8180 8178
f 8154 8171 8174
f 8176 8174 8171
f 8154 8170 8171
f 8186 8176 8171
f 8186 8187 8176
f 8172 8171 8170
f 8171 8172 8186
f 8169 8172 8168
f 8172 8187 8186
f 8187 8188 8176
f 8172 8169 8189
f 8187 8172 8189
f 8188 8179 8176
f 8179 8188 8185
f 8183 8179 8185
f 8190 8185 8188
f 8189 8188 8187
f 8191 8188 8189
f 8191 8190 8188
f 8192 8191 8189
f 7871 7866 7674
f 7999 7858 7871
f 7999 7870 7858
f 7872 7870 8193
f 7867 8194 7868
f 7868 8194 7873
f 8194 7867 7872
f 7999 8001 7870
f 8195 7872 8193
f 8195 8194 7872
f 8196 7874 7873
f 7873 8197 8196
f 7874 8196 8198
f 8194 8197 7873
f 8199 8198 8196
f 8199 8196 8197
f 8198 8199 8200
f 7874 8198 7877
f 8001 8193 7870
f 8201 8195 8193
f 8025 8193 8001
f 8201 8193 8025
f 8195 8202 8194
f 8202 8197 8194
f 8202 8203 8197
f 8204 8200 8199
f 8203 8199 8197
f 8202 8195 8201
f 8206 8201 8025
f 8202 8201 8206
f 8207 8202 8206
f 8207 8209 8202
f 8202 8209 8205
f 8208 8205 8209
f 8210 8203 8202
f 8210 8202 8205
f 8205 8208 8210
f 8210 8211 8203
f 8206 8025 8026
f 8207 8206 8026
f 8210 8208 8212
f 8213 8212 8208
f 8214 8208 8209
f 8214 8213 8208
f 8215 8209 8207
f 8032 8207 8026
f 8209 8215 8214
f 8032 8215 8207
f 8032 8042 8215
f 8042 8214 8215
f 8216 8198 8200
f 8216 7877 8198
f 8216 7902 7877
f 8217 7902 8216
f 7902 8217 7908
f 7908 7907 7902
f 7908 8217 8220
f 7908 8220 8221
f 8219 8220 8217
f 8204 8216 8200
f 8216 8204 8218
f 8218 8217 8216
f 8203 8223 8199
f 8223 8204 8199
f 8222 8218 8204
f 8223 8222 8204
f 8224 8222 8223
f 8225 8217 8218
f 8225 8218 8222
f 8217 8225 8219
f 8225 8226 8227
f 8222 8226 8225
f 8228 8226 8222
f 8212 8211 8210
f 8211 8223 8203
f 8229 8222 8224
f 8223 8211 8224
f 8230 8222 8229
f 8230 8228 8222
f 8227 8219 8225
f 8228 8227 8226
f 8228 8232 8227
f 8227 8232 8234
f 8230 8232 8228
f 8230 8235 8232
f 8237 8234 8232
f 8236 8237 8232
f 8238 8234 8237
f 8233 8220 8219
f 8233 8219 8227
f 8220 8233 8240
f 8241 8233 8234
f 8234 8233 8227
f 7912 7909 7908
f 8242 7913 7912
f 8221 7912 7908
f 8221 8242 7912
f 8240 8221 8220
f 8243 8221 8240
f 8243 8240 8245
f 8240 8244 8245
f 7913 8242 7916
f 8246 7916 8242
f 8243 8242 8221
f 8245 8247 8243
f 8243 8246 8242
f 8248 8246 8243
f 8247 8248 8243
f 8248 8247 8249
f 8238 8239 8250
f 8241 8240 8233
f 8238 8241 8234
f 8241 8238 8244
f 8244 8238 8250
f 8240 8241 8244
f 8244 8252 8245
f 8250 8252 8244
f 8254 8253 8250
f 8254 8250 8251
f 8255 8256 8245
f 8252 8255 8245
f 8255 8252 8250
f 8247 8245 8256
f 8257 8247 8256
f 8247 8257 8249
f 8253 8255 8250
f 8258 8255 8253
f 8253 8254 8260
f 8259 8260 8254
f 8260 8258 8253
f 8261 8255 8258
f 8257 8255 8261
f 8261 8258 8262
f 8260 8263 8258
f 8258 8263 8262
f 8264 8262 8263
f 8213 8266 8212
f 8266 8265 8212
f 8267 8268 8231
f 8214 8266 8213
f 8269 8214 8049
f 8269 8266 8214
f 8270 8265 8266
f 8270 8267 8265
f 8269 8270 8266
f 8268 8235 8231
f 8232 8235 8236
f 8267 8272 8268
f 8235 8268 8272
f 8236 8235 8237
f 8237 8235 8272
f 8239 8238 8237
f 8239 8237 8273
f 8273 8237 8272
f 8271 8273 8272
f 8267 8270 8271
f 8271 8272 8267
f 8274 8273 8271
f 8049 8214 8042
f 8276 8269 8049
f 8276 8270 8269
f 8050 8276 8049
f 8053 8276 8050
f 8275 8271 8270
f 8275 8270 8276
f 8271 8275 8274
f 8088 8276 8053
f 8092 8276 8088
f 8276 8092 8275
f 8277 8278 8275
f 8277 8275 8092
f 8279 8239 8273
f 8250 8239 8251
f 8239 8279 8251
f 8273 8274 8280
f 8280 8279 8273
f 8251 8279 8254
f 8279 8280 8281
f 8280 8274 8282
f 8282 8281 8280
f 8282 8283 8281
f 8254 8279 8281
f 8281 8259 8254
f 8259 8281 8260
f 8283 8260 8281
f 8263 8260 8264
f 8260 8283 8264
f 8274 8275 8278
f 8278 8282 8274
f 8277 8284 8278
f 8284 8282 8278
f 8285 8283 8282
f 8286 8282 8284
f 8286 8285 8282
f 8285 8286 8287
f 8094 8277 8092
f 8288 8277 8094
f 8288 8284 8277
f 8288 8289 8284
f 8113 8288 8094
f 8288 8113 8115
f 8098 8113 8094
f 8115 8290 8288
f 8290 8289 8288
f 8284 8289 8286
f 8291 8286 8289
f 8286 8292 8287
f 8291 8289 8290
f 8293 8286 8291
f 8293 8292 8286
f 8293 8294 8292
f 8113 8114 8115
f 8296 8290 8115
f 8296 8291 8290
f 8115 8117 8296
f 8296 8293 8291
f 8297 8293 8296
f 8295 8293 8297
f 8298 8297 8296
f 8296 8117 8298
f 8117 8119 8298
f 8061 8062 8065
f 8299 4929 4979
f 4929 4969 4979
f 4979 4969 4970
f 8299 8062 4929
f 8300 8299 4979
f 8301 8062 8299
f 8065 8064 8061
f 8063 8064 8126
f 8065 8302 8064
f 8301 8065 8062
f 4982 4979 4978
f 4982 8300 4979
f 8304 8303 5007
f 5004 4982 4980
f 5007 4982 5004
f 5006 5007 5004
f 5007 8303 4982
f 8303 8300 4982
f 8299 8300 8305
f 8304 8306 8303
f 8303 8305 8300
f 8305 8303 8306
f 8307 5007 5006
f 8308 8306 8304
f 8309 8306 8308
f 8304 5007 8308
f 8313 8299 8305
f 8299 8313 8312
f 8312 8301 8299
f 8310 8065 8301
f 8302 8065 8310
f 8312 8310 8301
f 8310 8311 8302
f 8309 8305 8306
f 8309 8313 8305
f 8308 8314 8309
f 8315 8312 8309
f 8309 8312 8313
f 8316 8312 8315
f 8310 8312 8317
f 8316 8317 8312
f 8314 8315 8309
f 8315 8318 8316
f 8320 8126 8064
f 8320 8321 8319
f 8320 8319 8126
f 8319 8125 8126
f 8319 8130 8125
f 8132 8131 8323
f 8323 8130 8319
f 8132 8323 8322
f 8324 8323 8319
f 8323 8325 8322
f 8320 8064 8302
f 8326 8319 8321
f 8326 8324 8319
f 8323 8324 8325
f 8327 8322 8325
f 8328 8324 8326
f 8324 8329 8325
f 8325 8329 8327
f 8157 8155 8162
f 8157 8163 8156
f 8330 8163 8157
f 8331 8157 8162
f 8132 8322 8162
f 8330 8157 8331
f 8163 8330 8332
f 8322 8331 8162
f 8332 8330 8334
f 8330 8331 8334
f 8333 8164 8163
f 8335 8164 8333
f 8335 8166 8164
f 8335 8336 8166
f 8337 8335 8333
f 8337 8333 8163
f 8338 8335 8337
f 8338 8336 8335
f 8168 8166 8169
f 8336 8339 8166
f 8339 8169 8166
f 8340 8339 8336
f 8341 8339 8340
f 8332 8337 8163
f 8340 8336 8338
f 8340 8342 8343
f 8341 8340 8343
f 8327 8331 8322
f 8344 8334 8331
f 8344 8331 8327
f 8334 8344 8346
f 8334 8346 8332
f 8347 8332 8346
f 8345 8337 8347
f 8347 8337 8332
f 8345 8338 8337
f 8338 8342 8340
f 8345 8348 8338
f 8348 8342 8338
f 8349 8344 8327
f 8349 8346 8344
f 8347 8346 8349
f 8348 8350 8342
f 8343 8351 8341
f 8192 8189 8169
f 8192 8169 8339
f 8192 8339 8341
f 8352 8341 8351
f 8352 8192 8341
f 8191 8192 8352
f 8352 8351 8353
f 8343 8342 8351
f 8350 8351 8342
f 8350 8348 8354
f 8355 8351 8350
f 8356 8353 8351
f 8351 8355 8356
f 8311 8357 8320
f 8311 8320 8302
f 8320 8357 8321
f 8321 8357 8326
f 8359 8326 8357
f 8328 8326 8358
f 8329 8324 8328
f 8328 8360 8329
f 8362 8359 8357
f 8328 8358 8361
f 8361 8360 8328
f 8357 8363 8362
f 8364 8327 8329
f 8349 8327 8364
f 8329 8360 8364
f 8366 8364 8367
f 8366 8365 8349
f 8366 8349 8364
f 8368 8365 8366
f 8369 8363 8357
f 8369 8357 8311
f 8361 8370 8360
f 8371 8364 8360
f 8373 8372 8368
f 8371 8360 8375
f 8375 8360 8370
f 8375 8370 8374
f 8367 8364 8371
f 8371 8376 8367
f 8366 8373 8368
f 8373 8366 8367
f 8376 8373 8367
f 8369 8311 8310
f 8310 8317 8369
f 8316 8369 8317
f 8377 8369 8316
f 8377 8378 8369
f 8378 8363 8369
f 8373 8380 8372
f 8379 8372 8380
f 8381 8372 8379
f 8349 8365 8347
f 8382 8345 8347
f 8365 8382 8347
f 8384 8348 8345
f 8383 8345 8382
f 8383 8384 8345
f 8368 8382 8365
f 8372 8382 8368
f 8372 8383 8382
f 8385 8354 8348
f 8355 8354 8385
f 8355 8350 8354
f 8384 8385 8348
f 8387 8385 8386
f 8355 8385 8387
f 8388 8356 8355
f 8387 8388 8355
f 8389 8388 8387
f 8390 8385 8384
f 8385 8390 8386
f 8372 8384 8383
f 8390 8384 8372
f 8381 8390 8372
f 8381 8386 8390
f 8386 8381 8391
f 8391 8387 8386
f 8392 8387 8391
f 8389 8387 8393
f 8395 8389 8393
f 8389 8395 8394
f 8387 8392 8393
f 5011 5006 5005
f 5011 8307 5006
f 5011 8396 8307
f 8397 8307 8396
f 8307 8308 5007
f 8307 8398 8308
f 5011 5021 8396
f 5027 8396 5021
f 5027 8399 8396
f 8400 8398 8307
f 8396 8399 8397
f 8397 8400 8307
f 8314 8308 8398
f 8401 8314 8398
f 8314 8402 8315
f 8401 8402 8314
f 8404 8403 8315
f 8315 8402 8404
f 8400 8401 8398
f 8401 8400 8405
f 8401 8405 8402
f 8407 8402 8405
f 5027 5026 8408
f 5029 8408 5026
f 8399 5027 8409
f 8409 8397 8399
f 8408 8409 5027
f 5029 8411 8408
f 5032 8411 5029
f 5032 8412 8411
f 8413 8409 8408
f 8411 8415 8414
f 8414 8413 8408
f 8408 8411 8414
f 8406 8400 8397
f 8397 8409 8406
f 8410 8406 8409
f 8400 8406 8416
f 8400 8416 8405
f 8405 8416 8407
f 8417 8416 8406
f 8413 8410 8409
f 8419 8416 8417
f 8418 8416 8419
f 8420 8419 8421
f 8406 8410 8417
f 8421 8419 8417
f 8423 8371 8375
f 8318 8377 8316
f 8315 8403 8318
f 8318 8378 8377
f 8378 8318 8425
f 8426 8378 8425
f 8425 8318 8403
f 8403 8404 8425
f 8428 8426 8425
f 8374 8424 8375
f 8431 8375 8424
f 8431 8423 8375
f 8376 8371 8423
f 8380 8373 8376
f 8433 8379 8380
f 8391 8381 8379
f 8432 8376 8423
f 8432 8380 8376
f 8434 8380 8432
f 8434 8433 8380
f 8424 8427 8431
f 8430 8431 8427
f 8430 8427 8429
f 8423 8431 8430
f 8436 8434 8432
f 8433 8437 8379
f 8437 8433 8434
f 8438 8437 8434
f 8437 8391 8379
f 8435 8391 8437
f 8435 8392 8391
f 8440 8435 8437
f 8437 8439 8440
f 8435 8440 8441
f 8441 8442 8435
f 8441 8443 8442
f 8404 8445 8425
f 8445 8428 8425
f 8430 8429 8447
f 8407 8404 8402
f 8407 8448 8404
f 8448 8445 8404
f 8450 8429 8446
f 8429 8450 8447
f 8449 8445 8448
f 8451 8447 8450
f 8447 8423 8430
f 8423 8452 8432
f 8432 8452 8436
f 8447 8452 8423
f 8453 8434 8436
f 8436 8452 8453
f 8454 8438 8453
f 8453 8438 8434
f 8438 8439 8437
f 8439 8438 8454
f 8455 8440 8439
f 8456 8452 8447
f 8456 8453 8452
f 8456 8447 8451
f 8457 8456 8451
f 8455 8439 8454
f 8453 8456 8458
f 8454 8453 8458
f 8440 8460 8441
f 8460 8440 8455
f 8461 8444 8460
f 8444 8443 8441
f 8441 8460 8444
f 8461 8462 8444
f 8459 8460 8455
f 8465 8461 8460
f 8459 8464 8460
f 8464 8465 8460
f 8465 8462 8461
f 8465 8466 8462
f 8465 8464 8467
f 8393 8392 8442
f 8395 8393 8468
f 8442 8468 8393
f 8392 8435 8442
f 8468 8442 8443
f 8448 8407 8416
f 8448 8416 8418
f 8450 8446 8449
f 8450 8469 8457
f 8457 8451 8450
f 8471 8449 8448
f 8471 8448 8418
f 8471 8450 8449
f 8472 8471 8418
f 8471 8472 8473
f 8473 8469 8471
f 8469 8450 8471
f 8474 8457 8469
f 8474 8470 8457
f 8458 8456 8457
f 8476 8454 8458
f 8470 8458 8457
f 8476 8458 8470
f 8477 8454 8476
f 8454 8478 8455
f 8477 8478 8454
f 8475 8476 8470
f 8478 8459 8455
f 8478 8464 8459
f 8479 8467 8464
f 8467 8479 8480
f 8480 8466 8465
f 8465 8467 8480
f 8464 8478 8479
f 8477 8476 8475
f 8481 8479 8478
f 8480 8479 8483
f 8480 8483 8482
f 8419 8472 8418
f 8420 8472 8419
f 8420 8485 8472
f 8473 8484 8469
f 8484 8474 8469
f 8486 8474 8484
f 8475 8470 8474
f 8475 8474 8486
f 8487 8475 8486
f 8488 8484 8473
f 8488 8487 8486
f 8488 8486 8484
f 8489 8420 8422
f 8420 8489 8485
f 8489 8488 8485
f 8490 8475 8487
f 8490 8477 8475
f 8491 8481 8477
f 8492 8477 8490
f 8492 8491 8477
f 8491 8493 8481
f 8477 8481 8478
f 8483 8479 8481
f 8493 8483 8481
f 8494 5035 5036
f 5036 8495 8494
f 8494 8412 5035
f 8497 8494 8495
f 8497 8495 8496
f 8500 8499 8412
f 8500 8412 8494
f 8500 8494 8497
f 8501 8500 8497
f 8497 8496 8502
f 8498 8503 8496
f 8502 8501 8497
f 8496 8503 8502
f 8504 8500 8501
f 8504 8505 8500
f 8508 8504 8501
f 8498 8506 8503
f 8501 8502 8508
f 8508 8502 8509
f 8509 8502 8503
f 8503 8506 8509
f 8510 8413 8414
f 8505 8510 8414
f 8413 8417 8410
f 8511 8413 8510
f 8508 8507 8504
f 8512 8507 8508
f 8513 8512 8509
f 8509 8512 8508
f 8514 8513 8509
f 8514 8509 8515
f 8515 8509 8506
f 8516 8515 8506
f 8513 8517 8512
f 8518 8417 8413
f 8511 8518 8413
f 8417 8518 8421
f 8422 8420 8421
f 8421 8518 8422
f 8519 8489 8422
f 8511 8520 8521
f 8521 8518 8511
f 8522 8422 8518
f 8519 8422 8522
f 8522 8518 8521
f 8521 8519 8522
f 8524 8519 8521
f 8524 8523 8519
f 8525 8517 8513
f 8525 8526 8517
f 8513 8514 8525
f 8525 8514 8527
f 8527 8514 8515
f 8516 8528 8529
f 8530 8517 8526
f 8531 8520 8517
f 8530 8531 8517
f 8525 8527 8526
f 8530 8526 8532
f 8527 8533 8526
f 8533 8532 8526
f 8533 8527 8515
f 8533 8515 8516
f 8533 8516 8529
f 8535 8523 8524
f 8532 8531 8530
f 8524 8531 8536
f 8532 8536 8531
f 8536 8535 8524
f 8537 8536 8532
f 8537 8532 8533
f 8536 8537 8538
f 8533 8529 8540
f 8537 8533 8539
f 8538 8537 8541
f 8541 8537 8539
f 8539 8542 8541
f 8539 8533 8540
f 8539 8540 8542
f 8489 8543 8488
f 8544 8545 8487
f 8544 8487 8488
f 8489 8519 8543
f 8487 8545 8546
f 8546 8490 8487
f 8546 8492 8490
f 8491 8547 8493
f 8492 8549 8491
f 8549 8547 8491
f 8493 8547 8548
f 8523 8543 8519
f 8523 8550 8543
f 8550 8545 8544
f 8550 8551 8545
f 8551 8546 8545
f 8552 8546 8551
f 8552 8492 8546
f 8548 8547 8553
f 8552 8549 8492
f 8553 8549 8552
f 8553 8547 8549
f 8554 8555 8553
f 8535 8550 8523
f 8556 8550 8535
f 8558 8552 8551
f 8538 8535 8536
f 8560 8557 8535
f 8538 8560 8535
f 8541 8560 8538
f 8557 8560 8559
f 8552 8558 8554
f 8554 8553 8552
f 8559 8560 8561
f 8561 8562 8559
f 8561 8541 8565
f 8560 8541 8561
f 8561 8566 8564
f 8565 8541 8542
f 8566 8561 8565
f 8565 8567 8566
f 8555 8554 8563
f 8542 8567 8565
f 7711 3858 7709
f 3858 3845 7709
f 7925 7928 7929
f 8025 8001 8000
f 8039 8028 8040
f 8030 8023 8039
f 8031 8030 8039
f 8212 8224 8211
f 8212 8265 8224
f 8224 8265 8229
f 8265 8231 8229
f 8231 8230 8229
f 8231 8235 8230
f 8255 8257 8256
f 8231 8265 8267
f 5032 5034 8412
f 5034 5035 8412
f 8411 8412 8415
f 8499 8415 8412
f 8505 8414 8415
f 8505 8415 8499
f 8505 8499 8500
f 8507 8505 8504
f 8505 8507 8510
f 8507 8512 8510
f 8517 8510 8512
f 8510 8517 8520
f 8520 8511 8510
f 8521 8520 8531
f 8524 8521 8531
f 4295 8568 4312
f 8568 4295 4311
f 8568 4311 8569
f 8570 8568 8569
f 8570 8569 4316
f 4312 8568 8570
f 5517 4312 8570
f 5518 5517 8570
f 8571 8570 4316
f 8569 4311 4316
f 8571 4316 8572
f 8572 4316 4317
f 5547 5518 8573
f 8573 5518 8574
f 5518 8570 8574
f 8574 8570 8571
f 5548 5547 8575
f 8575 5547 8573
f 5550 5548 8575
f 8577 8575 8573
f 8575 8577 8576
f 8577 8573 8574
f 8579 8571 8572
f 8579 8572 8580
f 8581 8579 8580
f 8578 8571 8579
f 8571 8578 8574
f 8578 8579 8581
f 4345 4347 8582
f 8583 8582 4347
f 8585 4317 4355
f 8585 4342 4356
f 8585 4355 4342
f 8572 4317 8585
f 8572 8585 8586
f 8585 4356 8587
f 4356 4345 8582
f 8582 8588 4356
f 8588 8587 4356
f 8587 8588 8589
f 8580 8572 8586
f 8585 8587 8586
f 8586 8587 8580
f 8589 8590 8580
f 8589 8580 8587
f 8583 8588 8582
f 8583 8584 8591
f 8592 8590 8589
f 8589 8588 8592
f 8593 8588 8583
f 8591 8593 8583
f 8592 8588 8593
f 5572 5550 8575
f 8594 8575 8576
f 8594 5572 8575
f 8576 8577 8595
f 8596 8594 8576
f 8595 8596 8576
f 5577 8594 8596
f 5577 5572 8594
f 5573 5572 5577
f 5577 8596 8597
f 8598 8577 8574
f 8599 8595 8577
f 8599 8577 8598
f 8574 8578 8600
f 8598 8574 8600
f 8596 8595 8599
f 8598 8600 8601
f 8602 8599 8598
f 8602 8598 8601
f 5577 8597 5576
f 8603 5576 8597
f 8605 8597 8596
f 8603 8597 8604
f 8604 8597 8606
f 8606 8597 8605
f 8606 8607 8604
f 8607 8606 8608
f 5583 5576 5584
f 5584 5576 8603
f 5584 8603 8604
f 5584 8604 8607
f 8609 5584 8607
f 8599 8605 8596
f 8610 8605 8599
f 8602 8612 8611
f 8610 8599 8602
f 8611 8610 8602
f 8608 8606 8605
f 8608 8605 8610
f 8608 8610 8613
f 8613 8610 8611
f 8614 8608 8613
f 8613 8611 8615
f 8578 8581 8616
f 8600 8578 8601
f 8612 8601 8578
f 8578 8619 8612
f 8619 8578 8616
f 8602 8601 8612
f 8612 8620 8611
f 8620 8612 8619
f 8615 8611 8620
f 8615 8620 8622
f 8622 8620 8619
f 8622 8619 8621
f 8619 8616 8617
f 8624 8619 8617
f 8619 8624 8621
f 8621 8624 8625
f 8624 8617 8618
f 8626 8607 8608
f 5584 8609 5597
f 8627 5597 8609
f 8627 8609 8628
f 8628 8609 8607
f 8628 8607 8626
f 5597 8627 8628
f 5596 5597 8628
f 5596 8628 5595
f 8628 8629 5595
f 8626 8630 8628
f 8631 8626 8608
f 8631 8608 8614
f 8632 8614 8615
f 8632 8631 8614
f 8615 8614 8613
f 8633 8632 8615
f 8634 8633 8615
f 8630 8626 8631
f 8635 8631 8632
f 8630 8631 8635
f 8635 8632 8633
f 8636 8633 8634
f 8636 8635 8633
f 8629 5598 5595
f 5608 5598 8637
f 5598 5608 5607
f 8637 5598 8629
f 8629 8628 8630
f 8637 8629 8638
f 8638 8629 8630
f 8639 5609 5608
f 8640 5608 8637
f 8639 5608 8640
f 8641 8635 8636
f 8638 8642 8643
f 8630 8635 8641
f 8642 8630 8641
f 8638 8630 8642
f 8638 8644 8637
f 8644 8638 8645
f 8623 8615 8622
f 8634 8615 8623
f 8634 8623 8646
f 8647 8634 8646
f 8648 8623 8622
f 8648 8622 8621
f 8646 8623 8648
f 8636 8634 8649
f 8649 8634 8647
f 8650 8646 8648
f 8651 8650 8648
f 8649 8647 8646
f 8652 8621 8625
f 8648 8621 8652
f 8652 8625 8653
f 8625 8624 8653
f 8653 8624 8618
f 8655 8648 8652
f 8655 8652 8653
f 8651 8648 8655
f 8651 8655 8656
f 8655 8653 8618
f 8658 8618 8657
f 8655 8618 8658
f 8659 8636 8649
f 8649 8646 8650
f 8649 8650 8659
f 8636 8659 8641
f 8660 8642 8641
f 8660 8641 8659
f 8661 8660 8659
f 8659 8650 8661
f 8661 8650 8651
f 8661 8651 8662
f 8656 8655 8658
f 8656 8658 8663
f 8664 8663 8658
f 8665 8656 8663
f 8651 8656 8665
f 8665 8662 8651
f 8666 8665 8663
f 8667 8666 8663
f 8668 8581 8580
f 8668 8616 8581
f 8616 8668 8617
f 8669 8580 8590
f 8669 8668 8580
f 8617 8668 8670
f 8654 8617 8670
f 8618 8617 8654
f 8670 8668 8671
f 8668 8669 8671
f 8669 8590 8592
f 8592 8593 8672
f 8672 8669 8592
f 8673 8672 8593
f 8670 8675 8654
f 8671 8675 8670
f 8674 8654 8675
f 8675 8676 8674
f 8676 8675 8678
f 8677 8674 8676
f 8679 8675 8671
f 8678 8675 8679
f 8683 8679 8671
f 8680 8678 8679
f 8680 8679 8681
f 8676 8678 8680
f 8685 8676 8680
f 8681 8679 8683
f 8683 8680 8681
f 8680 8683 8687
f 8685 8680 8688
f 8688 8686 8685
f 8680 8687 8688
f 8657 8618 8654
f 8657 8654 8674
f 8658 8657 8674
f 8658 8674 8677
f 8664 8658 8677
f 8684 8677 8676
f 8677 8689 8664
f 8684 8689 8677
f 8689 8663 8664
f 8667 8663 8689
f 8689 8684 8690
f 8685 8684 8676
f 8684 8685 8686
f 8682 8671 8669
f 8669 8672 8682
f 8683 8671 8682
f 8691 8672 8673
f 8682 8672 8691
f 8683 8682 8692
f 8693 8687 8692
f 8687 8683 8692
f 8694 8682 8691
f 8694 8695 8682
f 4347 4391 8696
f 8696 4391 4392
f 8696 4392 8697
f 8696 8697 8698
f 8583 4347 8696
f 8583 8696 8584
f 8699 8584 8696
f 8699 8696 8698
f 8697 4392 4393
f 8702 8697 4393
f 4396 8702 4393
f 8705 4396 4395
f 4435 8705 4395
f 8698 8697 8703
f 8703 8697 8702
f 8702 8704 8703
f 8705 8702 4396
f 8704 8702 8705
f 8706 8704 8708
f 8708 8704 8705
f 8706 8703 8704
f 8708 8705 8707
f 8707 8710 8709
f 8709 8708 8707
f 8591 8584 8711
f 8699 8711 8584
f 8711 8713 8591
f 8712 8591 8713
f 8700 7799 7812
f 8715 8700 7812
f 7814 8715 7812
f 8700 8716 8701
f 8700 8715 8716
f 8701 8716 8718
f 7814 7813 7815
f 8716 7814 7815
f 8716 8715 7814
f 8719 8718 8716
f 8721 8720 8717
f 8718 8717 8701
f 8718 8723 8717
f 8723 8721 8717
f 8722 8721 8725
f 8722 8725 8724
f 8716 7815 8726
f 8716 8726 8719
f 8728 8719 8726
f 8727 8726 7815
f 8727 7815 7819
f 8727 8728 8726
f 8730 8718 8719
f 8718 8730 8723
f 8719 8728 8730
f 8723 8725 8721
f 8725 8723 8731
f 8725 8731 8732
f 8723 8730 8733
f 8723 8733 8731
f 8730 8728 8734
f 8728 8727 8734
f 8730 8734 8735
f 8735 8733 8730
f 8731 8733 8732
f 8736 8733 8735
f 8737 8703 8706
f 8703 8699 8698
f 8711 8699 8703
f 8711 8703 8713
f 8703 8737 8713
f 8738 8706 8708
f 8708 8709 8738
f 8710 8739 8740
f 8737 8706 8738
f 8740 8709 8710
f 8742 8709 8740
f 8744 8740 8741
f 8743 8745 8741
f 8745 8743 8724
f 8740 8744 8742
f 8744 8741 8745
f 8746 8738 8709
f 8746 8709 8742
f 8714 8713 8737
f 8747 8737 8738
f 8738 8746 8747
f 8748 8724 8725
f 8724 8748 8745
f 8749 8742 8744
f 8725 8732 8748
f 8750 8744 8745
f 8749 8744 8750
f 8751 8750 8745
f 8753 8742 8749
f 8752 8746 8742
f 8753 8752 8742
f 8754 8746 8752
f 8754 8747 8746
f 8755 8754 8752
f 8748 8751 8745
f 8755 8752 8753
f 8756 8753 8749
f 8749 8750 8756
f 8755 8753 8756
f 8756 8750 8751
f 7821 4425 3953
f 4425 7821 4427
f 8757 4430 4429
f 4427 4426 4425
f 4429 4426 4427
f 7798 7821 7820
f 8758 4427 7821
f 8758 7821 7798
f 7797 8758 7798
f 8759 4427 8758
f 8759 4429 4427
f 8760 4429 8759
f 8757 4429 8760
f 4435 4431 4436
f 8761 4436 4438
f 4438 4436 4437
f 4436 8761 4435
f 8763 4433 4428
f 4428 4430 8763
f 8764 4433 8763
f 4433 8764 4438
f 8765 8763 4430
f 8762 4438 8764
f 8766 8762 8764
f 8767 4438 8762
f 8767 8761 4438
f 8707 4435 8761
f 8768 8707 8761
f 8769 8768 8761
f 8769 8761 8767
f 4430 8757 8765
f 8763 8765 8766
f 8766 8764 8763
f 8759 8758 8770
f 7797 7799 8758
f 8760 8759 8771
f 8700 8770 8758
f 8701 8759 8770
f 8758 7799 8700
f 8771 8759 8701
f 8701 8770 8700
f 8720 8757 8760
f 8760 8771 8720
f 8772 8767 8762
f 8772 8762 8766
f 8765 8773 8766
f 8773 8772 8766
f 8774 8767 8772
f 8774 8769 8767
f 8775 8774 8772
f 8720 8765 8757
f 8720 8776 8765
f 8717 8720 8771
f 8771 8701 8717
f 8776 8773 8765
f 8772 8773 8775
f 8739 8774 8775
f 8707 8705 4435
f 8768 8710 8707
f 8739 8768 8769
f 8739 8769 8774
f 8768 8739 8710
f 8776 8720 8722
f 8721 8722 8720
f 8724 8773 8776
f 8743 8775 8773
f 8724 8743 8773
f 8776 8722 8724
f 8741 8739 8775
f 8741 8740 8739
f 8743 8741 8775
f 8712 8713 8777
f 8777 8713 8714
f 8778 8712 8777
f 8779 8778 8777
f 8777 8780 8779
f 7886 7892 7884
f 7884 8781 7887
f 8781 8729 7887
f 7887 8729 7819
f 8727 7819 8729
f 8782 8729 8781
f 7892 8781 7884
f 8783 8782 8781
f 8729 8734 8727
f 8735 8734 8729
f 8782 8784 8729
f 8735 8729 8785
f 8729 8784 8785
f 8735 8785 8736
f 8786 8736 8785
f 8736 8786 8787
f 8732 8733 8736
f 8783 8784 8782
f 8783 8785 8784
f 8785 8783 8788
f 8789 8781 7892
f 8789 8783 8781
f 7921 8790 8789
f 7889 8789 7892
f 7889 7921 8789
f 7921 8791 8790
f 8790 8783 8789
f 8783 8790 8792
f 8788 8786 8785
f 8783 8792 8788
f 8788 8792 8793
f 8795 8714 8737
f 8796 8714 8795
f 8796 8777 8714
f 8787 8732 8736
f 8787 8797 8732
f 8755 8799 8754
f 8755 8798 8799
f 8800 8748 8732
f 8797 8800 8732
f 8801 8751 8748
f 8798 8755 8756
f 8801 8756 8751
f 8788 8787 8786
f 8756 8801 8803
f 8803 8798 8756
f 8802 8801 8748
f 8802 8748 8800
f 8795 8737 8747
f 8754 8795 8747
f 8780 8777 8796
f 8795 8804 8796
f 8795 8754 8804
f 8805 8804 8754
f 8804 8780 8796
f 8806 8804 8805
f 8788 8794 8787
f 8794 8797 8787
f 8793 8794 8788
f 8808 8797 8794
f 8808 8800 8797
f 8800 8808 8802
f 8809 8798 8803
f 8802 8803 8801
f 8810 8808 8794
f 8811 8802 8808
f 8812 8803 8802
f 8811 8812 8802
f 8813 8754 8799
f 8809 8813 8799
f 8809 8799 8798
f 8814 8813 8809
f 8805 8754 8813
f 8815 8809 8803
f 8813 8814 8805
f 8812 8815 8803
f 8809 8815 8814
f 8807 8805 8814
f 8816 8779 8780
f 8817 8779 8816
f 7921 7920 8791
f 7922 8820 7920
f 8821 8820 7922
f 8819 7920 8820
f 8820 8821 8823
f 8822 8823 8821
f 8791 7920 8819
f 8823 8819 8820
f 8824 8790 8791
f 8819 8824 8791
f 8790 8824 8792
f 8825 8793 8792
f 8792 8824 8825
f 8826 8825 8824
f 8819 8823 8829
f 8828 8819 8829
f 8819 8828 8824
f 8828 8826 8824
f 8827 8825 8826
f 8821 7922 7915
f 8822 8821 7915
f 7916 8822 7915
f 8830 8823 8822
f 7916 8830 8822
f 8831 8830 7916
f 8829 8830 8833
f 8830 8829 8823
f 8833 8828 8829
f 8833 8834 8828
f 8835 8833 8831
f 8831 8833 8830
f 8836 8834 8833
f 8793 8810 8794
f 8793 8827 8810
f 8825 8827 8793
f 8810 8827 8838
f 8840 8839 8827
f 8827 8839 8838
f 8840 8827 8826
f 8826 8834 8840
f 8834 8826 8828
f 8841 8839 8840
f 8842 8838 8839
f 8842 8839 8841
f 8816 8780 8804
f 8843 8816 8804
f 8844 8807 8814
f 8845 8844 8814
f 8804 8806 8843
f 8805 8807 8806
f 8816 8818 8817
f 8818 8816 8843
f 8811 8847 8846
f 8847 8811 8842
f 8848 8845 8846
f 8844 8806 8807
f 8849 8806 8844
f 8850 8806 8849
f 8848 8844 8845
f 8848 8849 8844
f 8810 8838 8808
f 8838 8811 8808
f 8838 8842 8811
f 8846 8812 8811
f 8845 8814 8815
f 8845 8815 8846
f 8846 8815 8812
f 8851 8840 8834
f 8852 8841 8840
f 8853 8842 8841
f 8834 8836 8851
f 8836 8837 8851
f 8851 8852 8840
f 8841 8852 8854
f 8854 8853 8841
f 8855 8818 8843
f 8855 8843 8806
f 8848 8846 8847
f 8856 8847 8842
f 8857 8848 8847
f 8850 8855 8806
f 8858 8850 8849
f 8849 8848 8859
f 8859 8858 8849
f 8847 8856 8857
f 8854 8842 8853
f 8861 8859 8848
f 8861 8848 8857
f 8860 8857 8856
f 8857 8862 8861
f 8863 8858 8859
f 8591 8712 8593
f 8673 8593 8778
f 8593 8712 8778
f 8694 8673 8778
f 8779 8694 8778
f 8694 8779 8817
f 8691 8673 8694
f 8817 8818 8865
f 8864 8694 8817
f 8865 8818 8866
f 8866 8818 8855
f 8867 8855 8850
f 8850 8858 8867
f 8855 8867 8866
f 6203 5609 8639
f 6203 5606 5609
f 8868 8639 8640
f 8868 6203 8639
f 6204 6203 8869
f 6204 8869 6206
f 8870 8869 6203
f 8868 8870 6203
f 6206 8870 8871
f 6206 8869 8870
f 8643 8642 8660
f 8640 8637 8644
f 8640 8644 8868
f 8872 8645 8638
f 8872 8638 8643
f 8873 8644 8645
f 8873 8645 8872
f 8868 8644 8873
f 8874 8870 8868
f 8871 8870 8874
f 8874 8868 8873
f 8875 6202 6206
f 6205 6202 6208
f 6208 6202 8875
f 8875 6206 8871
f 8877 8871 8878
f 6208 8875 8877
f 8877 8875 8871
f 8876 6208 8877
f 8871 8874 8879
f 8878 8871 8879
f 8881 8877 8878
f 8878 8879 8882
f 8882 8879 8880
f 8662 8660 8661
f 8872 8643 8883
f 8884 8873 8872
f 8885 8884 8872
f 8883 8885 8872
f 8886 8885 8883
f 8662 8887 8660
f 8643 8660 8883
f 8883 8660 8887
f 8666 8887 8665
f 8887 8662 8665
f 8667 8888 8666
f 8888 8667 8689
f 8883 8887 8890
f 8889 8666 8888
f 8891 8889 8888
f 8889 8887 8666
f 8891 8887 8889
f 8892 8884 8885
f 8893 8892 8885
f 8885 8886 8893
f 8873 8884 8892
f 8873 8879 8874
f 8879 8873 8892
f 8880 8879 8892
f 8895 8880 8892
f 8880 8895 8882
f 8896 8882 8895
f 8892 8896 8895
f 8894 8896 8892
f 8883 8897 8886
f 8890 8887 8891
f 8890 8891 8898
f 8897 8883 8890
f 8892 8893 8899
f 8893 8886 8897
f 8899 8893 8897
f 8894 8892 8899
f 8901 8899 8897
f 8901 8897 8900
f 6210 6208 8876
f 8877 8902 8876
f 6214 6213 6211
f 6211 6210 6214
f 8904 6214 6210
f 6210 8876 8903
f 8902 8905 8876
f 8902 8877 8881
f 8881 8878 8882
f 8902 8881 8906
f 8904 6375 6214
f 8904 6210 8903
f 6215 6214 6375
f 6373 6215 6375
f 6375 8904 8907
f 8907 8904 8903
f 8905 8903 8876
f 8907 8903 8905
f 8905 8908 8907
f 8909 6375 8907
f 8910 8907 8908
f 8913 8905 8902
f 8902 8906 8913
f 8914 8905 8913
f 8908 8905 8914
f 8911 8908 8912
f 8906 8915 8913
f 8915 8914 8913
f 8896 8917 8882
f 8881 8882 8917
f 8881 8917 8918
f 8917 8896 8894
f 8917 8894 8919
f 8918 8906 8881
f 8921 8894 8899
f 8919 8894 8921
f 8921 8899 8901
f 8922 8919 8923
f 8923 8919 8921
f 8924 8923 8921
f 8925 8923 8924
f 8922 8917 8919
f 8918 8917 8922
f 8920 8918 8922
f 8906 8918 8926
f 8926 8918 8920
f 8915 8906 8926
f 8923 8925 8928
f 8920 8923 8928
f 8927 8920 8929
f 8929 8920 8930
f 8930 8920 8928
f 8920 8922 8923
f 8920 8927 8926
f 8931 8686 8688
f 8931 8688 8932
f 8688 8687 8693
f 8932 8688 8933
f 8933 8688 8693
f 8935 8932 8933
f 8934 8932 8935
f 8935 8933 8936
f 8936 8934 8935
f 8689 8690 8939
f 8940 8689 8939
f 8888 8689 8940
f 8939 8690 8684
f 8939 8684 8686
f 8942 8939 8686
f 8939 8941 8940
f 8939 8942 8941
f 8888 8940 8941
f 8891 8888 8941
f 8891 8941 8943
f 8944 8942 8931
f 8944 8941 8942
f 8943 8941 8944
f 8931 8942 8686
f 8944 8931 8932
f 8934 8944 8932
f 8898 8891 8943
f 8890 8898 8945
f 8945 8898 8943
f 8900 8890 8946
f 8900 8897 8890
f 8901 8900 8947
f 8890 8945 8946
f 8947 8900 8946
f 8948 8944 8934
f 8943 8944 8948
f 8945 8943 8948
f 8948 8934 8936
f 8949 8948 8936
f 8945 8948 8949
f 8946 8945 8938
f 8938 8945 8949
f 8936 8938 8949
f 8938 8936 8937
f 8693 8692 8950
f 8936 8933 8693
f 8936 8693 8937
f 8937 8693 8950
f 8695 8692 8682
f 8950 8692 8695
f 8951 8950 8695
f 8695 8952 8951
f 8954 8901 8947
f 8921 8901 8954
f 8921 8954 8955
f 8954 8947 8956
f 8924 8921 8955
f 8954 8956 8955
f 8955 8957 8958
f 8947 8946 8959
f 8956 8947 8959
f 8960 8946 8938
f 8959 8961 8956
f 8956 8957 8955
f 8957 8956 8961
f 8959 8946 8960
f 8962 8959 8960
f 8961 8959 8962
f 8924 8958 8925
f 8958 8924 8955
f 8928 8925 8963
f 8964 8958 8957
f 8963 8925 8958
f 8963 8958 8964
f 8930 8928 8963
f 8930 8963 8965
f 8929 8930 8965
f 8965 8963 8964
f 8967 8957 8961
f 8966 8957 8967
f 8964 8957 8966
f 8966 8968 8964
f 8968 8965 8964
f 8969 8966 8967
f 8968 8966 8969
f 8937 8951 8960
f 8962 8960 8971
f 8951 8937 8950
f 8971 8960 8951
f 8974 8973 8971
f 8971 8951 8972
f 8971 8972 8974
f 8975 8974 8972
f 8975 8972 8976
f 8937 8960 8938
f 8967 8962 8973
f 8961 8962 8967
f 8978 8967 8973
f 8973 8962 8971
f 8970 8967 8978
f 8970 8969 8967
f 8978 8973 8974
f 8970 8978 8974
f 8970 8974 8975
f 8910 8909 8907
f 8911 8910 8908
f 8979 8910 8911
f 8979 8911 8980
f 8981 8979 8980
f 8916 8912 8908
f 8916 8908 8914
f 8980 8911 8982
f 8982 8912 8916
f 8916 8983 8982
f 8982 8911 8912
f 8916 8914 8915
f 8984 8916 8915
f 8983 8916 8984
f 8983 8984 8985
f 8986 8982 8983
f 8987 8985 8984
f 8985 8989 8983
f 8983 8989 8986
f 8987 8988 8985
f 8990 8981 8980
f 8990 8980 8982
f 8990 8982 8986
f 8986 8991 8990
f 8989 8985 8988
f 8991 8986 8989
f 8989 8988 8991
f 8994 8988 8992
f 8993 8991 8988
f 8988 8995 8993
f 8984 8915 8996
f 8996 8915 8926
f 8997 8996 8926
f 8997 8926 8998
f 8997 8998 8999
f 8987 8984 8996
f 8996 8997 9000
f 8996 9000 8987
f 9000 8997 8999
f 8998 8926 8927
f 8927 8929 9001
f 9002 8927 9001
f 9003 8998 8927
f 8999 8998 9003
f 9003 9004 8999
f 9002 9003 8927
f 9003 9002 9005
f 8988 8987 8992
f 8992 8987 9000
f 9004 9000 8999
f 9004 9008 9007
f 9006 8992 9007
f 9007 8992 9000
f 9007 9000 9004
f 8992 9009 8994
f 9009 8992 9006
f 9009 9006 9007
f 9011 9009 9007
f 9011 9007 9008
f 9012 9008 9010
f 9004 9003 9005
f 9010 9008 9004
f 9013 9005 9014
f 9004 9005 9013
f 9013 9010 9004
f 9012 9010 9013
f 9015 9013 9016
f 9016 9013 9014
f 8995 8988 8994
f 9018 8995 8994
f 9019 8995 9018
f 9020 8994 9009
f 9020 9009 9011
f 9018 8994 9020
f 9021 9018 9020
f 9020 9011 9021
f 9021 9011 9022
f 9022 9011 9008
f 9008 9012 9022
f 9023 9022 9012
f 9024 9022 9023
f 9024 9021 9022
f 9019 9018 9021
f 9021 9024 9026
f 9023 9025 9024
f 9025 9023 9027
f 9027 9023 9028
f 9012 9013 9015
f 9029 9012 9015
f 9028 9023 9012
f 9029 9028 9012
f 9030 9015 9016
f 9016 9017 9030
f 9031 9028 9029
f 9033 9029 9015
f 9033 9015 9030
f 9035 9033 9030
f 9035 9030 9034
f 9031 9029 9033
f 9031 9033 9035
f 9032 9031 9035
f 9036 9019 9021
f 9021 9026 9036
f 9026 9024 9025
f 9037 9026 9025
f 9025 9027 9037
f 9038 9027 9028
f 9038 9037 9027
f 9026 9037 9039
f 9039 9040 9026
f 9039 9041 9040
f 9039 9037 9038
f 9042 9039 9038
f 9038 9028 9031
f 9042 9038 9031
f 9043 9042 9031
f 9031 9032 9043
f 9043 9032 9035
f 9044 9043 9035
f 9045 9035 9034
f 9046 9042 9043
f 9047 9044 9048
f 8184 8182 8183
f 8184 8183 8185
f 8184 8185 9049
f 9050 8184 9049
f 9049 8190 9052
f 8190 9049 8185
f 9053 9052 8190
f 9052 9050 9049
f 9051 9050 9052
f 8191 9053 8190
f 8191 9055 9053
f 9055 9054 9053
f 9057 9051 9052
f 9054 9057 9052
f 9053 9054 9052
f 9054 9058 9057
f 9058 9059 9057
f 9055 9058 9054
f 9056 9058 9055
f 9060 9058 9056
f 9001 8929 9062
f 9062 8929 8965
f 9061 9001 9062
f 9061 9002 9001
f 9063 8965 8968
f 9062 8965 9063
f 8968 8969 9064
f 9063 8968 9064
f 9065 9062 9063
f 9066 9065 9063
f 9067 9002 9061
f 9061 9068 9067
f 9005 9002 9014
f 9014 9002 9067
f 9016 9014 9017
f 9017 9014 9067
f 9069 9068 9061
f 9061 9062 9069
f 9062 9065 9069
f 9069 9065 9066
f 9068 9069 9070
f 9072 8975 8976
f 8976 8972 8977
f 9073 9072 8976
f 9074 9076 9073
f 9078 8969 8970
f 9064 8969 9078
f 9064 9078 9079
f 9078 8970 8975
f 9080 9078 8975
f 9079 9078 9080
f 9081 9063 9064
f 9066 9063 9081
f 9081 9064 9079
f 9082 9066 9081
f 9079 9080 9083
f 9080 8975 9072
f 9080 9072 9073
f 9081 9079 9083
f 9083 9080 9073
f 9069 9066 9071
f 9071 9066 9084
f 9082 9084 9066
f 9085 9081 9083
f 9085 9083 9076
f 9081 9085 9082
f 9076 9083 9073
f 9085 9076 9077
f 9076 9074 9077
f 9082 9085 9086
f 9017 9067 9068
f 9017 9068 9087
f 9030 9017 9088
f 9089 9088 9087
f 9087 9088 9017
f 9087 9068 9090
f 9091 9090 9068
f 9087 9090 9089
f 9034 9030 9088
f 9034 9088 9092
f 9092 9088 9089
f 9089 9090 9093
f 9093 9090 9091
f 9094 9089 9093
f 9091 9068 9070
f 9069 9095 9070
f 9096 9070 9095
f 9093 9091 9070
f 9093 9070 9096
f 9097 9096 9095
f 9098 9093 9096
f 9099 9096 9097
f 9034 9092 9045
f 9100 9045 9092
f 9094 9092 9089
f 9100 9092 9094
f 9101 9100 9094
f 9044 9035 9045
f 9044 9045 9100
f 9048 9044 9100
f 9100 9101 9102
f 9098 9096 9104
f 9104 9096 9099
f 9105 9094 9093
f 9098 9105 9093
f 9106 9105 9098
f 9106 9098 9104
f 9101 9105 9107
f 9105 9101 9094
f 9107 9105 9106
f 9103 9101 9107
f 9108 9107 9106
f 9108 9106 9109
f 9109 9106 9104
f 9095 9069 9071
f 9110 9071 9084
f 9111 9095 9071
f 9097 9095 9111
f 9111 9071 9110
f 9111 9099 9097
f 9111 9110 9112
f 9082 9086 9084
f 9110 9084 9086
f 9110 9086 9113
f 9112 9099 9111
f 9099 9112 9114
f 9114 9104 9099
f 9117 9116 9104
f 9117 9104 9114
f 9115 9114 9112
f 9117 9114 9118
f 9115 9119 9114
f 9118 9114 9119
f 9109 9104 9116
f 9112 9110 9115
f 9120 9110 9113
f 9115 9110 9120
f 9120 9113 9121
f 8909 6377 6375
f 9122 6377 8909
f 9122 8909 8910
f 6423 6377 9122
f 6427 9122 8910
f 6427 8910 8979
f 6427 6423 9122
f 9123 6427 8979
f 9123 6434 6427
f 9123 8979 9124
f 9124 8979 8981
f 9124 8981 8990
f 9125 9123 9124
f 9126 9125 9124
f 6439 6434 6450
f 6450 6434 9123
f 9125 6450 9123
f 9127 9125 9126
f 9126 9124 8990
f 8990 8991 9128
f 9126 8990 9128
f 8991 8993 9128
f 9129 6450 9125
f 9130 6450 9129
f 9129 9125 9127
f 9131 9129 9127
f 9131 9127 9132
f 9132 9127 9126
f 9131 9134 9133
f 6451 6450 9130
f 9130 9136 9135
f 9130 9129 9131
f 9136 9130 9131
f 9136 9131 9133
f 9137 9133 9134
f 9132 9126 9128
f 9132 9128 9138
f 9138 9128 8993
f 8995 9138 8993
f 9131 9132 9134
f 9132 9138 9134
f 9138 9139 9134
f 9139 9138 8995
f 9137 9134 9139
f 9139 8995 9140
f 9140 8995 9019
f 9141 9140 9019
f 6455 6451 9130
f 9135 6455 9130
f 9136 9142 9135
f 6455 9135 6464
f 6464 9135 9142
f 9136 9133 9137
f 9137 9139 9143
f 9143 9136 9137
f 9144 9143 9139
f 6469 6467 6464
f 6464 9145 6469
f 9145 6464 9142
f 9136 9143 9142
f 9145 9142 9143
f 9143 9146 9145
f 9143 9144 9146
f 9144 9139 9147
f 9140 9147 9139
f 9148 9147 9140
f 9148 9140 9141
f 9149 9148 9141
f 9146 9144 9147
f 9146 9147 9150
f 9151 9148 9149
f 9151 9147 9148
f 9151 9149 9040
f 9141 9019 9036
f 9036 9149 9141
f 9040 9149 9036
f 9040 9036 9026
f 8832 7916 8246
f 8832 8246 9152
f 8246 8248 9152
f 9153 9152 8248
f 8249 9153 8248
f 9153 8249 9155
f 9155 9156 9153
f 9156 9152 9153
f 9157 9154 9152
f 9157 9152 9156
f 9157 9156 9158
f 9159 9155 8249
f 9162 9160 8262
f 8262 8264 9162
f 9160 8261 8262
f 9161 9160 9165
f 9164 9161 9166
f 9167 9166 9161
f 9166 9168 9164
f 9166 9167 9169
f 9165 9170 9167
f 9162 9165 9160
f 9165 9167 9161
f 9171 9165 9162
f 9172 9170 9165
f 9172 9165 9171
f 9170 9174 9169
f 9169 9167 9170
f 9177 9176 9172
f 9179 9178 9177
f 8832 8831 7916
f 8835 8831 8832
f 9152 8835 8832
f 9154 9180 8835
f 9154 8835 9152
f 9181 9154 9158
f 9181 9180 9154
f 9180 8833 8835
f 8833 9180 8836
f 8837 8836 9180
f 9180 9181 9183
f 9182 8837 9180
f 9180 9183 9182
f 9154 9157 9158
f 9166 9169 9168
f 9182 8851 8837
f 9184 8852 8851
f 8851 9182 9184
f 9185 9184 9182
f 8854 9184 9186
f 8854 8852 9184
f 9185 9186 9184
f 9187 8854 9186
f 9185 9188 9186
f 9189 9187 9186
f 9186 9188 9189
f 9174 9189 9188
f 8842 8854 9191
f 8854 9187 9190
f 8856 8842 9191
f 9191 8860 8856
f 9191 8854 9190
f 8860 8862 8857
f 8859 8861 8863
f 9189 9190 9187
f 9192 9191 9190
f 9193 9190 9189
f 9194 8860 9191
f 9189 9174 9195
f 9193 9189 9195
f 9176 9195 9170
f 9170 9195 9174
f 9176 9193 9195
f 9178 9193 9176
f 9170 9172 9176
f 9176 9177 9178
f 9192 9190 9193
f 9197 9191 9192
f 9191 9197 9194
f 9198 8862 8860
f 9194 9198 8860
f 9197 9192 9196
f 9197 9199 9194
f 9196 9193 9178
f 9196 9192 9193
f 9200 9196 9178
f 9201 9199 9197
f 9163 8264 8283
f 9163 9162 8264
f 9163 8283 9202
f 9202 9173 9163
f 9202 9203 9173
f 9203 9202 8283
f 9163 9171 9162
f 9173 9171 9163
f 9175 9171 9173
f 9173 9203 9204
f 9204 9205 9173
f 9175 9173 9205
f 9206 8283 8285
f 8287 9206 8285
f 9207 9208 9206
f 9206 9203 8283
f 9206 9208 9203
f 9210 9205 9204
f 9208 9204 9203
f 9211 9204 9208
f 9175 9172 9171
f 9172 9175 9177
f 9213 9177 9175
f 9213 9175 9205
f 9214 9213 9205
f 9179 9200 9178
f 9213 9179 9177
f 9215 9200 9179
f 9216 9200 9215
f 9215 9179 9213
f 9215 9213 9218
f 9213 9214 9218
f 9218 9217 9215
f 9217 9216 9215
f 9200 9216 9219
f 9205 9210 9220
f 9205 9220 9214
f 9221 9222 9220
f 9220 9222 9223
f 9220 9210 9221
f 9224 9223 9222
f 9214 9220 9225
f 9214 9225 9218
f 9226 9217 9218
f 9227 9216 9217
f 9227 9217 9226
f 9229 9223 9224
f 9223 9228 9225
f 9229 9228 9223
f 9220 9223 9225
f 9218 9225 9228
f 9218 9228 9230
f 9226 9218 9230
f 9226 9230 9231
f 9200 9197 9196
f 8695 8694 8864
f 8953 8695 8864
f 8864 8817 8865
f 8953 8864 8865
f 9232 8865 8866
f 8953 8865 9232
f 8953 8952 8695
f 9232 8952 8953
f 9235 8866 9233
f 9232 8866 9235
f 8952 9232 9234
f 9237 9235 9233
f 9236 9232 9235
f 9239 9235 9237
f 8863 8867 8858
f 9240 8866 8867
f 9241 9240 8867
f 9241 8867 8863
f 9242 8861 8862
f 9242 8863 8861
f 9241 8863 9242
f 9240 9241 9233
f 9240 9233 8866
f 9198 9242 8862
f 9238 9233 9241
f 9241 9242 9243
f 9242 9198 9243
f 9243 9238 9241
f 9244 9243 9198
f 9199 9198 9194
f 9199 9244 9198
f 9245 9238 9243
f 9243 9244 9245
f 9233 9238 9237
f 9238 9245 9237
f 8951 8952 9234
f 9236 9234 9232
f 9247 9236 9235
f 9247 9235 9239
f 9237 9248 9239
f 9245 9249 9248
f 9252 9219 9216
f 9253 9249 9251
f 9255 9253 9251
f 9255 9251 9250
f 9254 9239 9248
f 9248 9256 9254
f 9256 9248 9249
f 9253 9256 9249
f 8951 9234 9246
f 9246 8972 8951
f 8977 8972 9246
f 9257 8977 9246
f 9216 9227 9252
f 9250 9219 9252
f 9256 9253 9258
f 9253 9255 9258
f 9231 9227 9226
f 9259 9256 9258
f 9260 9255 9250
f 9261 9250 9252
f 9261 9260 9250
f 9258 9262 9259
f 9262 9258 9255
f 9263 9255 9260
f 9262 9255 9263
f 9246 9234 9236
f 9246 9236 9257
f 9236 9247 9257
f 9264 9239 9254
f 9239 9264 9247
f 9254 9265 9264
f 9256 9265 9254
f 9266 9257 9247
f 9247 9264 9266
f 9259 9265 9256
f 9249 9245 9244
f 9197 9200 9201
f 9251 9244 9199
f 9251 9249 9244
f 9199 9201 9251
f 9248 9237 9245
f 9219 9201 9200
f 9250 9201 9219
f 9201 9250 9251
f 9206 8287 9207
f 8287 8292 8294
f 8287 8294 9207
f 9267 9208 9207
f 8295 8294 8293
f 9207 8294 8295
f 8295 9268 9207
f 9267 9207 9268
f 9208 9267 9209
f 9209 9267 9270
f 9271 9270 9267
f 9269 9211 9209
f 9269 9209 9270
f 9270 9272 9269
f 9209 9211 9208
f 9212 9204 9211
f 8297 8298 8295
f 8298 9268 8295
f 8298 9271 9268
f 9273 9271 8298
f 9273 8298 8119
f 8181 9273 8119
f 9274 9273 8181
f 9271 9267 9268
f 9271 9272 9270
f 9273 9272 9271
f 9273 9274 9275
f 9275 9274 9276
f 9276 9277 9275
f 9275 9277 9273
f 9277 9276 9278
f 9279 9211 9269
f 9272 9280 9269
f 9280 9279 9269
f 9210 9204 9212
f 9212 9221 9210
f 9279 9221 9212
f 9211 9279 9212
f 9224 9222 9221
f 9221 9279 9224
f 9279 9283 9224
f 9280 9283 9279
f 9282 9283 9280
f 9281 9282 9280
f 9224 9284 9229
f 9285 9224 9283
f 9284 9224 9285
f 9284 9228 9229
f 9230 9228 9284
f 9230 9284 9285
f 9285 9286 9230
f 9286 9231 9230
f 9282 9285 9283
f 9287 9285 9282
f 9281 9287 9282
f 9285 9287 9288
f 9280 9272 9289
f 9277 9281 9289
f 9277 9290 9281
f 9281 9280 9289
f 9272 9273 9289
f 9277 9289 9273
f 9277 9278 9291
f 9291 9290 9277
f 9293 9290 9291
f 9294 9291 9278
f 9278 9292 9294
f 9290 9287 9281
f 9293 9296 9290
f 9293 9297 9296
f 9291 9295 9293
f 9295 9297 9293
f 9298 9297 9295
f 9298 9295 9299
f 9300 9298 9299
f 9290 9296 9287
f 9287 9296 9301
f 9302 9301 9296
f 9297 9302 9296
f 8181 8182 9303
f 8184 9303 8182
f 9303 9274 8181
f 9304 9303 8184
f 9304 8184 9050
f 9303 9304 9274
f 9304 9306 9305
f 9305 9274 9304
f 9305 9276 9274
f 9307 9305 9306
f 9050 9306 9304
f 9306 9050 9051
f 9057 9306 9051
f 9307 9306 9308
f 9306 9057 9308
f 9057 9309 9308
f 9059 9309 9057
f 9305 9292 9276
f 9307 9292 9305
f 9308 9310 9307
f 9310 9291 9292
f 9292 9307 9310
f 9278 9276 9292
f 9291 9294 9292
f 9311 9295 9291
f 9310 9311 9291
f 9308 9309 9310
f 9059 9312 9309
f 9310 9312 9313
f 9312 9310 9309
f 9299 9295 9311
f 9314 9299 9311
f 9314 9315 9299
f 9316 9313 9312
f 9310 9314 9311
f 9313 9314 9310
f 9316 9314 9313
f 9317 9314 9316
f 9312 9059 9316
f 9319 9316 9059
f 9058 9319 9059
f 9060 9319 9058
f 9318 9317 9316
f 9318 9316 9319
f 9318 9319 9320
f 9319 9060 9321
f 9320 9319 9321
f 8976 8977 9322
f 9323 9322 8977
f 9323 8977 9257
f 9075 9073 8976
f 9075 8976 9322
f 9075 9322 9323
f 9075 9323 9324
f 9074 9073 9075
f 9324 9323 9257
f 9324 9257 9266
f 9231 9252 9227
f 9261 9252 9231
f 9286 9261 9231
f 9325 9260 9261
f 9325 9263 9260
f 9288 9286 9285
f 9326 9261 9286
f 9301 9286 9288
f 9286 9301 9326
f 9325 9261 9326
f 9327 9265 9259
f 9328 9327 9259
f 9329 9264 9265
f 9264 9329 9266
f 9330 9262 9263
f 9328 9259 9262
f 9262 9330 9328
f 9329 9265 9327
f 9331 9266 9329
f 9332 9329 9327
f 9331 9329 9332
f 9328 9332 9327
f 9333 9324 9266
f 9331 9333 9266
f 9325 9330 9263
f 9300 9334 9298
f 9335 9334 9300
f 9336 9074 9075
f 9336 9337 9074
f 9077 9074 9337
f 9336 9075 9324
f 9336 9324 9333
f 9336 9333 9338
f 9337 9339 9077
f 9341 9338 9340
f 9336 9342 9339
f 9339 9337 9336
f 9342 9338 9341
f 9342 9336 9338
f 9288 9287 9301
f 9343 9301 9302
f 9344 9343 9302
f 9301 9325 9326
f 9301 9344 9325
f 9344 9301 9343
f 9334 9345 9344
f 9298 9302 9297
f 9298 9334 9302
f 9344 9302 9334
f 9335 9345 9334
f 9347 9330 9325
f 9330 9347 9328
f 9325 9344 9345
f 9345 9347 9325
f 9348 9332 9328
f 9349 9328 9347
f 9349 9348 9328
f 9331 9338 9333
f 9332 9348 9331
f 9331 9340 9338
f 9340 9331 9348
f 9345 9335 9350
f 9351 9347 9345
f 9345 9350 9351
f 9350 9335 9346
f 9352 9350 9346
f 9353 9351 9350
f 9351 9349 9347
f 9352 9353 9350
f 9354 9349 9351
f 9340 9348 9341
f 9085 9077 9339
f 9086 9085 9339
f 9335 9300 9355
f 9315 9300 9299
f 9315 9355 9300
f 9356 9346 9335
f 9355 9356 9335
f 9317 9315 9314
f 9317 9357 9315
f 9358 9357 9317
f 9357 9355 9315
f 9355 9357 9356
f 9359 9356 9357
f 9358 9359 9357
f 9342 9361 9360
f 9361 9342 9341
f 9342 9360 9339
f 9341 9363 9361
f 9363 9341 9362
f 9353 9356 9359
f 9364 9353 9359
f 9365 9361 9363
f 9368 9363 9362
f 9367 9368 9366
f 9366 9368 9362
f 9369 9354 9353
f 9369 9366 9354
f 9369 9367 9366
f 9364 9369 9353
f 9363 9368 9370
f 9354 9351 9353
f 9356 9352 9346
f 9352 9356 9353
f 9366 9348 9349
f 9354 9366 9349
f 9362 9341 9348
f 9366 9362 9348
f 9318 9358 9317
f 9358 9371 9359
f 9320 9372 9318
f 9372 9358 9318
f 9359 9373 9364
f 9373 9359 9371
f 9368 9367 9370
f 9374 9364 9373
f 9364 9367 9369
f 9375 9370 9367
f 9374 9367 9364
f 9376 9367 9374
f 9376 9375 9367
f 9371 9358 9372
f 9373 9371 9377
f 9360 9086 9339
f 9113 9086 9360
f 9365 9360 9361
f 9378 9113 9360
f 9378 9360 9365
f 9365 9379 9378
f 9370 9365 9363
f 9380 9370 9375
f 9379 9365 9370
f 9380 9379 9370
f 9121 9113 9378
f 9381 9378 9379
f 9381 9379 9380
f 9375 9376 9382
f 9382 9380 9375
f 9042 9383 9039
f 9041 9039 9383
f 9383 9042 9046
f 9386 9383 9046
f 9386 9046 9387
f 9046 9043 9044
f 9044 9047 9046
f 9047 9388 9387
f 9387 9046 9047
f 9388 9047 9048
f 9388 9048 9389
f 9390 9385 9383
f 9390 9383 9386
f 9391 9390 9386
f 9386 9387 9391
f 9389 9387 9388
f 9387 9389 9391
f 9391 9392 9390
f 9393 9391 9389
f 9393 9389 9394
f 9393 9394 9395
f 9396 9392 9393
f 9396 9393 9395
f 8191 8352 9055
f 9056 9055 8352
f 8352 8353 9397
f 9397 9056 8352
f 9398 9056 9397
f 8353 8356 9397
f 9397 8356 9399
f 9397 9399 9398
f 9400 9398 9399
f 9056 9321 9060
f 9321 9056 9398
f 9401 9321 9402
f 9398 9402 9321
f 9404 9402 9398
f 9405 9404 9398
f 9402 9403 9401
f 9402 9407 9403
f 9407 9402 9404
f 9408 9407 9404
f 9409 9403 9407
f 9410 9403 9409
f 9411 8356 8388
f 9411 9399 8356
f 9412 8388 8389
f 9413 8388 9412
f 9413 9411 8388
f 9414 9413 9412
f 9415 9399 9411
f 9415 9411 9416
f 9411 9417 9416
f 9415 9416 9418
f 9399 9415 9400
f 9418 9400 9415
f 8394 9412 8389
f 9412 8394 9419
f 9420 9419 8394
f 8394 8395 9420
f 9412 9419 9421
f 9421 9414 9412
f 9417 9411 9413
f 9422 9417 9413
f 9414 9422 9413
f 9423 9418 9416
f 9414 9421 9422
f 9422 9421 9424
f 9417 9423 9416
f 9423 9417 9422
f 9425 9423 9422
f 9423 9425 9426
f 9427 9426 9425
f 9405 9400 9428
f 9398 9400 9405
f 9400 9418 9428
f 9429 9405 9428
f 9404 9430 9406
f 9431 9430 9405
f 9404 9405 9430
f 9405 9429 9431
f 9404 9406 9408
f 9406 9430 9433
f 9433 9408 9406
f 9434 9408 9433
f 9407 9408 9434
f 9434 9435 9407
f 9434 9436 9435
f 9407 9435 9409
f 9433 9430 9431
f 9423 9428 9418
f 9437 9428 9423
f 9437 9432 9428
f 9438 9432 9437
f 9432 9438 9439
f 9437 9423 9426
f 9440 9437 9426
f 9441 9437 9440
f 9437 9441 9438
f 9442 9444 9443
f 9444 9445 9443
f 9432 9429 9428
f 9429 9432 9431
f 9432 9446 9431
f 9431 9446 9433
f 9433 9446 9443
f 9434 9433 9443
f 9445 9434 9443
f 9434 9445 9447
f 9439 9446 9432
f 9446 9439 9442
f 9446 9442 9443
f 9448 9447 9445
f 9449 9048 9100
f 9449 9100 9102
f 9389 9048 9449
f 9102 9101 9103
f 9449 9102 9103
f 9449 9450 9451
f 9453 9449 9103
f 9450 9449 9453
f 9452 9451 9450
f 9452 9450 9453
f 9455 9107 9108
f 9454 9103 9455
f 9107 9455 9103
f 9116 9108 9109
f 9455 9108 9116
f 9453 9103 9454
f 9455 9457 9454
f 9459 9455 9116
f 9459 9116 9456
f 9457 9455 9459
f 9457 9459 9458
f 9458 9459 9456
f 9460 9458 9456
f 9461 9458 9460
f 9389 9449 9451
f 9395 9394 9451
f 9451 9394 9389
f 9462 9451 9452
f 9462 9452 9453
f 9462 9453 9454
f 9463 9451 9462
f 9395 9451 9463
f 9463 9396 9395
f 9464 9463 9462
f 9465 9454 9457
f 9465 9457 9458
f 9462 9454 9465
f 9458 9461 9467
f 9458 9466 9465
f 9464 9462 9466
f 9466 9462 9465
f 9464 9466 9468
f 9468 9466 9469
f 9467 9466 9458
f 9466 9467 9469
f 9403 9470 9401
f 9470 9403 9471
f 9471 9403 9410
f 9471 9410 9473
f 9473 9470 9471
f 9472 9470 9473
f 9475 9472 9474
f 9475 9476 9472
f 9118 9477 9117
f 9460 9116 9117
f 9456 9116 9460
f 9477 9460 9117
f 9478 9461 9460
f 9460 9477 9478
f 9480 9478 9477
f 9118 9119 9477
f 9119 9115 9477
f 9479 9115 9120
f 9479 9477 9115
f 9481 9120 9121
f 9482 9121 9483
f 9120 9481 9479
f 9481 9121 9482
f 9484 9482 9483
f 9461 9478 9480
f 9479 9480 9477
f 9485 9480 9479
f 9480 9467 9461
f 9486 9467 9480
f 9469 9467 9486
f 9486 9480 9485
f 9487 9486 9485
f 9381 9488 9484
f 9489 9481 9482
f 9489 9482 9484
f 9490 9489 9484
f 9490 9484 9488
f 9491 9490 9488
f 9479 9492 9485
f 9492 9479 9481
f 9492 9481 9489
f 9493 9396 9494
f 9494 9463 9464
f 9494 9396 9463
f 9494 9464 9468
f 9495 9494 9468
f 9493 9494 9495
f 9497 9496 9493
f 9469 9495 9468
f 9495 9469 9498
f 9493 9495 9497
f 9498 9497 9495
f 9499 9496 9497
f 9409 9501 9410
f 9436 9501 9409
f 9473 9410 9502
f 9473 9502 9474
f 9410 9501 9502
f 9502 9503 9474
f 9436 9409 9435
f 9501 9436 9434
f 9447 9501 9434
f 9506 9505 9501
f 9505 9502 9501
f 9505 9503 9502
f 9505 9506 9507
f 9474 9472 9473
f 9474 9510 9475
f 9508 9474 9503
f 9510 9509 9475
f 9507 9503 9505
f 9511 9503 9507
f 9511 9512 9503
f 9508 9510 9474
f 9512 9510 9508
f 9512 9508 9503
f 9510 9512 9513
f 9447 9504 9501
f 9506 9501 9504
f 9514 9507 9506
f 9516 9447 9448
f 9516 9504 9447
f 9504 9516 9515
f 9515 9506 9504
f 9517 9516 9448
f 9506 9515 9514
f 9518 9515 9516
f 9515 9518 9514
f 9519 9511 9507
f 9521 9513 9512
f 9512 9511 9520
f 9512 9520 9521
f 9522 9507 9514
f 9507 9522 9519
f 9524 9523 9519
f 9522 9514 9525
f 9522 9524 9519
f 9523 9511 9519
f 9511 9523 9520
f 9526 9520 9523
f 9524 9526 9523
f 9527 9521 9520
f 9526 9527 9520
f 9498 9469 9486
f 9498 9486 9487
f 9497 9498 9487
f 9497 9487 9485
f 9497 9485 9492
f 9528 9497 9492
f 9491 9529 9490
f 9513 9509 9510
f 9531 9509 9533
f 9513 9533 9509
f 9534 9529 9530
f 9533 9532 9531
f 9532 9534 9530
f 9535 9489 9490
f 9536 9492 9489
f 9490 9537 9535
f 9537 9490 9529
f 9535 9536 9489
f 9534 9537 9529
f 9538 9537 9534
f 9499 9497 9528
f 9528 9492 9539
f 9513 9521 9540
f 9513 9540 9533
f 9541 9533 9540
f 9542 9532 9533
f 9543 9534 9532
f 9541 9542 9533
f 9532 9542 9543
f 9521 9541 9540
f 9544 9542 9541
f 9539 9492 9536
f 9546 9537 9538
f 9545 9536 9535
f 9545 9535 9537
f 9546 9545 9537
f 9547 9538 9534
f 9534 9543 9547
f 9538 9547 9546
f 9549 9548 9545
f 9550 9539 9536
f 9550 9536 9545
f 9551 9547 9543
f 9549 9545 9546
f 9551 9543 9542
f 9549 9546 9552
f 9552 9546 9547
f 9547 9551 9552
f 7333 7330 7329
f 9553 7330 7333
f 9554 7333 7334
f 9554 9553 7333
f 9554 9555 9553
f 9555 9554 9556
f 9558 9555 9556
f 7360 7358 9559
f 9554 7334 7359
f 7359 7360 9561
f 7359 9561 9554
f 9561 7360 9562
f 7360 9559 9562
f 9562 9559 9560
f 9561 9556 9554
f 9563 9561 9562
f 9563 9562 9564
f 9564 9562 9560
f 7358 7361 9559
f 7362 7361 7357
f 9560 9559 7361
f 7361 7362 9566
f 9566 7362 9565
f 9568 7347 7363
f 9567 7346 7347
f 7347 9568 9567
f 9565 7362 7346
f 9565 7346 9567
f 9560 7361 9566
f 9570 9571 9568
f 9565 9569 9566
f 9572 9565 9567
f 9572 9569 9565
f 9564 9560 9573
f 9573 9560 9574
f 9574 9560 9566
f 9556 9561 9563
f 9575 9556 9563
f 9563 9564 9577
f 9576 9563 9577
f 9556 9575 9558
f 9578 9558 9575
f 9575 9563 9576
f 9576 9578 9575
f 9579 9576 9577
f 9572 9567 9568
f 9582 9568 9571
f 9582 9572 9568
f 9572 9582 9583
f 9569 9574 9566
f 9573 9580 9564
f 9580 9573 9574
f 9572 9586 9569
f 9587 9586 9572
f 9569 9586 9574
f 9577 9564 9580
f 9574 9586 9580
f 9577 9580 9581
f 9579 9577 9581
f 9580 9586 9581
f 9586 9589 9581
f 9587 9589 9586
f 9587 9572 9583
f 9587 9583 9590
f 9588 9587 9590
f 9585 9583 9582
f 8463 8444 8462
f 8463 8462 9591
f 8463 9591 9592
f 9591 8462 8466
f 9593 9591 8466
f 9593 9592 9591
f 9593 9594 9592
f 9594 9593 9595
f 9596 9595 9593
f 9597 9595 9598
f 9595 9596 9598
f 8468 9420 8395
f 9600 9419 9420
f 9600 9421 9419
f 9602 9600 9420
f 9600 9603 9421
f 9603 9600 9602
f 9603 9602 9604
f 9420 8468 9601
f 8463 8468 8443
f 9601 9602 9420
f 9605 9601 8463
f 8463 9601 8468
f 9604 9602 9606
f 9601 9606 9602
f 9604 9424 9603
f 9608 9607 9424
f 9603 9424 9421
f 9425 9422 9424
f 9425 9424 9607
f 9607 9427 9425
f 9608 9427 9607
f 9604 9606 9609
f 9604 9609 9610
f 9604 9610 9424
f 9611 9427 9608
f 9608 9424 9610
f 9612 9608 9610
f 8444 8463 8443
f 9592 9605 8463
f 9594 9601 9605
f 9594 9606 9601
f 9606 9594 9597
f 9592 9594 9605
f 9606 9597 9609
f 9597 9614 9609
f 9614 9610 9609
f 9613 9608 9612
f 9613 9611 9608
f 9610 9614 9612
f 9615 9612 9614
f 9594 9595 9597
f 9599 9614 9597
f 9597 9598 9599
f 9615 9613 9612
f 9615 9614 9599
f 9599 9613 9615
f 9599 9616 9613
f 9599 9617 9616
f 9439 9438 9618
f 9438 9441 9618
f 9619 9618 9441
f 9426 9620 9440
f 9427 9620 9426
f 9427 9611 9620
f 9619 9441 9440
f 9440 9620 9621
f 9619 9440 9621
f 9619 9621 9622
f 9444 9442 9439
f 9623 9444 9439
f 9623 9439 9618
f 9624 9444 9623
f 9625 9445 9444
f 9625 9444 9624
f 9626 9625 9624
f 9629 9618 9619
f 9629 9623 9618
f 9626 9623 9629
f 9622 9630 9629
f 9619 9622 9629
f 9630 9626 9629
f 9624 9623 9626
f 9627 9625 9626
f 9627 9626 9631
f 9625 9448 9445
f 9611 9613 9632
f 9632 9620 9611
f 9632 9621 9620
f 9633 9621 9632
f 9634 9633 9632
f 9635 9622 9621
f 9633 9635 9621
f 9616 9632 9613
f 9634 9632 9616
f 9617 9636 9616
f 9636 9634 9616
f 9633 9638 9637
f 9633 9634 9639
f 9633 9639 9638
f 9637 9635 9633
f 9637 9630 9635
f 9635 9630 9622
f 9630 9640 9626
f 9626 9640 9631
f 9637 9638 9640
f 9640 9630 9637
f 9640 9638 9641
f 8466 8480 9643
f 9643 8480 9644
f 9593 8466 9643
f 9593 9643 9596
f 9646 9645 9643
f 9645 9596 9643
f 8482 9644 8480
f 9644 8482 9646
f 9647 9648 9646
f 9643 9644 9646
f 9645 9646 9648
f 9648 9649 9645
f 9598 9596 9649
f 9649 9596 9645
f 9649 9599 9598
f 9617 9599 9649
f 9636 9617 9649
f 9650 9636 9649
f 9647 9649 9648
f 9650 9649 9647
f 8483 9646 8482
f 8483 9647 9646
f 9652 9647 8483
f 9652 9653 9647
f 9652 8483 8493
f 9654 9655 9652
f 9653 9650 9647
f 9650 9653 9651
f 9656 9651 9653
f 9655 9653 9652
f 9653 9655 9656
f 9651 9639 9636
f 9636 9650 9651
f 9651 9656 9657
f 9658 9659 9656
f 9660 9658 9656
f 9661 9660 9656
f 9657 9656 9659
f 9658 9663 9659
f 9660 9663 9658
f 9639 9634 9636
f 9666 9638 9639
f 9638 9666 9642
f 9651 9666 9639
f 9651 9657 9666
f 9659 9638 9642
f 9666 9657 9642
f 9659 9642 9657
f 9659 9641 9638
f 9667 9641 9659
f 9625 9627 9628
f 9628 9627 9669
f 9669 9627 9631
f 9640 9669 9631
f 9628 9669 9518
f 9625 9517 9448
f 9517 9518 9516
f 9625 9628 9517
f 9517 9628 9518
f 9525 9514 9518
f 9672 9525 9518
f 9670 9518 9669
f 9670 9672 9518
f 9673 9522 9525
f 9525 9672 9674
f 9525 9674 9673
f 9673 9524 9522
f 9673 9526 9524
f 9526 9673 9527
f 9674 9672 9675
f 9672 9670 9675
f 9673 9674 9675
f 9675 9676 9673
f 9641 9669 9640
f 9641 9678 9669
f 9669 9678 9671
f 9679 9678 9641
f 9670 9669 9671
f 9671 9678 9680
f 9671 9675 9670
f 9671 9677 9675
f 9671 9680 9677
f 9500 9499 9528
f 9682 9500 9528
f 9682 9528 9539
f 9668 9500 9682
f 9668 9682 9683
f 9683 9682 9539
f 9683 9539 9684
f 9685 9521 9527
f 9685 9541 9521
f 9541 9685 9544
f 9685 9527 9544
f 9544 9527 9686
f 9676 9527 9673
f 9676 9686 9527
f 9677 9676 9675
f 9688 9676 9677
f 9689 9544 9686
f 9686 9676 9689
f 9688 9689 9676
f 9689 9688 9690
f 9548 9550 9545
f 9691 9548 9549
f 9691 9549 9552
f 9687 9542 9544
f 9542 9687 9551
f 9551 9692 9552
f 9689 9687 9544
f 9693 9692 9687
f 9694 9552 9692
f 9539 9550 9684
f 9548 9684 9550
f 9695 9691 9552
f 9548 9691 9684
f 9552 9694 9695
f 9692 9551 9687
f 9684 9697 9683
f 9677 9680 9688
f 9699 9688 9680
f 9678 9699 9680
f 9689 9690 9699
f 9699 9690 9688
f 9681 9699 9678
f 9696 9699 9681
f 9700 9701 9696
f 9687 9689 9699
f 9693 9694 9692
f 9696 9687 9699
f 9701 9687 9696
f 9693 9687 9701
f 9697 9684 9691
f 9703 9695 9694
f 9695 9697 9691
f 9698 9697 9695
f 9704 9694 9693
f 9704 9693 9701
f 9701 9702 9704
f 9703 9698 9695
f 9703 9705 9698
f 9706 9579 9707
f 9707 9579 9581
f 9663 9660 9665
f 9664 9710 9711
f 9664 9711 9712
f 9713 9714 9711
f 9711 9714 9712
f 9715 9713 9716
f 9714 9713 9715
f 9707 9581 9708
f 9708 9581 9589
f 9589 9587 9719
f 9719 9587 9588
f 9708 9589 9719
f 9721 9719 9588
f 9708 9719 9720
f 9590 9583 9722
f 9583 9585 9722
f 9721 9720 9719
f 9723 9722 9585
f 9722 9723 9724
f 9590 9721 9588
f 9590 9722 9725
f 9590 9725 9721
f 9725 9722 9724
f 9667 9679 9641
f 9679 9667 9726
f 9681 9678 9679
f 9681 9679 9726
f 9726 9727 9681
f 9728 9727 9726
f 9728 9729 9727
f 9663 9667 9659
f 9730 9726 9667
f 9667 9663 9730
f 9665 9731 9663
f 9732 9730 9663
f 9731 9732 9663
f 9731 9709 9664
f 9731 9664 9712
f 9730 9728 9726
f 9734 9733 9728
f 9730 9734 9728
f 9730 9735 9734
f 9733 9729 9728
f 9732 9735 9730
f 9737 9735 9732
f 9737 9732 9731
f 9738 9712 9714
f 9738 9714 9715
f 9742 9738 9743
f 9735 9737 9741
f 9735 9744 9734
f 9741 9744 9735
f 9734 9744 9736
f 9740 9745 9741
f 9716 9743 9715
f 9738 9715 9743
f 9739 9741 9737
f 9716 9746 9743
f 9716 9717 9746
f 9741 9739 9740
f 9727 9696 9681
f 9696 9727 9700
f 9747 9701 9700
f 9729 9700 9727
f 9700 9729 9747
f 9749 9747 9729
f 9750 9748 9747
f 9747 9749 9750
f 9750 9749 9751
f 9750 9751 9752
f 9752 9753 9756
f 9756 9757 9752
f 9758 9755 9757
f 9756 9758 9757
f 9747 9748 9701
f 9702 9701 9748
f 9752 9702 9748
f 9704 9703 9694
f 9755 9703 9704
f 9705 9703 9755
f 9754 9705 9755
f 9748 9750 9752
f 9752 9704 9702
f 9757 9704 9752
f 9704 9757 9755
f 9729 9733 9749
f 9733 9734 9749
f 9734 9751 9749
f 9736 9751 9734
f 9759 9760 9744
f 9760 9736 9744
f 9746 9742 9743
f 9742 9746 9762
f 9763 9762 9746
f 9741 9745 9759
f 9746 9717 9763
f 9763 9717 9718
f 9764 9763 9718
f 9759 9745 9761
f 9745 9765 9761
f 9765 9762 9763
f 9763 9766 9765
f 9763 9764 9768
f 9769 9770 9721
f 9769 9721 9771
f 9769 9768 9764
f 9744 9741 9759
f 9760 9753 9736
f 9736 9753 9751
f 9751 9753 9752
f 9772 9753 9760
f 9759 9772 9760
f 9761 9767 9774
f 9759 9761 9774
f 9774 9775 9772
f 9759 9774 9772
f 9772 9756 9753
f 9758 9756 9772
f 9777 9758 9772
f 9772 9775 9777
f 9778 9780 9776
f 9779 9777 9775
f 9763 9768 9766
f 9782 9776 9766
f 9766 9768 9782
f 9771 9721 9725
f 9769 9771 9784
f 9769 9784 9768
f 9784 9782 9768
f 9771 9783 9784
f 9782 9784 9783
f 9771 9725 9785
f 9783 9771 9785
f 9783 9778 9782
f 9785 9725 9724
f 9773 9766 9776
f 9782 9778 9776
f 9780 9778 9781
f 9783 9781 9778
f 6469 9787 7431
f 9786 7431 9787
f 6469 9145 9146
f 9788 6469 9146
f 9787 6469 9788
f 9787 9788 9789
f 7434 7432 7431
f 9786 7434 7431
f 7434 9786 9790
f 9787 9789 9791
f 9146 9150 9788
f 9789 9788 9150
f 9789 9150 9792
f 9150 9147 9151
f 9792 9150 9151
f 9793 9789 9792
f 9789 9793 9791
f 9794 9793 9792
f 7434 9790 7441
f 7441 9790 9795
f 9786 9787 9791
f 9795 9790 9786
f 9786 9791 9795
f 7444 7441 9795
f 9797 9791 9793
f 9796 9791 9797
f 9795 9791 9796
f 9796 9798 9795
f 9799 9151 9040
f 9040 9041 9799
f 9799 9041 9383
f 9799 9383 9384
f 9792 9151 9799
f 9794 9792 9799
f 9794 9799 9800
f 9801 9794 9800
f 9800 9799 9384
f 9385 9384 9383
f 9385 9800 9384
f 9800 9385 9801
f 9801 9385 9390
f 9793 9794 9801
f 9797 9793 9801
f 9392 9797 9801
f 9392 9796 9797
f 9392 9801 9390
f 9392 9391 9393
f 9802 9796 9392
f 9802 9392 9396
f 7455 7444 9795
f 7455 7445 7444
f 9803 7455 9795
f 9803 9795 9798
f 9806 9805 9803
f 7454 7455 7456
f 9807 7456 7455
f 7455 9805 9807
f 7456 9807 9808
f 9805 7455 9803
f 9804 9798 9796
f 9806 9798 9804
f 9803 9798 9806
f 9804 9796 9802
f 9802 9396 9493
f 9804 9802 9810
f 9806 9804 9809
f 9807 9805 9806
f 9807 9806 9811
f 9810 9809 9804
f 9810 9806 9809
f 9806 9810 9812
f 9496 9802 9493
f 9810 9802 9496
f 9814 9810 9813
f 9813 9810 9496
f 7458 7456 9808
f 7460 7458 7520
f 9815 7458 9808
f 7520 7458 9815
f 9808 9807 9817
f 7520 9815 9818
f 9816 7520 9818
f 9816 9818 9819
f 9816 9819 9820
f 9815 9808 9817
f 9818 9815 9817
f 9821 9819 9818
f 7363 7499 9570
f 9570 7499 7503
f 9823 7503 7502
f 7503 9823 9824
f 7523 9825 7504
f 9825 7523 9826
f 9826 7523 9827
f 9823 9825 9826
f 9827 9829 9826
f 9827 9828 9830
f 9824 9823 9831
f 9832 9823 9829
f 9823 9826 9829
f 9824 9822 7503
f 9828 9816 9833
f 9830 9828 9833
f 9833 9816 9820
f 9833 9834 9830
f 9832 9835 9836
f 9830 9829 9827
f 9835 9829 9838
f 9830 9838 9829
f 9832 9829 9835
f 9838 9830 9834
f 9819 9839 9820
f 9839 9819 9821
f 9838 9834 9840
f 9833 9841 9834
f 9840 9834 9841
f 9831 9837 9824
f 9837 9842 9824
f 9824 9842 9843
f 9844 9842 9836
f 9822 9824 9584
f 9835 9838 9845
f 9845 9838 9840
f 9836 9835 9844
f 9845 9844 9835
f 7522 7519 9846
f 9816 7519 7520
f 9816 9846 7519
f 7522 9827 7521
f 7523 7521 9827
f 7522 9828 9827
f 9846 9828 7522
f 9828 9846 9816
f 9811 9847 9807
f 9817 9807 9847
f 9818 9817 9848
f 9821 9818 9848
f 9849 9817 9847
f 9848 9817 9849
f 9806 9812 9811
f 9812 9810 9814
f 9848 9850 9821
f 9839 9821 9850
f 9850 9851 9839
f 9852 9820 9839
f 9852 9839 9851
f 9833 9820 9852
f 9841 9833 9852
f 9841 9852 9851
f 9853 9848 9849
f 9853 9850 9848
f 9850 9854 9851
f 9855 9850 9853
f 9850 9856 9854
f 9856 9850 9855
f 9854 9857 9851
f 9841 9851 9857
f 9824 9843 9859
f 9858 9824 9859
f 9844 9845 9862
f 9844 9862 9861
f 9860 9858 9859
f 9840 9863 9845
f 9841 9863 9840
f 9858 9860 9864
f 9862 9864 9861
f 9863 9841 9866
f 9866 9841 9857
f 9865 9863 9866
f 9863 9862 9845
f 9862 9863 9865
f 9847 9867 9849
f 9867 9847 9868
f 9855 9867 9869
f 9869 9870 9855
f 9853 9849 9867
f 9855 9853 9867
f 9857 9854 9871
f 9866 9857 9871
f 9866 9872 9865
f 9862 9865 9873
f 9872 9866 9871
f 9872 9871 9874
f 9865 9872 9873
f 9856 9875 9854
f 9871 9854 9875
f 9856 9855 9875
f 9875 9855 9870
f 9571 9570 7503
f 9570 9568 7363
f 9822 9571 7503
f 9584 9858 9876
f 9876 9877 9584
f 9822 9582 9571
f 9582 9822 9584
f 9824 9858 9584
f 9877 9876 9879
f 9877 9879 9881
f 9882 9879 9880
f 9883 9882 9880
f 9584 9877 9582
f 9582 9877 9585
f 9881 9884 9877
f 9873 9880 9862
f 9864 9862 9880
f 9878 9864 9880
f 9879 9878 9880
f 9873 9872 9885
f 9885 9880 9873
f 9880 9885 9886
f 9886 9885 9887
f 9872 9887 9885
f 9887 9872 9874
f 9888 9813 9496
f 9889 9814 9813
f 9888 9496 9499
f 9888 9499 9500
f 9889 9813 9888
f 9889 9888 9891
f 9892 9500 9668
f 9892 9888 9500
f 9888 9892 9891
f 9812 9893 9811
f 9847 9811 9868
f 9893 9868 9811
f 9894 9867 9868
f 9893 9812 9814
f 9893 9814 9889
f 9893 9889 9890
f 9893 9895 9868
f 9894 9869 9867
f 9895 9894 9868
f 9870 9869 9897
f 9898 9871 9875
f 9898 9874 9871
f 9870 9896 9875
f 9890 9889 9891
f 9899 9891 9892
f 9890 9891 9899
f 9900 9869 9894
f 9897 9869 9900
f 9893 9890 9901
f 9895 9893 9901
f 9901 9890 9899
f 9902 9895 9901
f 9894 9895 9902
f 9892 9668 9683
f 9904 9892 9683
f 9903 9892 9904
f 9899 9892 9903
f 9901 9899 9905
f 9905 9899 9903
f 9683 9697 9904
f 9904 9906 9903
f 9905 9903 9906
f 9697 9698 9904
f 9897 9896 9870
f 9896 9897 9908
f 9907 9896 9908
f 9912 9883 9880
f 9910 9883 9911
f 9884 9585 9877
f 9884 9909 9585
f 9585 9909 9914
f 9915 9911 9883
f 9912 9915 9883
f 9913 9917 9912
f 9917 9915 9912
f 9916 9917 9913
f 9887 9919 9886
f 9918 9874 9898
f 9887 9874 9918
f 9919 9887 9918
f 9880 9886 9912
f 9912 9886 9919
f 9912 9919 9913
f 9898 9875 9896
f 9898 9896 9907
f 9919 9918 9920
f 9913 9919 9920
f 9918 9898 9921
f 9921 9898 9907
f 9920 9918 9921
f 9920 9916 9913
f 9921 9907 9922
f 9897 9924 9908
f 9922 9907 9908
f 9922 9923 9921
f 9900 9894 9902
f 9924 9897 9900
f 9925 9908 9924
f 9922 9908 9925
f 9925 9924 9926
f 9916 9920 9923
f 9923 9927 9916
f 9915 9914 9909
f 9923 9922 9928
f 9928 9922 9925
f 9927 9923 9928
f 9917 9916 9927
f 9915 9917 9929
f 9929 9917 9927
f 9927 9930 9929
f 9931 9927 9928
f 9920 9921 9923
f 9723 9585 9914
f 9914 9932 9723
f 9932 9934 9723
f 9933 9915 9929
f 9929 9935 9933
f 9929 9936 9935
f 9900 9902 9937
f 9901 9905 9937
f 9902 9901 9937
f 9924 9900 9926
f 9937 9926 9900
f 9937 9905 9906
f 9938 9906 9904
f 9938 9904 9698
f 9938 9698 9705
f 9937 9906 9938
f 9754 9938 9705
f 9926 9939 9925
f 9930 9927 9931
f 9925 9931 9928
f 9925 9939 9931
f 9941 9926 9937
f 9941 9939 9926
f 9942 9941 9937
f 9942 9937 9938
f 9938 9754 9942
f 9940 9939 9941
f 9942 9940 9941
f 9754 9943 9942
f 9944 9754 9755
f 9944 9755 9758
f 9944 9943 9754
f 9940 9931 9939
f 9724 9723 9934
f 9945 9934 9932
f 9934 9785 9724
f 9934 9945 9946
f 9936 9929 9930
f 9936 9930 9948
f 9948 9946 9936
f 9948 9930 9931
f 9948 9947 9946
f 9943 9940 9942
f 9949 9947 9943
f 9758 9777 9950
f 9950 9944 9758
f 9949 9943 9944
f 9781 9951 9780
f 9934 9946 9949
f 9934 9949 9952
f 9952 9785 9934
f 9952 9781 9785
f 9949 9781 9952
f 9951 9781 9949
f 9944 9950 9949
f 9948 9931 9947
f 9947 9931 9940
f 9947 9940 9943
f 9783 9785 9781
f 9401 9320 9321
f 9372 9320 9401
f 9372 9401 9953
f 9372 9953 9371
f 9953 9377 9371
f 9374 9373 9954
f 9373 9377 9955
f 9953 9476 9377
f 9401 9470 9472
f 9401 9472 9953
f 9377 9476 9956
f 9472 9476 9953
f 9509 9476 9475
f 9483 9378 9381
f 9957 9380 9382
f 9957 9381 9380
f 9959 9382 9958
f 9959 9957 9382
f 9121 9378 9483
f 9954 9376 9374
f 9958 9382 9954
f 9954 9382 9376
f 9955 9958 9954
f 9484 9483 9381
f 9960 9381 9959
f 9959 9381 9957
f 9955 9954 9373
f 9956 9955 9377
f 9961 9958 9955
f 9962 9958 9961
f 9956 9961 9955
f 9488 9381 9960
f 9962 9959 9958
f 9962 9960 9959
f 9491 9960 9962
f 9491 9488 9960
f 9962 9963 9491
f 9530 9962 9961
f 9531 9961 9956
f 9530 9963 9962
f 9509 9956 9476
f 9509 9531 9956
f 9531 9530 9961
f 9532 9530 9531
f 9529 9491 9963
f 9963 9530 9529
f 8495 5036 7525
f 9964 7525 7526
f 7525 9964 8495
f 7528 7529 7524
f 7529 9965 7524
f 7524 9965 7527
f 8496 8495 9964
f 8498 8496 9964
f 8498 9964 7526
f 8498 7526 9966
f 9966 7526 7527
f 9967 9965 7529
f 9965 9967 7527
f 9968 7529 7530
f 7323 7330 7530
f 7330 9968 7530
f 9970 9966 7527
f 9970 7527 9967
f 9971 9967 7529
f 7529 9968 9971
f 8506 8498 9966
f 9972 9970 9967
f 9966 9970 8506
f 9971 9968 9973
f 9972 9967 9971
f 9974 9973 9968
f 9975 9972 9971
f 9968 7330 9969
f 9974 9968 9969
f 9969 7330 9553
f 8506 9970 8528
f 8528 9970 9972
f 8506 8528 8516
f 9972 9976 8528
f 9976 9972 9975
f 9975 9971 9973
f 9553 9974 9969
f 9974 9553 9977
f 9978 9977 9979
f 9975 8534 9976
f 8528 9976 8529
f 8534 9975 9973
f 8534 8529 9976
f 8534 9973 9980
f 9977 9973 9974
f 8540 8529 8534
f 8540 8534 9980
f 9977 9980 9973
f 9978 9980 9977
f 9557 9977 9553
f 9555 9557 9553
f 9558 9557 9555
f 9982 9977 9557
f 9982 9979 9977
f 9558 9982 9557
f 9983 9652 8493
f 9983 8493 8548
f 9983 8548 9984
f 8553 9984 8548
f 9985 9984 8553
f 8555 9985 8553
f 9986 9985 8555
f 9986 9987 9985
f 9988 9985 9987
f 8564 9989 9987
f 9990 9989 8564
f 9989 9988 9987
f 9991 9979 9992
f 9989 9994 9993
f 9990 9994 9989
f 9996 9995 9994
f 9994 9990 9996
f 9996 9990 9997
f 9983 9654 9652
f 9983 9984 9654
f 9999 9654 9984
f 10000 9999 9984
f 9999 9655 9654
f 10000 9661 9999
f 10000 9984 9985
f 10000 9985 9988
f 10000 9993 9994
f 10000 9994 10001
f 9995 10002 9994
f 10001 9994 10002
f 8564 9987 8562
f 8562 8561 8564
f 8566 10003 8564
f 10004 10003 8566
f 8540 9980 9981
f 8566 8567 10005
f 10005 8567 9981
f 9978 9981 9980
f 10004 8566 10005
f 10004 10005 10006
f 9981 10006 10005
f 9981 9978 10007
f 10004 10006 10007
f 10006 9981 10007
f 10007 10008 10004
f 8563 9986 8555
f 9986 8562 9987
f 10009 9990 10003
f 9990 8564 10003
f 10004 10009 10003
f 10009 10004 10008
f 8540 9981 8542
f 8567 8542 9981
f 9978 9979 9991
f 10007 9978 9992
f 10008 10007 9992
f 9978 9991 9992
f 10008 10010 10009
f 9990 10009 9997
f 9997 10009 10011
f 10008 9992 10010
f 10010 10011 10009
f 10011 10010 9992
f 9992 10012 10011
f 9997 10011 9998
f 9998 10011 10012
f 9992 9979 10012
f 10012 9979 10013
f 9997 10014 9996
f 10012 10015 9998
f 9997 9998 10014
f 10013 10015 10012
f 10014 9998 10015
f 9982 10016 9979
f 10013 9979 10016
f 10015 10017 10014
f 10013 10017 10015
f 10013 10018 10017
f 10016 10018 10013
f 10016 9982 10019
f 9999 9656 9655
f 9661 9656 9999
f 9661 10001 10020
f 10002 10020 10001
f 10020 10002 9995
f 9995 10022 10020
f 10022 9995 10023
f 10022 10024 10020
f 9996 10025 9995
f 10014 10025 9996
f 10025 10023 9995
f 10014 10023 10025
f 10017 10026 10014
f 10023 10014 10026
f 10022 10023 10027
f 10031 10027 10030
f 10029 10027 10031
f 10029 10031 10032
f 10021 9660 9661
f 10034 9662 10024
f 9660 10021 10033
f 10022 10034 10024
f 10027 10035 10022
f 10035 10034 10022
f 10032 10035 10029
f 10035 9710 10034
f 10035 9711 9710
f 10034 9660 9662
f 10034 9664 9660
f 9664 10034 9710
f 10029 10035 10027
f 10026 10017 10018
f 10018 10036 10026
f 10036 10018 10030
f 10036 10030 10026
f 10023 10026 10027
f 10027 10026 10030
f 10030 10018 10028
f 10028 10018 10016
f 10030 10028 10031
f 9558 9578 9982
f 10019 9982 9578
f 10019 9578 9576
f 9706 9576 9579
f 10019 10028 10016
f 10028 10019 10037
f 10031 10028 10037
f 10031 10038 10032
f 10038 10031 10037
f 10037 10019 10039
f 10040 10037 10039
f 10038 10037 10040
f 10039 9576 9706
f 9576 10039 10019
f 10040 10039 10041
f 9711 10035 10032
f 9711 10032 10042
f 10032 10038 10042
f 10043 9713 10042
f 10038 10043 10042
f 10044 10043 10038
f 9711 10042 9713
f 10040 10044 10038
f 10041 10044 10040
f 10039 9706 10045
f 9707 10045 9706
f 10045 9707 9708
f 10046 10045 9708
f 10047 10048 10043
f 10043 10044 10047
f 10049 10039 10045
f 10049 10047 10041
f 10043 9716 9713
f 9716 10043 9717
f 9717 10043 10048
f 10041 10047 10044
f 10039 10049 10041
f 10049 10045 10046
f 9717 10048 9718
f 10048 10047 10049
f 10049 10046 10050
f 9718 10048 10049
f 10046 9708 9720
f 9718 10049 10050
f 10050 10046 9720
f 10050 9720 9770
f 9770 9720 9721
f 10050 9764 9718
f 9764 10050 9770
f 9769 9764 9770
f 10051 9156 9155
f 9164 9158 9156
f 9168 9158 9164
f 8257 9159 8249
f 9159 8257 8261
f 9160 9159 8261
f 9161 10051 9155
f 9159 9160 9155
f 9161 9155 9160
f 10051 9164 9156
f 10051 9161 9164
f 9158 9183 9181
f 9183 9158 10052
f 9168 10052 9158
f 10053 10052 9168
f 9183 9185 9182
f 10052 9185 9183
f 10053 9185 10052
f 9185 10053 9188
f 9174 9188 10053
f 10053 9168 9169
f 10053 9169 9174

